# Blender 4.5.0
# www.blender.org
mtllib assets1.mtl
o Cube.010
v -12.000000 -0.600000 -14.300000
v -12.000000 -0.600000 -10.300000
v -12.000000 4.358397 -13.712665
v -12.000000 4.400000 -13.450000
v -12.000000 4.237664 -13.949617
v -12.000000 4.049617 -14.137665
v -12.000000 3.812664 -14.258398
v -12.000000 3.550000 -14.300000
v -12.000000 4.400000 -11.150001
v -12.000000 4.358397 -10.887336
v -12.000000 4.237664 -10.650383
v -12.000000 4.049617 -10.462336
v -12.000000 3.812664 -10.341602
v -12.000000 3.550000 -10.300000
v 12.000000 -0.600000 -10.300000
v 12.000000 -0.600000 -14.300000
v 12.000000 4.400000 -13.450000
v 12.000000 4.358397 -13.712665
v 12.000000 4.237664 -13.949617
v 12.000000 4.049617 -14.137665
v 12.000000 3.812664 -14.258398
v 12.000000 3.550000 -14.300000
v 12.000000 4.358397 -10.887336
v 12.000000 4.400000 -11.150001
v 12.000000 4.237664 -10.650383
v 12.000000 4.049617 -10.462336
v 12.000000 3.812664 -10.341602
v 12.000000 3.550000 -10.300000
v -8.281818 -0.000000 -10.300000
v -8.281818 3.300000 -10.300000
v -9.900000 3.300000 -10.300000
v -9.900000 -0.000000 -10.300000
v 9.900000 -0.000000 -10.300000
v 9.900000 3.300000 -10.300000
v 8.281818 3.300000 -10.300000
v 8.281818 -0.000000 -10.300000
v -8.281818 -0.000000 -13.800000
v -9.900000 -0.000000 -13.800000
v -8.281818 3.300000 -13.800000
v -9.900000 3.300000 -13.800000
v 9.900000 3.300000 -13.800000
v 9.900000 -0.000000 -13.800000
v 8.281818 -0.000000 -13.800000
v 8.281818 3.300000 -13.800000
v 12.000000 0.000000 -13.000003
v 12.000000 3.300000 -13.000003
v 12.000000 3.300000 -11.600123
v 12.000000 0.000000 -11.600123
v 12.550000 3.300000 -13.000003
v 12.550000 0.000000 -13.000003
v 12.550000 0.000000 -11.600123
v 12.550000 3.300000 -11.600123
v -6.763636 1.416667 -10.300000
v -7.013636 1.166667 -10.300000
v -6.775872 1.339412 -10.300000
v -6.811382 1.269720 -10.300000
v -6.866690 1.214412 -10.300000
v -6.936382 1.178902 -10.300000
v -7.013637 2.133333 -10.300000
v -6.763637 1.883333 -10.300000
v -6.936382 2.121098 -10.300000
v -6.866690 2.085588 -10.300000
v -6.811382 2.030280 -10.300000
v -6.775872 1.960587 -10.300000
v -7.881818 1.883333 -10.300000
v -7.631818 2.133333 -10.300000
v -7.869582 1.960587 -10.300000
v -7.834072 2.030280 -10.300000
v -7.778764 2.085588 -10.300000
v -7.709072 2.121098 -10.300000
v -7.631818 1.166667 -10.300000
v -7.881818 1.416667 -10.300000
v -7.709072 1.178902 -10.300000
v -7.778764 1.214412 -10.300000
v -7.834072 1.269720 -10.300000
v -7.869582 1.339412 -10.300000
v -4.945454 1.416667 -10.300000
v -5.195454 1.166667 -10.300000
v -4.957690 1.339412 -10.300000
v -4.993200 1.269720 -10.300000
v -5.048508 1.214412 -10.300000
v -5.118200 1.178902 -10.300000
v -5.195455 2.133333 -10.300000
v -4.945455 1.883333 -10.300000
v -5.118200 2.121098 -10.300000
v -5.048508 2.085588 -10.300000
v -4.993200 2.030280 -10.300000
v -4.957690 1.960587 -10.300000
v -6.063637 1.883333 -10.300000
v -5.813637 2.133333 -10.300000
v -6.051401 1.960587 -10.300000
v -6.015891 2.030280 -10.300000
v -5.960583 2.085588 -10.300000
v -5.890891 2.121098 -10.300000
v -5.813636 1.166667 -10.300000
v -6.063636 1.416667 -10.300000
v -5.890891 1.178902 -10.300000
v -5.960583 1.214412 -10.300000
v -6.015891 1.269720 -10.300000
v -6.051401 1.339412 -10.300000
v -3.127273 1.416667 -10.300000
v -3.377273 1.166667 -10.300000
v -3.139508 1.339412 -10.300000
v -3.175018 1.269720 -10.300000
v -3.230326 1.214412 -10.300000
v -3.300018 1.178902 -10.300000
v -3.377273 2.133333 -10.300000
v -3.127273 1.883333 -10.300000
v -3.300018 2.121098 -10.300000
v -3.230326 2.085588 -10.300000
v -3.175018 2.030280 -10.300000
v -3.139508 1.960587 -10.300000
v -4.245455 1.883333 -10.300000
v -3.995455 2.133333 -10.300000
v -4.233219 1.960587 -10.300000
v -4.197709 2.030280 -10.300000
v -4.142401 2.085588 -10.300000
v -4.072709 2.121098 -10.300000
v -3.995454 1.166667 -10.300000
v -4.245454 1.416667 -10.300000
v -4.072709 1.178902 -10.300000
v -4.142401 1.214412 -10.300000
v -4.197709 1.269720 -10.300000
v -4.233219 1.339412 -10.300000
v -1.309091 1.416667 -10.300000
v -1.559091 1.166667 -10.300000
v -1.321327 1.339412 -10.300000
v -1.356837 1.269720 -10.300000
v -1.412144 1.214412 -10.300000
v -1.481836 1.178902 -10.300000
v -1.559091 2.133333 -10.300000
v -1.309091 1.883333 -10.300000
v -1.059091 2.333333 -10.300000
v -1.481837 2.121098 -10.300000
v -1.412145 2.085588 -10.300000
v -1.356837 2.030280 -10.300000
v -1.321327 1.960587 -10.300000
v -2.427273 1.883333 -10.300000
v -2.177273 2.133333 -10.300000
v -2.415037 1.960587 -10.300000
v -2.379527 2.030280 -10.300000
v -2.324219 2.085588 -10.300000
v -2.254527 2.121098 -10.300000
v -2.177273 1.166667 -10.300000
v -2.427273 1.416667 -10.300000
v -2.254527 1.178902 -10.300000
v -2.324219 1.214412 -10.300000
v -2.379527 1.269720 -10.300000
v -2.415037 1.339412 -10.300000
v 0.509091 1.416667 -10.300000
v 0.259091 1.166667 -10.300000
v 0.496855 1.339412 -10.300000
v 0.461345 1.269720 -10.300000
v 0.406037 1.214412 -10.300000
v 0.336345 1.178902 -10.300000
v 0.259091 2.133333 -10.300000
v 0.509091 1.883333 -10.300000
v 0.336345 2.121098 -10.300000
v 0.406037 2.085588 -10.300000
v 0.461345 2.030280 -10.300000
v 0.496855 1.960587 -10.300000
v -0.609091 1.883333 -10.300000
v -0.359091 2.133333 -10.300000
v -0.596855 1.960587 -10.300000
v -0.561345 2.030280 -10.300000
v -0.506037 2.085588 -10.300000
v -0.436345 2.121098 -10.300000
v -0.359091 1.166667 -10.300000
v -0.609091 1.416667 -10.300000
v -0.436345 1.178902 -10.300000
v -0.506037 1.214412 -10.300000
v -0.561345 1.269720 -10.300000
v -0.596855 1.339412 -10.300000
v 2.327273 1.416667 -10.300000
v 2.077273 1.166667 -10.300000
v 2.577273 1.366667 -10.300000
v 2.315037 1.339412 -10.300000
v 2.279527 1.269720 -10.300000
v 2.224219 1.214412 -10.300000
v 2.154527 1.178902 -10.300000
v 2.077273 2.133333 -10.300000
v 2.327273 1.883333 -10.300000
v 2.154527 2.121098 -10.300000
v 2.224219 2.085588 -10.300000
v 2.279527 2.030280 -10.300000
v 2.315037 1.960587 -10.300000
v 1.209091 1.883333 -10.300000
v 1.459091 2.133333 -10.300000
v 0.959091 2.333333 -10.300000
v 1.221327 1.960587 -10.300000
v 1.256837 2.030280 -10.300000
v 1.312145 2.085588 -10.300000
v 1.381837 2.121098 -10.300000
v 1.459091 1.166667 -10.300000
v 1.209091 1.416667 -10.300000
v 1.381837 1.178902 -10.300000
v 1.312145 1.214412 -10.300000
v 1.256837 1.269720 -10.300000
v 1.221327 1.339412 -10.300000
v 4.145455 1.416667 -10.300000
v 3.895455 1.166667 -10.300000
v 4.133219 1.339412 -10.300000
v 4.097709 1.269720 -10.300000
v 4.042401 1.214412 -10.300000
v 3.972709 1.178902 -10.300000
v 3.895454 2.133333 -10.300000
v 4.145454 1.883333 -10.300000
v 3.972709 2.121098 -10.300000
v 4.042401 2.085588 -10.300000
v 4.097709 2.030280 -10.300000
v 4.133219 1.960587 -10.300000
v 3.027272 1.883333 -10.300000
v 3.277272 2.133333 -10.300000
v 3.039508 1.960587 -10.300000
v 3.075018 2.030280 -10.300000
v 3.130326 2.085588 -10.300000
v 3.200018 2.121098 -10.300000
v 3.277273 1.166667 -10.300000
v 3.027273 1.416667 -10.300000
v 3.200018 1.178902 -10.300000
v 3.130326 1.214412 -10.300000
v 3.075018 1.269720 -10.300000
v 3.039509 1.339412 -10.300000
v 5.963637 1.416667 -10.300000
v 5.713637 1.166667 -10.300000
v 5.951401 1.339412 -10.300000
v 5.915891 1.269720 -10.300000
v 5.860583 1.214412 -10.300000
v 5.790891 1.178902 -10.300000
v 5.713636 2.133333 -10.300000
v 5.963636 1.883333 -10.300000
v 6.213636 2.333333 -10.300000
v 5.790891 2.121098 -10.300000
v 5.860583 2.085588 -10.300000
v 5.915891 2.030280 -10.300000
v 5.951401 1.960587 -10.300000
v 4.845454 1.883333 -10.300000
v 5.095454 2.133333 -10.300000
v 4.857690 1.960587 -10.300000
v 4.893200 2.030280 -10.300000
v 4.948508 2.085588 -10.300000
v 5.018200 2.121098 -10.300000
v 5.095455 1.166667 -10.300000
v 4.845455 1.416667 -10.300000
v 5.018200 1.178902 -10.300000
v 4.948508 1.214412 -10.300000
v 4.893200 1.269720 -10.300000
v 4.857690 1.339412 -10.300000
v 7.781817 1.416667 -10.300000
v 7.531817 1.166667 -10.300000
v 7.769582 1.339412 -10.300000
v 7.734072 1.269720 -10.300000
v 7.678764 1.214412 -10.300000
v 7.609072 1.178902 -10.300000
v 7.531817 2.133333 -10.300000
v 7.781817 1.883333 -10.300000
v 7.609072 2.121098 -10.300000
v 7.678764 2.085588 -10.300000
v 7.734072 2.030280 -10.300000
v 7.769582 1.960587 -10.300000
v 6.663636 1.883333 -10.300000
v 6.913636 2.133333 -10.300000
v 6.675872 1.960587 -10.300000
v 6.711382 2.030280 -10.300000
v 6.766690 2.085588 -10.300000
v 6.836382 2.121098 -10.300000
v 6.913637 1.166667 -10.300000
v 6.663637 1.416667 -10.300000
v 6.836382 1.178902 -10.300000
v 6.766690 1.214412 -10.300000
v 6.711382 1.269720 -10.300000
v 6.675872 1.339412 -10.300000
v 10.300000 1.883333 -10.300000
v 10.550000 2.133333 -10.300000
v 10.312236 1.960587 -10.300000
v 10.347746 2.030280 -10.300000
v 10.403054 2.085588 -10.300000
v 10.472746 2.121098 -10.300000
v 10.550000 1.166667 -10.300000
v 10.300000 1.416667 -10.300000
v 10.472746 1.178902 -10.300000
v 10.403054 1.214412 -10.300000
v 10.347746 1.269720 -10.300000
v 10.312236 1.339412 -10.300000
v 11.599999 1.416667 -10.300000
v 11.349999 1.166667 -10.300000
v 11.587764 1.339412 -10.300000
v 11.552254 1.269720 -10.300000
v 11.496945 1.214412 -10.300000
v 11.427254 1.178902 -10.300000
v 11.349999 2.133333 -10.300000
v 11.599999 1.883333 -10.300000
v 11.427254 2.121098 -10.300000
v 11.496945 2.085588 -10.300000
v 11.552254 2.030280 -10.300000
v 11.587764 1.960587 -10.300000
v -10.400001 1.416667 -10.300000
v -10.650001 1.166667 -10.300000
v -10.412236 1.339412 -10.300000
v -10.447746 1.269720 -10.300000
v -10.503055 1.214412 -10.300000
v -10.572746 1.178903 -10.300000
v -10.650001 2.133334 -10.300000
v -10.400001 1.883333 -10.300000
v -10.572746 2.121098 -10.300000
v -10.503055 2.085588 -10.300000
v -10.447746 2.030280 -10.300000
v -10.412236 1.960588 -10.300000
v -11.700000 1.883333 -10.300000
v -11.450000 2.133334 -10.300000
v -11.687764 1.960588 -10.300000
v -11.652254 2.030280 -10.300000
v -11.596946 2.085588 -10.300000
v -11.527254 2.121098 -10.300000
v -11.450000 1.166667 -10.300000
v -11.700000 1.416667 -10.300000
v -11.527254 1.178903 -10.300000
v -11.596946 1.214412 -10.300000
v -11.652254 1.269720 -10.300000
v -11.687764 1.339412 -10.300000
v -6.763637 1.883333 -10.400001
v -7.013637 2.133333 -10.400001
v -6.775872 1.960587 -10.400001
v -6.811382 2.030280 -10.400001
v -6.866690 2.085588 -10.400001
v -6.936382 2.121098 -10.400001
v -7.013636 1.166667 -10.400001
v -6.763636 1.416667 -10.400001
v -6.936382 1.178902 -10.400001
v -6.866690 1.214412 -10.400001
v -6.811382 1.269720 -10.400001
v -6.775872 1.339412 -10.400001
v -7.881818 1.416667 -10.400001
v -7.631818 1.166667 -10.400001
v -7.869582 1.339412 -10.400001
v -7.834072 1.269720 -10.400001
v -7.778764 1.214412 -10.400001
v -7.709072 1.178902 -10.400001
v -7.631818 2.133333 -10.400001
v -7.881818 1.883333 -10.400001
v -7.709072 2.121098 -10.400001
v -7.778764 2.085588 -10.400001
v -7.834072 2.030280 -10.400001
v -7.869582 1.960587 -10.400001
v -4.945455 1.883333 -10.400001
v -5.195455 2.133333 -10.400001
v -4.957690 1.960587 -10.400001
v -4.993200 2.030280 -10.400001
v -5.048508 2.085588 -10.400001
v -5.118200 2.121098 -10.400001
v -5.195454 1.166667 -10.400001
v -4.945454 1.416667 -10.400001
v -5.118200 1.178902 -10.400001
v -5.048508 1.214412 -10.400001
v -4.993200 1.269720 -10.400001
v -4.957690 1.339412 -10.400001
v -6.063636 1.416667 -10.400001
v -5.813636 1.166667 -10.400001
v -6.051401 1.339412 -10.400001
v -6.015891 1.269720 -10.400001
v -5.960583 1.214412 -10.400001
v -5.890891 1.178902 -10.400001
v -5.813637 2.133333 -10.400001
v -6.063637 1.883333 -10.400001
v -5.890891 2.121098 -10.400001
v -5.960583 2.085588 -10.400001
v -6.015891 2.030280 -10.400001
v -6.051401 1.960587 -10.400001
v -3.127273 1.883333 -10.400001
v -3.377273 2.133333 -10.400001
v -3.139508 1.960587 -10.400001
v -3.175018 2.030280 -10.400001
v -3.230326 2.085588 -10.400001
v -3.300018 2.121098 -10.400001
v -3.377273 1.166667 -10.400001
v -3.127273 1.416667 -10.400001
v -3.300018 1.178902 -10.400001
v -3.230326 1.214412 -10.400001
v -3.175018 1.269720 -10.400001
v -3.139508 1.339412 -10.400001
v -4.245454 1.416667 -10.400001
v -3.995454 1.166667 -10.400001
v -4.233219 1.339412 -10.400001
v -4.197709 1.269720 -10.400001
v -4.142401 1.214412 -10.400001
v -4.072709 1.178902 -10.400001
v -3.995455 2.133333 -10.400001
v -4.245455 1.883333 -10.400001
v -4.072709 2.121098 -10.400001
v -4.142401 2.085588 -10.400001
v -4.197709 2.030280 -10.400001
v -4.233219 1.960587 -10.400001
v -1.309091 1.883333 -10.400001
v -1.559091 2.133333 -10.400001
v -1.321327 1.960587 -10.400001
v -1.356837 2.030280 -10.400001
v -1.412145 2.085588 -10.400001
v -1.481837 2.121098 -10.400001
v -1.559091 1.166667 -10.400001
v -1.309091 1.416667 -10.400001
v -1.481836 1.178902 -10.400001
v -1.412144 1.214412 -10.400001
v -1.356837 1.269720 -10.400001
v -1.321327 1.339412 -10.400001
v -2.427273 1.416667 -10.400001
v -2.177273 1.166667 -10.400001
v -2.415037 1.339412 -10.400001
v -2.379527 1.269720 -10.400001
v -2.324219 1.214412 -10.400001
v -2.254527 1.178902 -10.400001
v -2.177273 2.133333 -10.400001
v -2.427273 1.883333 -10.400001
v -2.254527 2.121098 -10.400001
v -2.324219 2.085588 -10.400001
v -2.379527 2.030280 -10.400001
v -2.415037 1.960587 -10.400001
v 0.509091 1.883333 -10.400001
v 0.259091 2.133333 -10.400001
v 0.496855 1.960587 -10.400001
v 0.461345 2.030280 -10.400001
v 0.406037 2.085588 -10.400001
v 0.336345 2.121098 -10.400001
v 0.259091 1.166667 -10.400001
v 0.509091 1.416667 -10.400001
v 0.336345 1.178902 -10.400001
v 0.406037 1.214412 -10.400001
v 0.461345 1.269720 -10.400001
v 0.496855 1.339412 -10.400001
v -0.609091 1.416667 -10.400001
v -0.359091 1.166667 -10.400001
v -0.596855 1.339412 -10.400001
v -0.561345 1.269720 -10.400001
v -0.506037 1.214412 -10.400001
v -0.436345 1.178902 -10.400001
v -0.359091 2.133333 -10.400001
v -0.609091 1.883333 -10.400001
v -0.436345 2.121098 -10.400001
v -0.506037 2.085588 -10.400001
v -0.561345 2.030280 -10.400001
v -0.596855 1.960587 -10.400001
v 2.327273 1.883333 -10.400001
v 2.077273 2.133333 -10.400001
v 2.315037 1.960587 -10.400001
v 2.279527 2.030280 -10.400001
v 2.224219 2.085588 -10.400001
v 2.154527 2.121098 -10.400001
v 2.077273 1.166667 -10.400001
v 2.327273 1.416667 -10.400001
v 2.154527 1.178902 -10.400001
v 2.224219 1.214412 -10.400001
v 2.279527 1.269720 -10.400001
v 2.315037 1.339412 -10.400001
v 1.209091 1.416667 -10.400001
v 1.459091 1.166667 -10.400001
v 1.221327 1.339412 -10.400001
v 1.256837 1.269720 -10.400001
v 1.312145 1.214412 -10.400001
v 1.381837 1.178902 -10.400001
v 1.459091 2.133333 -10.400001
v 1.209091 1.883333 -10.400001
v 1.381837 2.121098 -10.400001
v 1.312145 2.085588 -10.400001
v 1.256837 2.030280 -10.400001
v 1.221327 1.960587 -10.400001
v 4.145454 1.883333 -10.400001
v 3.895454 2.133333 -10.400001
v 4.133219 1.960587 -10.400001
v 4.097709 2.030280 -10.400001
v 4.042401 2.085588 -10.400001
v 3.972709 2.121098 -10.400001
v 3.895455 1.166667 -10.400001
v 4.145455 1.416667 -10.400001
v 3.972709 1.178902 -10.400001
v 4.042401 1.214412 -10.400001
v 4.097709 1.269720 -10.400001
v 4.133219 1.339412 -10.400001
v 3.027273 1.416667 -10.400001
v 3.277273 1.166667 -10.400001
v 3.039509 1.339412 -10.400001
v 3.075018 1.269720 -10.400001
v 3.130326 1.214412 -10.400001
v 3.200018 1.178902 -10.400001
v 3.277272 2.133333 -10.400001
v 3.027272 1.883333 -10.400001
v 3.200018 2.121098 -10.400001
v 3.130326 2.085588 -10.400001
v 3.075018 2.030280 -10.400001
v 3.039508 1.960587 -10.400001
v 5.963636 1.883333 -10.400001
v 5.713636 2.133333 -10.400001
v 5.951401 1.960587 -10.400001
v 5.915891 2.030280 -10.400001
v 5.860583 2.085588 -10.400001
v 5.790891 2.121098 -10.400001
v 5.713637 1.166667 -10.400001
v 5.963637 1.416667 -10.400001
v 5.790891 1.178902 -10.400001
v 5.860583 1.214412 -10.400001
v 5.915891 1.269720 -10.400001
v 5.951401 1.339412 -10.400001
v 4.845455 1.416667 -10.400001
v 5.095455 1.166667 -10.400001
v 4.857690 1.339412 -10.400001
v 4.893200 1.269720 -10.400001
v 4.948508 1.214412 -10.400001
v 5.018200 1.178902 -10.400001
v 5.095454 2.133333 -10.400001
v 4.845454 1.883333 -10.400001
v 5.018200 2.121098 -10.400001
v 4.948508 2.085588 -10.400001
v 4.893200 2.030280 -10.400001
v 4.857690 1.960587 -10.400001
v 7.781817 1.883333 -10.400001
v 7.531817 2.133333 -10.400001
v 7.769582 1.960587 -10.400001
v 7.734072 2.030280 -10.400001
v 7.678764 2.085588 -10.400001
v 7.609072 2.121098 -10.400001
v 7.531817 1.166667 -10.400001
v 7.781817 1.416667 -10.400001
v 7.609072 1.178902 -10.400001
v 7.678764 1.214412 -10.400001
v 7.734072 1.269720 -10.400001
v 7.769582 1.339412 -10.400001
v 6.663637 1.416667 -10.400001
v 6.913637 1.166667 -10.400001
v 6.675872 1.339412 -10.400001
v 6.711382 1.269720 -10.400001
v 6.766690 1.214412 -10.400001
v 6.836382 1.178902 -10.400001
v 6.913636 2.133333 -10.400001
v 6.663636 1.883333 -10.400001
v 6.836382 2.121098 -10.400001
v 6.766690 2.085588 -10.400001
v 6.711382 2.030280 -10.400001
v 6.675872 1.960587 -10.400001
v 10.550000 2.133333 -10.400001
v 10.300000 1.883333 -10.400001
v 10.472746 2.121098 -10.400001
v 10.403054 2.085588 -10.400001
v 10.347746 2.030280 -10.400001
v 10.312236 1.960587 -10.400001
v 10.300000 1.416667 -10.400001
v 10.550000 1.166667 -10.400001
v 10.312236 1.339412 -10.400001
v 10.347746 1.269720 -10.400001
v 10.403054 1.214412 -10.400001
v 10.472746 1.178902 -10.400001
v 11.599999 1.883333 -10.400001
v 11.349999 2.133333 -10.400001
v 11.587764 1.960587 -10.400001
v 11.552254 2.030280 -10.400001
v 11.496945 2.085588 -10.400001
v 11.427254 2.121098 -10.400001
v 11.349999 1.166667 -10.400001
v 11.599999 1.416667 -10.400001
v 11.427254 1.178902 -10.400001
v 11.496945 1.214412 -10.400001
v 11.552254 1.269720 -10.400001
v 11.587764 1.339412 -10.400001
v -10.650001 1.166667 -10.400001
v -10.400001 1.416667 -10.400001
v -10.572746 1.178903 -10.400001
v -10.503055 1.214412 -10.400001
v -10.447746 1.269720 -10.400001
v -10.412236 1.339412 -10.400001
v -10.400001 1.883333 -10.400001
v -10.650001 2.133334 -10.400001
v -10.412236 1.960588 -10.400001
v -10.447746 2.030280 -10.400001
v -10.503055 2.085588 -10.400001
v -10.572746 2.121098 -10.400001
v -11.700000 1.416667 -10.400001
v -11.450000 1.166667 -10.400001
v -11.687764 1.339412 -10.400001
v -11.652254 1.269720 -10.400001
v -11.596946 1.214412 -10.400001
v -11.527254 1.178903 -10.400001
v -11.450000 2.133334 -10.400001
v -11.700000 1.883333 -10.400001
v -11.527254 2.121098 -10.400001
v -11.596946 2.085588 -10.400001
v -11.652254 2.030280 -10.400001
v -11.687764 1.960588 -10.400001
vn -0.0000 -1.0000 -0.0000
vn -0.0000 1.0000 -0.0000
vn -0.0000 0.1564 -0.9877
vn -0.0000 0.1564 0.9877
vn 1.0000 -0.0000 -0.0000
vn -0.0000 0.9877 0.1564
vn -1.0000 -0.0000 -0.0000
vn -0.0000 0.8910 -0.4540
vn -0.0000 0.8910 0.4540
vn -0.0000 -0.0000 -1.0000
vn -0.0000 0.9877 -0.1564
vn -0.0000 0.7071 0.7071
vn -0.0000 0.7071 -0.7071
vn -0.0000 0.4540 -0.8910
vn -0.0000 0.4540 0.8910
vn -0.0000 -0.0000 1.0000
vn -0.1564 -0.9877 -0.0000
vn -0.4540 -0.8910 -0.0000
vn -0.7071 -0.7071 -0.0000
vn -0.8910 -0.4540 -0.0000
vn -0.9877 -0.1564 -0.0000
vn -0.1564 0.9877 -0.0000
vn -0.4540 0.8910 -0.0000
vn -0.7071 0.7071 -0.0000
vn -0.8910 0.4540 -0.0000
vn -0.9877 0.1564 -0.0000
vn 0.1564 0.9877 -0.0000
vn 0.4540 0.8910 -0.0000
vn 0.7071 0.7071 -0.0000
vn 0.8910 0.4540 -0.0000
vn 0.9877 0.1564 -0.0000
vn 0.1564 -0.9877 -0.0000
vn 0.4540 -0.8910 -0.0000
vn 0.7071 -0.7071 -0.0000
vn 0.8910 -0.4540 -0.0000
vn 0.9877 -0.1564 -0.0000
vt 0.172954 0.090694
vt 0.172954 0.000619
vt 0.908110 0.000618
vt 0.908110 0.090694
vt 0.000000 0.000000
vt 0.313013 0.000000
vt 0.313013 0.677022
vt 0.000000 0.677022
vt -2.559432 0.861796
vt -2.559432 0.877402
vt 2.031426 0.877402
vt 2.031426 0.861797
vt 2.493788 0.880995
vt 2.493788 0.865727
vt -2.211213 0.865727
vt -2.211213 0.880995
vt 0.165449 0.810990
vt 0.165449 0.212402
vt 0.680155 0.212403
vt 0.680155 0.810991
vt -2.211213 0.967957
vt -2.211213 1.001173
vt 2.493788 1.001173
vt 2.493788 0.967957
vt 0.495741 0.523833
vt 0.495741 0.436745
vt 0.501338 0.436745
vt 0.501338 0.523833
vt 0.484546 0.523833
vt 0.484546 0.436745
vt 0.490144 0.436745
vt 0.490144 0.523833
vt 0.572991 0.564090
vt 0.572991 0.515759
vt 0.580605 0.515759
vt 0.580605 0.564090
vt 0.542536 0.431262
vt 0.542536 0.479594
vt 0.534922 0.479594
vt 0.534922 0.431262
vt 0.473352 0.531624
vt 0.473352 0.444537
vt 0.478949 0.444537
vt 0.478949 0.531624
vt 2.031426 0.966289
vt 2.031426 0.932337
vt -2.559432 0.932337
vt -2.559432 0.966289
vt 2.472625 0.874215
vt 2.472625 1.002175
vt -2.194148 1.002175
vt -2.194148 0.874214
vt 2.493788 0.934740
vt -2.211213 0.934740
vt -2.847367 0.867727
vt 3.180914 0.867727
vt 3.180914 0.101407
vt -2.847367 0.101407
vt -2.559432 1.000241
vt 2.031426 1.000241
vt 2.493788 0.904775
vt -2.211213 0.904775
vt 0.652054 0.844081
vt 0.652054 0.241984
vt 0.137348 0.241984
vt 0.137348 0.844081
vt 2.031426 0.901709
vt -2.559432 0.901709
vt 0.490144 0.523833
vt 0.490144 0.436745
vt 0.495741 0.436745
vt 0.565377 0.431262
vt 0.565377 0.479593
vt 0.557764 0.479593
vt 0.557764 0.431262
vt 0.523728 0.523833
vt 0.523728 0.436745
vt 0.529325 0.436745
vt 0.529325 0.523833
vt 0.588219 0.431262
vt 0.588219 0.479594
vt 0.580605 0.479594
vt 0.580605 0.431262
vt 0.656981 0.843710
vt 0.656981 0.238187
vt 0.831925 0.238187
vt 0.831925 0.843710
vt 0.719250 0.854118
vt 0.719250 0.229567
vt 0.929826 0.229567
vt 0.929826 0.854118
vt 0.117656 0.381420
vt 0.116465 0.120638
vt 0.631164 0.120233
vt 0.631462 0.382230
vt 0.933648 0.132244
vt 0.933648 0.370212
vt 0.555258 0.370212
vt 0.555258 0.132244
vt -0.000291 0.000000
vt 0.312722 0.000000
vt 0.312722 0.677022
vt -0.000291 0.677022
vt 0.137348 0.246442
vt 0.137348 0.842297
vt 0.652054 0.842297
vt 0.652054 0.246442
vt 0.680155 0.213217
vt 0.680155 0.811805
vt 0.165449 0.811805
vt 0.165449 0.213217
vt 0.606273 0.301291
vt 0.587849 0.304349
vt 0.571229 0.313224
vt 0.558039 0.327047
vt 0.549571 0.344465
vt 0.546653 0.363773
vt 0.546653 0.480408
vt 0.549571 0.499716
vt 0.558040 0.517135
vt 0.571229 0.530958
vt 0.587849 0.539833
vt 0.606273 0.542891
vt 0.753697 0.542891
vt 0.772121 0.539833
vt 0.788741 0.530958
vt 0.801931 0.517135
vt 0.810399 0.499716
vt 0.813317 0.480408
vt 0.813317 0.363773
vt 0.810399 0.344465
vt 0.801931 0.327047
vt 0.788741 0.313224
vt 0.772121 0.304349
vt 0.753697 0.301291
vt 0.604969 0.301021
vt 0.586545 0.304079
vt 0.569925 0.312954
vt 0.556735 0.326777
vt 0.548267 0.344195
vt 0.545349 0.363503
vt 0.545349 0.480138
vt 0.548267 0.499446
vt 0.556735 0.516865
vt 0.569925 0.530688
vt 0.586545 0.539563
vt 0.604969 0.542621
vt 0.752393 0.542621
vt 0.770817 0.539563
vt 0.787437 0.530688
vt 0.800627 0.516865
vt 0.809095 0.499446
vt 0.812013 0.480138
vt 0.812013 0.363503
vt 0.809095 0.344195
vt 0.800627 0.326777
vt 0.787437 0.312954
vt 0.770817 0.304079
vt 0.752393 0.301021
vt 0.606171 0.302982
vt 0.587747 0.306041
vt 0.571127 0.314916
vt 0.557937 0.328739
vt 0.549469 0.346157
vt 0.546551 0.365465
vt 0.546551 0.482100
vt 0.549469 0.501408
vt 0.557937 0.518826
vt 0.571127 0.532650
vt 0.587747 0.541525
vt 0.606171 0.544583
vt 0.753595 0.544583
vt 0.772019 0.541525
vt 0.788639 0.532650
vt 0.801829 0.518826
vt 0.810297 0.501408
vt 0.813215 0.482100
vt 0.813215 0.365465
vt 0.810297 0.346157
vt 0.801829 0.328739
vt 0.788639 0.314916
vt 0.772019 0.306041
vt 0.753595 0.302982
vt 0.753574 0.301455
vt 0.771998 0.304513
vt 0.788618 0.313388
vt 0.801808 0.327212
vt 0.810276 0.344630
vt 0.813194 0.363938
vt 0.813195 0.480573
vt 0.810277 0.499881
vt 0.801808 0.517299
vt 0.788618 0.531122
vt 0.771998 0.539997
vt 0.753574 0.543056
vt 0.606150 0.543056
vt 0.587727 0.539998
vt 0.571107 0.531122
vt 0.557917 0.517299
vt 0.549448 0.499881
vt 0.546530 0.480573
vt 0.546530 0.363938
vt 0.549448 0.344630
vt 0.557917 0.327212
vt 0.571107 0.313388
vt 0.587727 0.304513
vt 0.606150 0.301455
vt 0.752699 0.302066
vt 0.771123 0.305124
vt 0.787743 0.313999
vt 0.800932 0.327823
vt 0.809401 0.345241
vt 0.812319 0.364549
vt 0.812319 0.481184
vt 0.809401 0.500492
vt 0.800933 0.517910
vt 0.787743 0.531734
vt 0.771123 0.540609
vt 0.752699 0.543667
vt 0.605275 0.543667
vt 0.586851 0.540609
vt 0.570231 0.531734
vt 0.557041 0.517911
vt 0.548573 0.500492
vt 0.545655 0.481184
vt 0.545655 0.364549
vt 0.548573 0.345241
vt 0.557041 0.327823
vt 0.570231 0.314000
vt 0.586851 0.305125
vt 0.605275 0.302066
vt 0.605275 0.302729
vt 0.586851 0.305787
vt 0.570231 0.314662
vt 0.557041 0.328485
vt 0.548573 0.345904
vt 0.545655 0.365212
vt 0.545655 0.481847
vt 0.548573 0.501155
vt 0.557041 0.518573
vt 0.570231 0.532396
vt 0.586851 0.541271
vt 0.605275 0.544330
vt 0.752699 0.544330
vt 0.771123 0.541271
vt 0.787743 0.532396
vt 0.800933 0.518573
vt 0.809401 0.501155
vt 0.812319 0.481847
vt 0.812319 0.365212
vt 0.809401 0.345904
vt 0.800933 0.328485
vt 0.787743 0.314662
vt 0.771123 0.305787
vt 0.752699 0.302729
vt 0.605275 0.301404
vt 0.586851 0.304462
vt 0.570231 0.313337
vt 0.557041 0.327160
vt 0.548573 0.344578
vt 0.545655 0.363887
vt 0.545655 0.480521
vt 0.548572 0.499830
vt 0.557041 0.517248
vt 0.570231 0.531071
vt 0.586851 0.539946
vt 0.605275 0.543004
vt 0.752699 0.543004
vt 0.771122 0.539946
vt 0.787743 0.531071
vt 0.800932 0.517248
vt 0.809401 0.499830
vt 0.812319 0.480521
vt 0.812319 0.363887
vt 0.809401 0.344578
vt 0.800932 0.327160
vt 0.787743 0.313337
vt 0.771122 0.304462
vt 0.752699 0.301404
vt 0.604067 0.301908
vt 0.585644 0.304966
vt 0.569024 0.313841
vt 0.555834 0.327664
vt 0.547365 0.345083
vt 0.544447 0.364391
vt 0.544447 0.481026
vt 0.547365 0.500334
vt 0.555834 0.517752
vt 0.569023 0.531575
vt 0.585644 0.540451
vt 0.604067 0.543509
vt 0.751491 0.543509
vt 0.769915 0.540450
vt 0.786535 0.531575
vt 0.799725 0.517752
vt 0.808193 0.500334
vt 0.811111 0.481026
vt 0.811111 0.364391
vt 0.808193 0.345083
vt 0.799725 0.327664
vt 0.786535 0.313841
vt 0.769915 0.304966
vt 0.751491 0.301908
vt 0.761348 0.539727
vt 0.777236 0.536742
vt 0.791570 0.528080
vt 0.802945 0.514588
vt 0.810248 0.497587
vt 0.812765 0.478741
vt 0.812765 0.364900
vt 0.810248 0.346054
vt 0.802945 0.329053
vt 0.791570 0.315561
vt 0.777236 0.306898
vt 0.761348 0.303913
vt 0.596814 0.303913
vt 0.580925 0.306898
vt 0.566592 0.315561
vt 0.555216 0.329053
vt 0.547913 0.346054
vt 0.545397 0.364900
vt 0.545397 0.478741
vt 0.547913 0.497587
vt 0.555216 0.514588
vt 0.566592 0.528080
vt 0.580925 0.536742
vt 0.596814 0.539727
vt 0.597008 0.303913
vt 0.581119 0.306898
vt 0.566786 0.315561
vt 0.555410 0.329053
vt 0.548107 0.346054
vt 0.545591 0.364900
vt 0.545591 0.478741
vt 0.548107 0.497587
vt 0.555410 0.514588
vt 0.566786 0.528080
vt 0.581119 0.536742
vt 0.597008 0.539727
vt 0.761542 0.539727
vt 0.777430 0.536742
vt 0.791764 0.528080
vt 0.803139 0.514588
vt 0.810442 0.497587
vt 0.812959 0.478741
vt 0.812959 0.364900
vt 0.810442 0.346054
vt 0.803139 0.329053
vt 0.791764 0.315561
vt 0.777430 0.306898
vt 0.761542 0.303913
vt 0.445365 0.531624
vt 0.445365 0.444537
vt 0.450963 0.444537
vt 0.450963 0.531624
vt 0.450963 0.531624
vt 0.450963 0.444537
vt 0.456560 0.444537
vt 0.456560 0.531624
vt 0.565377 0.564090
vt 0.565377 0.515759
vt 0.565377 0.515759
vt 0.565377 0.564090
vt 0.557764 0.564090
vt 0.557764 0.515759
vt 0.512533 0.523833
vt 0.512533 0.436745
vt 0.518130 0.436745
vt 0.518130 0.523833
vt 0.529325 0.436745
vt 0.534922 0.436745
vt 0.534922 0.523833
vt 0.534922 0.564090
vt 0.534922 0.515759
vt 0.542536 0.515759
vt 0.542536 0.564090
vt 0.462157 0.531624
vt 0.462157 0.444537
vt 0.467755 0.444537
vt 0.467755 0.531624
vt 0.456560 0.531624
vt 0.462157 0.531624
vt 0.456560 0.575336
vt 0.456560 0.623667
vt 0.448946 0.623667
vt 0.448946 0.575336
vt 0.550150 0.431262
vt 0.550150 0.479594
vt 0.518130 0.436745
vt 0.523728 0.436745
vt 0.523728 0.523833
vt 0.478949 0.444537
vt 0.484546 0.444537
vt 0.484546 0.531624
vt 0.467755 0.444537
vt 0.473352 0.444537
vt 0.473352 0.531624
vt 0.550150 0.515759
vt 0.550150 0.564090
vt 0.542536 0.564090
vt 0.501338 0.523833
vt 0.506936 0.436745
vt 0.506936 0.523833
vt 0.604542 0.300946
vt 0.586118 0.304004
vt 0.569498 0.312879
vt 0.556308 0.326703
vt 0.547839 0.344121
vt 0.544921 0.363429
vt 0.544922 0.480064
vt 0.547840 0.499372
vt 0.556308 0.516790
vt 0.569498 0.530613
vt 0.586118 0.539489
vt 0.604542 0.542547
vt 0.751966 0.542547
vt 0.770389 0.539489
vt 0.787009 0.530613
vt 0.800199 0.516790
vt 0.808668 0.499372
vt 0.811586 0.480064
vt 0.811586 0.363429
vt 0.808668 0.344121
vt 0.800199 0.326703
vt 0.787009 0.312879
vt 0.770389 0.304004
vt 0.751966 0.300946
vt 0.434171 0.531624
vt 0.434171 0.444537
vt 0.439768 0.444537
vt 0.439768 0.531624
vt 0.439768 0.531624
vt 0.439768 0.444537
vt 0.445365 0.444537
vt 0.445365 0.531624
vt 0.534922 0.559753
vt 0.534922 0.608084
vt 0.527309 0.608084
vt 0.527309 0.559753
vt 0.508952 0.559753
vt 0.508952 0.608084
vt 0.501338 0.608084
vt 0.501338 0.559753
vt 0.724797 0.227262
vt 0.724797 0.100000
vt 0.761555 0.100000
vt 0.761555 0.227262
vt 0.557724 0.400000
vt 0.557724 0.100000
vt 0.651282 0.100000
vt 0.651282 0.400000
vt 0.688040 0.100000
vt 0.688040 0.400000
vt 0.724797 0.100000
vt 0.724797 0.400000
vt 0.761555 0.227262
vt 0.761555 0.354523
vt 0.724797 0.354523
vt 0.724797 0.227262
vt 0.411781 0.557238
vt 0.411781 0.444537
vt 0.417379 0.444537
vt 0.417379 0.557238
vt 0.417379 0.557238
vt 0.417379 0.444537
vt 0.422976 0.444537
vt 0.422976 0.557238
vt 0.739748 0.147314
vt 0.797090 0.114886
vt 0.797090 0.339175
vt 0.739748 0.325664
vt 0.516566 0.559753
vt 0.516566 0.608084
vt 0.557764 0.431262
vt 0.557764 0.479594
vt 0.465738 0.623667
vt 0.465738 0.575336
vt 0.473352 0.575336
vt 0.473352 0.623667
vt 0.572991 0.479594
vt 0.572991 0.431262
vt 0.580605 0.431262
vt 0.464174 0.575336
vt 0.464174 0.623667
vt 0.506936 0.523833
vt 0.506936 0.436745
vt 0.512533 0.436745
vt 0.512533 0.523833
vt 0.447382 0.575336
vt 0.447382 0.623667
vt 0.439768 0.623667
vt 0.439768 0.575336
vt 0.484546 0.608084
vt 0.484546 0.559753
vt 0.492160 0.559753
vt 0.492160 0.608084
vt 0.499774 0.559753
vt 0.499774 0.608084
vt 0.565377 0.479594
vt 0.565377 0.431262
vt 0.572991 0.431262
vt 0.557764 0.564090
vt 0.422976 0.557238
vt 0.422976 0.444536
vt 0.428573 0.444536
vt 0.428573 0.557238
vt 0.428573 0.557238
vt 0.428573 0.444537
vt 0.434171 0.557238
vt 0.620652 0.339175
vt 0.620652 0.114886
vt 0.678000 0.147314
vt 0.678000 0.325664
vt 0.795255 0.353371
vt 0.789929 0.366177
vt 0.781635 0.376340
vt 0.771183 0.382865
vt 0.759597 0.385114
vt 0.658145 0.385114
vt 0.646559 0.382865
vt 0.636108 0.376340
vt 0.627813 0.366177
vt 0.622487 0.353371
vt -1.564458 0.572626
vt -1.566286 0.558360
vt -1.626046 0.866119
vt 1.959593 0.866119
vt 1.877423 0.604524
vt 1.757902 0.604524
vt 1.645850 0.819955
vt 1.404091 0.819955
vt 1.342502 0.572626
vt 1.337197 0.585495
vt 1.328934 0.595707
vt 1.318522 0.602265
vt 1.306980 0.604524
vt 1.214622 0.604524
vt 1.203081 0.602265
vt 1.192668 0.595707
vt 1.184406 0.585495
vt 1.179100 0.572626
vt 1.177272 0.558360
vt 1.177272 0.472188
vt 1.070863 0.457922
vt 1.072691 0.472188
vt 1.072691 0.558360
vt 1.070863 0.572626
vt 1.065558 0.585495
vt 1.057295 0.595708
vt 1.046883 0.602265
vt 1.035340 0.604524
vt 0.942983 0.604524
vt 0.931441 0.602265
vt 0.921029 0.595708
vt 0.912766 0.585495
vt 0.799224 0.572626
vt 0.793918 0.585495
vt 0.785655 0.595707
vt 0.775243 0.602265
vt 0.763701 0.604524
vt 0.671344 0.604524
vt 0.659802 0.602265
vt 0.503604 0.602265
vt 0.492062 0.604524
vt 0.399704 0.604524
vt 0.388162 0.602265
vt 0.377750 0.595708
vt 0.369487 0.585495
vt 0.364182 0.572626
vt 0.362354 0.558360
vt 0.325003 0.641455
vt 0.220422 0.604524
vt 0.128065 0.604524
vt 0.023484 0.641455
vt -0.021000 0.585495
vt -0.029263 0.595708
vt -0.039675 0.602265
vt -0.051217 0.604524
vt -0.143574 0.604524
vt -0.155116 0.602265
vt -0.165528 0.595708
vt -0.173792 0.585495
vt -0.179097 0.572626
vt -0.180925 0.558360
vt -0.180925 0.472188
vt -0.218275 0.462955
vt -0.322856 0.426024
vt -0.311314 0.428283
vt -0.300902 0.434841
vt -0.292639 0.445053
vt -0.287334 0.457923
vt -0.285506 0.472188
vt -0.285506 0.558360
vt -0.287334 0.572626
vt -0.292639 0.585495
vt -0.300902 0.595708
vt -0.311314 0.602265
vt -0.322856 0.604524
vt -0.415214 0.604524
vt -0.426756 0.602265
vt -0.582954 0.602265
vt -0.594496 0.604524
vt -0.686853 0.604524
vt -0.698395 0.602265
vt -0.708807 0.595707
vt -0.717071 0.585495
vt -0.722376 0.572626
vt -0.761554 0.641455
vt -0.854593 0.602265
vt -0.866135 0.604524
vt -0.958493 0.604524
vt -0.970034 0.602265
vt -0.980446 0.595708
vt -1.070544 0.819955
vt -1.312303 0.819955
vt -1.312303 0.210593
vt -1.397873 0.428283
vt -1.387460 0.434841
vt -1.379197 0.445053
vt -1.373892 0.457922
vt -1.372064 0.472187
vt -1.372064 0.558360
vt -1.373892 0.572626
vt -1.379197 0.585495
vt -1.387460 0.595707
vt -1.397872 0.602265
vt -1.409414 0.604524
vt -1.528935 0.604524
vt -1.540477 0.602265
vt -1.550889 0.595707
vt -1.559153 0.585495
vt 0.511277 0.114886
vt 0.687715 0.114886
vt 0.687715 0.339175
vt 0.685880 0.353371
vt 0.680554 0.366177
vt 0.672260 0.376340
vt 0.661808 0.382865
vt 0.650222 0.385114
vt 0.548770 0.385114
vt 0.537184 0.382865
vt 0.526733 0.376340
vt 0.518438 0.366177
vt 0.513112 0.353371
vt 0.511277 0.339175
vt 1.057294 0.434841
vt 1.065558 0.445054
vt 1.179100 0.457922
vt 1.184406 0.445054
vt 1.192668 0.434841
vt 1.203080 0.428283
vt 1.214622 0.426024
vt 1.306980 0.426024
vt 1.318522 0.428283
vt 1.328934 0.434841
vt 1.337197 0.445054
vt 1.342502 0.457922
vt 1.344330 0.472188
vt 1.344330 0.558360
vt 1.404091 0.210593
vt 1.645850 0.210593
vt 1.746359 0.602265
vt 1.735947 0.595707
vt 1.727684 0.585495
vt 1.722379 0.572626
vt 1.720551 0.558360
vt 1.720551 0.472188
vt 1.722379 0.457923
vt 1.727684 0.445054
vt 1.735947 0.434841
vt 1.746359 0.428283
vt 1.757902 0.426024
vt 1.877423 0.426024
vt 1.888964 0.428283
vt 1.899376 0.434841
vt 1.907639 0.445054
vt 1.912945 0.457923
vt 1.914773 0.472188
vt 1.914773 0.558360
vt 1.912945 0.572626
vt 1.907639 0.585495
vt 1.899376 0.595708
vt 1.888964 0.602265
vt 1.959593 0.099799
vt -1.626046 0.099799
vt -1.566286 0.472187
vt -1.564458 0.457922
vt -1.559152 0.445053
vt -1.550890 0.434841
vt -1.540477 0.428283
vt -1.528935 0.426024
vt -1.409414 0.426024
vt -1.070544 0.210593
vt -0.988710 0.585495
vt -0.994015 0.572626
vt -0.995843 0.558360
vt -0.995843 0.472187
vt -0.994015 0.457922
vt -0.988710 0.445054
vt -0.980447 0.434841
vt -0.970034 0.428283
vt -0.958493 0.426024
vt -0.866135 0.426024
vt -0.854593 0.428283
vt -0.844181 0.434841
vt -0.835918 0.445054
vt -0.830613 0.457922
vt -0.828785 0.472187
vt -0.828785 0.558360
vt -0.830613 0.572626
vt -0.835918 0.585495
vt -0.844181 0.595708
vt -0.724204 0.558360
vt -0.724204 0.472187
vt -0.722376 0.457922
vt -0.717071 0.445053
vt -0.708807 0.434841
vt -0.698395 0.428283
vt -0.686853 0.426024
vt -0.594496 0.426024
vt -0.582954 0.428283
vt -0.572542 0.434841
vt -0.564279 0.445053
vt -0.558974 0.457922
vt -0.557146 0.472187
vt -0.557145 0.558360
vt -0.558974 0.572626
vt -0.564279 0.585495
vt -0.572542 0.595707
vt -0.437168 0.595708
vt -0.445431 0.585495
vt -0.450736 0.572626
vt -0.452564 0.558360
vt -0.452564 0.472188
vt -0.450736 0.457923
vt -0.445431 0.445053
vt -0.437168 0.434841
vt -0.426756 0.428283
vt -0.415214 0.426024
vt -0.179097 0.457923
vt -0.173792 0.445053
vt -0.165528 0.434841
vt -0.155116 0.428283
vt -0.143574 0.426024
vt -0.051217 0.426024
vt -0.039675 0.428283
vt -0.029263 0.434841
vt -0.021000 0.445053
vt -0.015695 0.457922
vt -0.013867 0.472188
vt -0.013867 0.558360
vt -0.015695 0.572626
vt 0.116523 0.602265
vt 0.106111 0.595708
vt 0.097848 0.585495
vt 0.092543 0.572626
vt 0.090714 0.558360
vt 0.090714 0.472188
vt 0.092543 0.457922
vt 0.097848 0.445053
vt 0.106111 0.434841
vt 0.116523 0.428283
vt 0.128065 0.426024
vt 0.220422 0.426024
vt 0.231964 0.428283
vt 0.242376 0.434841
vt 0.250639 0.445053
vt 0.255945 0.457922
vt 0.257773 0.472187
vt 0.257773 0.558360
vt 0.255945 0.572626
vt 0.250639 0.585495
vt 0.242376 0.595708
vt 0.231964 0.602265
vt 0.362354 0.472187
vt 0.364182 0.457922
vt 0.369487 0.445053
vt 0.377750 0.434841
vt 0.388162 0.428283
vt 0.399704 0.426024
vt 0.492062 0.426024
vt 0.503604 0.428283
vt 0.514016 0.434841
vt 0.522279 0.445053
vt 0.527584 0.457922
vt 0.529412 0.472187
vt 0.529412 0.558360
vt 0.527584 0.572626
vt 0.522279 0.585495
vt 0.514016 0.595708
vt 0.649390 0.595707
vt 0.641127 0.585495
vt 0.635821 0.572626
vt 0.633993 0.558360
vt 0.633993 0.472187
vt 0.635821 0.457922
vt 0.641127 0.445053
vt 0.649390 0.434841
vt 0.659802 0.428283
vt 0.671344 0.426024
vt 0.763701 0.426024
vt 0.775243 0.428283
vt 0.785655 0.434841
vt 0.793918 0.445053
vt 0.799223 0.457922
vt 0.801051 0.472187
vt 0.801052 0.558360
vt 0.907461 0.572626
vt 0.905633 0.558360
vt 0.905633 0.472188
vt 0.907461 0.457922
vt 0.912766 0.445054
vt 0.921029 0.434841
vt 0.931441 0.428283
vt 0.942983 0.426024
vt 1.035340 0.426024
vt 1.046883 0.428283
vt 0.478949 0.542508
vt 0.473352 0.542508
vt 0.478949 0.552326
vt 0.473352 0.552326
vt 0.478949 0.560117
vt 0.473352 0.560117
vt 0.456560 0.560117
vt 0.464174 0.560117
vt 0.464174 0.567335
vt 0.456560 0.567335
vt 0.523728 0.425862
vt 0.529325 0.425862
vt 0.523728 0.416044
vt 0.529325 0.416044
vt 0.464174 0.644614
vt 0.456560 0.644614
vt 0.456560 0.638886
vt 0.464174 0.638886
vt 0.456560 0.631668
vt 0.464174 0.631668
vt 0.495741 0.534716
vt 0.490144 0.534716
vt 0.495741 0.544534
vt 0.490144 0.544534
vt 0.534922 0.629031
vt 0.527309 0.629031
vt 0.527309 0.623303
vt 0.534922 0.623303
vt 0.527309 0.616085
vt 0.534922 0.616085
vt 0.434171 0.433653
vt 0.439768 0.433653
vt 0.434171 0.423835
vt 0.439768 0.423835
vt 0.434171 0.416044
vt 0.439768 0.416044
vt 0.527309 0.544534
vt 0.534922 0.544534
vt 0.534922 0.551752
vt 0.527309 0.551752
vt 0.506936 0.534716
vt 0.501338 0.534716
vt 0.506936 0.544534
vt 0.501338 0.544534
vt 0.508952 0.629031
vt 0.501338 0.629031
vt 0.501338 0.623303
vt 0.508952 0.623303
vt 0.501338 0.616085
vt 0.508952 0.616085
vt 0.439768 0.433653
vt 0.445365 0.433653
vt 0.439768 0.423835
vt 0.445365 0.423835
vt 0.439768 0.416044
vt 0.445365 0.416044
vt 0.508952 0.544534
vt 0.508952 0.551752
vt 0.501338 0.551752
vt 0.417379 0.568122
vt 0.411781 0.568122
vt 0.417379 0.577940
vt 0.411781 0.577940
vt 0.417379 0.585731
vt 0.411781 0.585731
vt 0.588219 0.494812
vt 0.580605 0.494812
vt 0.580605 0.487594
vt 0.588219 0.487594
vt 0.417379 0.433653
vt 0.422976 0.433653
vt 0.417379 0.423835
vt 0.422976 0.423835
vt 0.417379 0.416044
vt 0.422976 0.416044
vt 0.580605 0.416044
vt 0.588219 0.416044
vt 0.588219 0.423261
vt 0.580605 0.423261
vt 0.542536 0.487594
vt 0.534922 0.487594
vt 0.542536 0.494812
vt 0.534922 0.494812
vt 0.542536 0.500540
vt 0.534922 0.500540
vt 0.529325 0.544534
vt 0.523728 0.544534
vt 0.523728 0.534716
vt 0.529325 0.534716
vt 0.572991 0.507758
vt 0.580605 0.507758
vt 0.572991 0.500540
vt 0.580605 0.500540
vt 0.422976 0.585731
vt 0.417379 0.585731
vt 0.417379 0.577940
vt 0.422976 0.577940
vt 0.417379 0.568122
vt 0.422976 0.568122
vt 0.534922 0.423261
vt 0.542536 0.423261
vt 0.534922 0.416044
vt 0.542536 0.416044
vt 0.473352 0.416044
vt 0.478949 0.416044
vt 0.478949 0.423835
vt 0.473352 0.423835
vt 0.478949 0.433653
vt 0.473352 0.433653
vt 0.580605 0.572091
vt 0.572991 0.572091
vt 0.580605 0.579309
vt 0.572991 0.579309
vt 0.411781 0.416044
vt 0.417379 0.416044
vt 0.417379 0.423835
vt 0.411781 0.423835
vt 0.417379 0.433653
vt 0.411781 0.433653
vt 0.450963 0.542508
vt 0.445365 0.542508
vt 0.450963 0.552326
vt 0.445365 0.552326
vt 0.450963 0.560117
vt 0.445365 0.560117
vt 0.550150 0.416044
vt 0.557764 0.416044
vt 0.557764 0.423261
vt 0.550150 0.423261
vt 0.484546 0.425862
vt 0.490144 0.425862
vt 0.484546 0.416044
vt 0.490144 0.416044
vt 0.557764 0.500540
vt 0.550150 0.500540
vt 0.550150 0.494812
vt 0.557764 0.494812
vt 0.550150 0.487594
vt 0.557764 0.487594
vt 0.456560 0.542508
vt 0.450963 0.542508
vt 0.456560 0.552326
vt 0.450963 0.552326
vt 0.456560 0.560117
vt 0.450963 0.560117
vt 0.565377 0.416044
vt 0.572991 0.416044
vt 0.572991 0.423261
vt 0.565377 0.423261
vt 0.495741 0.425862
vt 0.501338 0.425862
vt 0.495741 0.416044
vt 0.501338 0.416044
vt 0.565377 0.500540
vt 0.565377 0.494812
vt 0.572991 0.494812
vt 0.565377 0.487594
vt 0.572991 0.487594
vt 0.565377 0.572091
vt 0.565377 0.579309
vt 0.572991 0.585037
vt 0.565377 0.585037
vt 0.490144 0.544534
vt 0.484546 0.544534
vt 0.484546 0.534716
vt 0.490144 0.534716
vt 0.565377 0.572091
vt 0.557764 0.572091
vt 0.557764 0.579309
vt 0.565377 0.585037
vt 0.557764 0.585037
vt 0.495741 0.544534
vt 0.495741 0.534716
vt 0.565377 0.507758
vt 0.445365 0.416044
vt 0.450963 0.416044
vt 0.450963 0.423835
vt 0.445365 0.423835
vt 0.450963 0.433653
vt 0.445365 0.433653
vt 0.557764 0.507758
vt 0.557764 0.500540
vt 0.450963 0.416044
vt 0.456560 0.416044
vt 0.456560 0.423835
vt 0.450963 0.423835
vt 0.456560 0.433653
vt 0.450963 0.433653
vt 0.467755 0.542508
vt 0.462157 0.542508
vt 0.467755 0.552326
vt 0.462157 0.552326
vt 0.467755 0.560117
vt 0.462157 0.560117
vt 0.516566 0.544534
vt 0.516566 0.551752
vt 0.512533 0.425862
vt 0.518130 0.425862
vt 0.512533 0.416044
vt 0.518130 0.416044
vt 0.516566 0.629031
vt 0.516566 0.623303
vt 0.516566 0.616085
vt 0.462157 0.542508
vt 0.456560 0.542508
vt 0.462157 0.552326
vt 0.456560 0.552326
vt 0.462157 0.560117
vt 0.456560 0.560117
vt 0.484546 0.544534
vt 0.492160 0.544534
vt 0.492160 0.551752
vt 0.484546 0.551752
vt 0.529325 0.425862
vt 0.534922 0.425862
vt 0.529325 0.416044
vt 0.534922 0.416044
vt 0.492160 0.629031
vt 0.484546 0.629031
vt 0.484546 0.623303
vt 0.492160 0.623303
vt 0.484546 0.616085
vt 0.492160 0.616085
vt 0.448946 0.631668
vt 0.448946 0.638886
vt 0.456560 0.644614
vt 0.448946 0.644614
vt 0.518130 0.544534
vt 0.512533 0.544534
vt 0.512533 0.534716
vt 0.518130 0.534716
vt 0.534922 0.534716
vt 0.448946 0.567335
vt 0.448946 0.560117
vt 0.462157 0.416044
vt 0.467755 0.416044
vt 0.467755 0.423835
vt 0.462157 0.423835
vt 0.467755 0.433653
vt 0.462157 0.433653
vt 0.542536 0.423261
vt 0.550150 0.423261
vt 0.484546 0.542508
vt 0.484546 0.552326
vt 0.484546 0.560117
vt 0.478949 0.560117
vt 0.465738 0.560117
vt 0.473352 0.560117
vt 0.473352 0.567335
vt 0.465738 0.567335
vt 0.518130 0.425862
vt 0.518130 0.416044
vt 0.473352 0.644614
vt 0.465738 0.644614
vt 0.465738 0.638886
vt 0.473352 0.638886
vt 0.465738 0.631668
vt 0.473352 0.631668
vt 0.473352 0.542508
vt 0.467755 0.542508
vt 0.473352 0.552326
vt 0.467755 0.552326
vt 0.473352 0.560117
vt 0.467755 0.560117
vt 0.557764 0.507758
vt 0.550150 0.507758
vt 0.506936 0.425862
vt 0.512533 0.425862
vt 0.506936 0.416044
vt 0.512533 0.416044
vt 0.557764 0.585037
vt 0.550150 0.585037
vt 0.550150 0.579309
vt 0.557764 0.579309
vt 0.550150 0.572091
vt 0.434171 0.568122
vt 0.428573 0.568122
vt 0.434171 0.577940
vt 0.428573 0.577940
vt 0.434171 0.585731
vt 0.428573 0.585731
vt 0.422976 0.433653
vt 0.428573 0.433653
vt 0.422976 0.423835
vt 0.428573 0.423835
vt 0.422976 0.416043
vt 0.428573 0.416043
vt 0.542536 0.572091
vt 0.542536 0.579309
vt 0.542536 0.585037
vt 0.523728 0.544534
vt 0.565377 0.487594
vt 0.557764 0.487594
vt 0.512533 0.544534
vt 0.506936 0.544534
vt 0.506936 0.534716
vt 0.512533 0.534716
vt 0.447382 0.631668
vt 0.439768 0.631668
vt 0.447382 0.638886
vt 0.439768 0.638886
vt 0.428573 0.585731
vt 0.422976 0.585731
vt 0.422976 0.577939
vt 0.428573 0.577939
vt 0.422976 0.568121
vt 0.428573 0.568121
vt 0.542536 0.507758
vt 0.484546 0.416044
vt 0.484546 0.423835
vt 0.484546 0.433653
vt 0.557764 0.423261
vt 0.467755 0.416044
vt 0.473352 0.416044
vt 0.473352 0.423835
vt 0.467755 0.423835
vt 0.473352 0.433653
vt 0.467755 0.433653
vt 0.439768 0.567335
vt 0.447382 0.567335
vt 0.439768 0.560117
vt 0.447382 0.560117
vt 0.428573 0.416044
vt 0.434171 0.423835
vt 0.428573 0.423835
vt 0.428573 0.433653
vt 0.439768 0.542508
vt 0.434171 0.542508
vt 0.439768 0.552326
vt 0.434171 0.552326
vt 0.434171 0.560117
vt 0.534922 0.507758
vt 0.490144 0.425862
vt 0.495741 0.425862
vt 0.490144 0.416044
vt 0.495741 0.416044
vt 0.534922 0.585037
vt 0.534922 0.579309
vt 0.542536 0.579309
vt 0.534922 0.572091
vt 0.445365 0.542508
vt 0.439768 0.542508
vt 0.445365 0.552326
vt 0.439768 0.552326
vt 0.445365 0.560117
vt 0.499774 0.544534
vt 0.499774 0.551752
vt 0.501338 0.425862
vt 0.506936 0.425862
vt 0.506936 0.416044
vt 0.499774 0.629031
vt 0.499774 0.623303
vt 0.499774 0.616085
s 0
usemtl train_base
f 16/1/1 15/2/1 2/3/1 1/4/1
f 8/9/3 7/10/3 21/11/3 22/12/3
f 13/13/4 14/14/4 28/15/4 27/16/4
f 35/17/5 36/18/5 43/19/5 44/20/5
f 23/21/6 24/22/6 9/23/6 10/24/6
f 95/25/2 78/26/2 351/27/2 358/28/2
f 218/29/2 201/30/2 471/31/2 478/32/2
f 285/33/7 292/34/7 549/35/7 556/36/7
f 162/37/5 169/38/5 429/39/5 436/40/5
f 156/41/1 163/42/1 435/43/1 418/44/1
f 18/45/8 19/46/8 5/47/8 3/48/8
f 4/49/2 9/50/2 24/51/2 17/52/2
f 23/21/9 10/24/9 11/53/9 25/54/9
f 8/55/10 22/56/10 16/57/10 1/58/10
f 18/45/11 3/48/11 4/59/11 17/60/11
f 11/53/12 12/61/12 26/62/12 25/54/12
f 29/63/7 30/64/7 39/65/7 37/66/7
f 20/67/13 6/68/13 5/47/13 19/46/13
f 243/69/2 225/70/2 495/71/2 502/25/2
f 65/72/5 72/73/5 333/74/5 340/75/5
f 20/67/14 21/11/14 7/10/14 6/68/14
f 12/61/15 13/13/15 27/16/15 26/62/15
f 168/76/2 151/77/2 423/78/2 430/79/2
f 273/80/5 280/81/5 543/82/5 538/83/5
f 37/84/16 39/85/16 40/86/16 38/87/16
f 42/88/16 41/89/16 44/90/16 43/91/16
f 34/92/1 35/93/1 44/94/1 41/95/1
f 30/96/1 31/97/1 40/98/1 39/99/1
f 31/104/5 32/105/5 38/106/5 40/107/5
f 33/108/7 34/109/7 41/110/7 42/111/7
f 206/352/1 213/353/1 483/354/1 466/355/1
f 83/356/1 90/357/1 363/358/1 346/359/1
f 212/34/5 219/33/5 477/360/5 484/361/5
f 89/362/5 96/363/5 357/364/5 364/365/5
f 267/366/2 250/367/2 519/368/2 526/369/2
f 144/79/2 126/370/2 399/371/2 406/372/2
f 224/373/7 231/374/7 489/375/7 496/376/7
f 255/377/1 262/378/1 531/379/1 514/380/1
f 131/381/1 139/358/1 411/378/1 394/382/1
f 261/383/5 268/384/5 525/385/5 532/386/5
f 138/387/5 145/388/5 405/38/5 412/37/5
f 194/369/2 175/389/2 447/390/2 454/391/2
f 181/44/1 188/392/1 459/393/1 442/394/1
f 59/380/1 66/395/1 339/396/1 322/397/1
f 187/398/5 195/399/5 453/400/5 460/375/5
f 119/401/2 102/27/2 375/402/2 382/403/2
f 230/428/1 238/429/1 507/430/1 490/431/1
f 107/432/1 114/433/1 387/434/1 370/435/1
f 237/436/5 244/437/5 501/438/5 508/439/5
f 113/440/5 120/441/5 381/442/5 388/443/5
f 46/444/2 47/445/2 52/446/2 49/447/2
f 50/448/5 49/449/5 52/450/5 51/451/5
f 45/451/10 46/450/10 49/452/10 50/453/10
f 47/454/16 48/455/16 51/453/16 52/452/16
f 48/456/1 45/457/1 50/458/1 51/459/1
f 279/460/2 286/461/2 555/462/2 544/463/2
f 291/464/1 274/465/1 537/466/1 550/467/1
f 45/468/5 16/469/5 22/470/5 46/471/5
f 249/441/7 256/440/7 513/472/7 520/473/7
f 200/388/7 207/387/7 465/474/7 472/475/7
f 174/476/7 182/477/7 441/478/7 448/479/7
f 297/480/7 304/481/7 567/482/7 562/82/7
f 150/384/7 157/383/7 417/483/7 424/484/7
f 71/485/2 54/486/2 327/487/2 334/488/2
f 309/489/5 316/490/5 573/491/5 580/492/5
f 125/493/7 132/494/7 393/495/7 400/496/7
f 101/496/7 108/495/7 369/497/7 376/498/7
f 77/499/7 84/500/7 345/501/7 352/480/7
f 53/399/7 60/398/7 321/365/7 328/502/7
f 315/503/2 298/504/2 561/505/2 574/506/2
f 303/507/1 310/508/1 579/429/1 568/509/1
f 28/510/5 15/511/5 16/469/5 45/468/5 48/512/5 47/513/5 46/471/5 22/470/5 21/514/5 20/515/5 19/516/5 18/517/5 17/518/5 24/519/5 23/520/5 25/521/5 26/522/5 27/523/5
f 296/524/16 292/525/16 28/526/16 14/527/16 310/528/16 303/529/16 31/530/16 30/531/16 67/532/16 68/533/16 69/534/16 70/535/16 66/536/16 59/537/16 61/538/16 62/539/16 63/540/16 64/541/16 60/542/16 53/543/16 100/544/16 96/545/16 89/546/16 91/547/16 92/548/16 93/549/16 94/550/16 90/551/16 83/552/16 85/553/16 86/554/16 87/555/16 115/556/16 116/557/16 117/558/16 118/559/16 114/560/16 107/561/16 109/562/16 143/563/16 139/564/16 131/565/16 134/566/16 135/567/16 136/568/16 137/569/16 132/570/16 133/571/16 163/572/16 156/573/16 189/574/16 191/575/16 192/576/16 193/577/16 188/578/16 181/579/16 183/580/16 184/581/16 185/582/16 186/583/16 182/584/16 174/585/16 176/586/16 218/587/16 220/588/16 221/589/16 222/590/16 223/591/16 219/592/16 212/593/16 214/594/16 215/595/16 216/596/16 217/597/16 213/598/16 206/599/16 208/600/16 242/601/16 238/602/16 230/603/16 233/604/16 234/605/16 235/606/16 236/607/16 232/608/16 266/609/16 262/610/16 255/611/16 257/612/16 258/613/16 35/614/16 34/615/16 33/616/16 281/617/16 282/618/16 283/619/16 284/620/16 280/621/16 273/622/16 275/623/16 276/624/16 277/625/16 278/626/16 274/627/16 291/628/16 293/629/16 294/630/16 295/631/16
f 1/632/7 2/633/7 14/634/7 13/635/7 12/636/7 11/637/7 10/638/7 9/639/7 4/640/7 3/641/7 5/642/7 6/643/7 7/644/7 8/645/7
f 98/646/16 99/647/16 100/544/16 53/543/16 55/648/16 56/649/16 57/650/16 58/651/16 54/652/16 71/653/16 73/654/16 74/655/16 75/656/16 76/657/16 72/658/16 65/659/16 67/532/16 30/531/16 29/660/16 32/661/16 31/530/16 303/529/16 305/662/16 306/663/16 307/664/16 308/665/16 304/666/16 297/667/16 299/668/16 300/669/16 301/670/16 302/671/16 298/672/16 315/673/16 317/674/16 318/675/16 319/676/16 320/677/16 316/678/16 309/679/16 311/680/16 312/681/16 313/682/16 314/683/16 310/528/16 14/527/16 2/684/16 15/685/16 28/526/16 292/525/16 285/686/16 287/687/16 288/688/16 289/689/16 290/690/16 286/691/16 279/692/16 281/617/16 33/616/16 36/693/16 35/614/16 258/613/16 259/694/16 260/695/16 256/696/16 249/697/16 251/698/16 252/699/16 253/700/16 254/701/16 250/702/16 267/703/16 269/704/16 270/705/16 271/706/16 272/707/16 268/708/16 261/709/16 263/710/16 264/711/16 265/712/16 266/609/16 232/608/16 236/607/16 231/713/16 224/714/16 226/715/16 227/716/16 228/717/16 229/718/16 225/719/16 243/720/16 245/721/16 246/722/16 247/723/16 248/724/16 244/725/16 237/726/16 239/727/16 240/728/16 241/729/16 242/601/16 208/600/16 209/730/16 210/731/16 211/732/16 207/733/16 200/734/16 202/735/16 203/736/16 204/737/16 205/738/16 201/739/16 218/587/16 176/586/16 174/585/16 177/740/16 178/741/16 179/742/16 180/743/16 175/744/16 194/745/16 196/746/16 197/747/16 198/748/16 199/749/16 195/750/16 187/751/16 190/752/16 191/575/16 189/574/16 156/573/16 158/753/16 159/754/16 160/755/16 161/756/16 157/757/16 150/758/16 152/759/16 153/760/16 154/761/16 155/762/16 151/763/16 168/764/16 170/765/16 171/766/16 172/767/16 173/768/16 169/769/16 162/770/16 164/771/16 165/772/16 166/773/16 167/774/16 163/572/16 133/571/16 132/570/16 125/775/16 127/776/16 128/777/16 129/778/16 130/779/16 126/780/16 144/781/16 146/782/16 147/783/16 148/784/16 149/785/16 145/786/16 138/787/16 140/788/16 141/789/16 142/790/16 143/563/16 109/562/16 110/791/16 111/792/16 112/793/16 108/794/16 101/795/16 103/796/16 104/797/16 105/798/16 106/799/16 102/800/16 119/801/16 121/802/16 122/803/16 123/804/16 124/805/16 120/806/16 113/807/16 115/556/16 87/555/16 88/808/16 84/809/16 77/810/16 79/811/16 80/812/16 81/813/16 82/814/16 78/815/16 95/816/16 97/817/16
f 156/41/17 418/44/17 422/818/17 158/819/17
f 158/819/18 422/818/18 421/820/18 159/821/18
f 159/821/19 421/820/19 420/822/19 160/823/19
f 160/824/20 420/825/20 419/826/20 161/827/20
f 161/827/21 419/826/21 417/483/21 157/383/21
f 423/78/22 151/77/22 155/828/22 425/829/22
f 425/829/23 155/828/23 154/830/23 426/831/23
f 426/832/24 154/833/24 153/834/24 427/835/24
f 427/835/25 153/834/25 152/836/25 428/837/25
f 428/837/26 152/836/26 150/384/26 424/484/26
f 243/69/27 502/25/27 506/838/27 245/839/27
f 245/839/28 506/838/28 505/840/28 246/841/28
f 246/842/29 505/843/29 504/844/29 247/845/29
f 247/845/30 504/844/30 503/846/30 248/847/30
f 248/847/31 503/846/31 501/438/31 244/437/31
f 507/430/32 238/429/32 242/848/32 509/849/32
f 509/849/33 242/848/33 241/850/33 510/851/33
f 510/851/34 241/850/34 240/852/34 511/853/34
f 511/854/35 240/855/35 239/856/35 512/857/35
f 512/857/36 239/856/36 237/436/36 508/439/36
f 119/401/27 382/403/27 386/858/27 121/859/27
f 121/859/28 386/858/28 385/860/28 122/861/28
f 122/862/29 385/863/29 384/864/29 123/865/29
f 123/865/30 384/864/30 383/866/30 124/867/30
f 124/867/31 383/866/31 381/442/31 120/441/31
f 387/434/32 114/433/32 118/868/32 389/869/32
f 389/869/33 118/868/33 117/870/33 390/871/33
f 390/871/34 117/870/34 116/872/34 391/873/34
f 391/861/35 116/874/35 115/875/35 392/876/35
f 392/876/36 115/875/36 113/440/36 388/443/36
f 279/460/27 544/463/27 548/877/27 281/878/27
f 281/878/28 548/877/28 547/879/28 282/880/28
f 282/880/29 547/879/29 546/881/29 283/882/29
f 283/883/30 546/884/30 545/885/30 284/886/30
f 284/886/31 545/885/31 543/82/31 280/81/31
f 537/466/32 274/465/32 278/887/32 539/888/32
f 539/888/33 278/887/33 277/889/33 540/890/33
f 540/890/34 277/889/34 276/891/34 541/892/34
f 541/893/35 276/894/35 275/895/35 542/896/35
f 542/896/36 275/895/36 273/80/36 538/83/36
f 429/39/31 169/38/31 173/897/31 431/898/31
f 431/898/30 173/897/30 172/899/30 432/900/30
f 432/900/29 172/899/29 171/901/29 433/902/29
f 433/903/28 171/904/28 170/905/28 434/906/28
f 434/906/27 170/905/27 168/76/27 430/79/27
f 549/35/21 292/34/21 296/907/21 551/908/21
f 551/908/20 296/907/20 295/909/20 552/910/20
f 552/911/19 295/912/19 294/913/19 553/914/19
f 553/914/18 294/913/18 293/915/18 554/916/18
f 554/916/17 293/915/17 291/464/17 550/467/17
f 162/37/36 436/40/36 440/917/36 164/918/36
f 164/918/35 440/917/35 439/919/35 165/920/35
f 165/921/34 439/922/34 438/923/34 166/924/34
f 166/924/33 438/923/33 437/925/33 167/926/33
f 167/926/32 437/925/32 435/43/32 163/42/32
f 285/33/26 556/36/26 560/927/26 287/928/26
f 287/928/25 560/927/25 559/929/25 288/930/25
f 288/931/24 559/932/24 558/933/24 289/934/24
f 289/934/23 558/933/23 557/935/23 290/936/23
f 290/936/22 557/935/22 555/462/22 286/461/22
f 206/352/17 466/355/17 470/937/17 208/938/17
f 208/938/18 470/937/18 469/939/18 209/940/18
f 209/940/19 469/939/19 468/941/19 210/942/19
f 210/943/20 468/944/20 467/945/20 211/946/20
f 211/946/21 467/945/21 465/474/21 207/387/21
f 471/31/22 201/30/22 205/947/22 473/948/22
f 473/948/23 205/947/23 204/949/23 474/950/23
f 474/951/24 204/952/24 203/953/24 475/954/24
f 475/954/25 203/953/25 202/955/25 476/956/25
f 476/956/26 202/955/26 200/388/26 472/475/26
f 83/356/17 346/359/17 350/957/17 85/958/17
f 85/958/18 350/957/18 349/959/18 86/960/18
f 86/960/19 349/959/19 348/961/19 87/962/19
f 87/963/20 348/964/20 347/965/20 88/966/20
f 88/966/21 347/965/21 345/501/21 84/500/21
f 351/27/22 78/26/22 82/967/22 353/968/22
f 353/968/23 82/967/23 81/969/23 354/970/23
f 354/909/24 81/971/24 80/972/24 355/973/24
f 355/973/25 80/972/25 79/974/25 356/975/25
f 356/975/26 79/974/26 77/499/26 352/480/26
f 477/360/31 219/33/31 223/928/31 479/976/31
f 479/976/30 223/928/30 222/930/30 480/977/30
f 480/977/29 222/930/29 221/978/29 481/979/29
f 481/980/28 221/981/28 220/982/28 482/983/28
f 482/983/27 220/982/27 218/29/27 478/32/27
f 357/364/31 96/363/31 100/984/31 359/985/31
f 359/985/30 100/984/30 99/977/30 360/986/30
f 360/986/29 99/977/29 98/987/29 361/988/29
f 361/861/28 98/989/28 97/990/28 362/859/28
f 362/859/27 97/990/27 95/25/27 358/28/27
f 212/34/36 484/361/36 488/991/36 214/907/36
f 214/907/35 488/991/35 487/971/35 215/909/35
f 215/992/34 487/993/34 486/994/34 216/995/34
f 216/995/33 486/994/33 485/996/33 217/997/33
f 217/997/32 485/996/32 483/354/32 213/353/32
f 89/362/36 364/365/36 368/998/36 91/991/36
f 91/991/35 368/998/35 367/999/35 92/971/35
f 92/1000/34 367/1001/34 366/1002/34 93/1003/34
f 93/1003/33 366/1002/33 365/1004/33 94/1005/33
f 94/1005/32 365/1004/32 363/358/32 90/357/32
f 255/377/17 514/380/17 518/1006/17 257/1007/17
f 257/1007/18 518/1006/18 517/1008/18 258/1009/18
f 258/1009/19 517/1008/19 516/1010/19 259/1011/19
f 259/874/20 516/1012/20 515/1013/20 260/875/20
f 260/875/21 515/1013/21 513/472/21 256/440/21
f 519/368/22 250/367/22 254/1014/22 521/1015/22
f 521/1015/23 254/1014/23 253/1016/23 522/1017/23
f 522/1018/24 253/862/24 252/865/24 523/1019/24
f 523/1019/25 252/865/25 251/867/25 524/1020/25
f 524/1020/26 251/867/26 249/441/26 520/473/26
f 131/381/17 394/382/17 398/1021/17 134/1022/17
f 134/1022/18 398/1021/18 397/1023/18 135/1024/18
f 135/1024/19 397/1023/19 396/1025/19 136/1026/19
f 136/1027/20 396/1028/20 395/1029/20 137/1030/20
f 137/1030/21 395/1029/21 393/495/21 132/494/21
f 399/371/22 126/370/22 130/1031/22 401/1032/22
f 401/1032/23 130/1031/23 129/1033/23 402/1034/23
f 402/1035/24 129/1036/24 128/1037/24 403/1038/24
f 403/1038/25 128/1037/25 127/1039/25 404/1040/25
f 404/1040/26 127/1039/26 125/493/26 400/496/26
f 525/385/31 268/384/31 272/836/31 527/1041/31
f 527/1041/30 272/836/30 271/834/30 528/1042/30
f 528/1042/29 271/834/29 270/1043/29 529/1044/29
f 529/1045/28 270/1046/28 269/1047/28 530/1048/28
f 530/1048/27 269/1047/27 267/366/27 526/369/27
f 405/38/31 145/388/31 149/955/31 407/897/31
f 407/897/30 149/955/30 148/953/30 408/899/30
f 408/899/29 148/953/29 147/952/29 409/901/29
f 409/855/28 147/903/28 146/906/28 410/1049/28
f 410/1049/27 146/906/27 144/79/27 406/372/27
f 261/383/36 532/386/36 536/1050/36 263/827/36
f 263/827/35 536/1050/35 535/1051/35 264/824/35
f 264/1052/34 535/1053/34 534/1054/34 265/1055/34
f 265/1055/33 534/1054/33 533/1056/33 266/1057/33
f 266/1057/32 533/1056/32 531/379/32 262/378/32
f 138/387/36 412/37/36 416/1058/36 140/1059/36
f 140/1059/35 416/1058/35 415/920/35 141/943/35
f 141/1001/34 415/1052/34 414/1055/34 142/1002/34
f 142/1002/33 414/1055/33 413/1057/33 143/1004/33
f 143/1004/32 413/1057/32 411/378/32 139/358/32
f 181/44/17 442/394/17 446/1060/17 183/818/17
f 183/818/18 446/1060/18 445/1061/18 184/820/18
f 184/820/19 445/1061/19 444/1062/19 185/1063/19
f 185/1064/20 444/1065/20 443/1066/20 186/1067/20
f 186/1067/21 443/1066/21 441/478/21 182/477/21
f 447/390/22 175/389/22 180/1068/22 449/828/22
f 449/828/23 180/1068/23 179/1069/23 450/830/23
f 450/1070/24 179/1071/24 178/1072/24 451/1073/24
f 451/1073/25 178/1072/25 177/1074/25 452/1075/25
f 452/1075/26 177/1074/26 174/476/26 448/479/26
f 59/380/17 322/397/17 326/1076/17 61/1077/17
f 61/1077/18 326/1076/18 325/1078/18 62/1079/18
f 62/1079/19 325/1078/19 324/1080/19 63/1081/19
f 63/952/20 324/951/20 323/1082/20 64/1083/20
f 64/1083/21 323/1082/21 321/365/21 60/398/21
f 327/487/22 54/486/22 58/1084/22 329/1085/22
f 329/1085/23 58/1084/23 57/1086/23 330/1087/23
f 330/1088/24 57/1089/24 56/1090/24 331/1091/24
f 331/1091/25 56/1090/25 55/1092/25 332/985/25
f 332/985/26 55/1092/26 53/399/26 328/502/26
f 303/507/17 568/509/17 572/1093/17 305/1094/17
f 305/1094/18 572/1093/18 571/1095/18 306/1096/18
f 306/1096/19 571/1095/19 570/1097/19 307/1098/19
f 307/964/20 570/893/20 569/896/20 308/965/20
f 308/965/21 569/896/21 567/482/21 304/481/21
f 561/505/22 298/504/22 302/1099/22 563/1100/22
f 563/1100/23 302/1099/23 301/1101/23 564/1102/23
f 564/1102/24 301/1101/24 300/1103/24 565/1104/24
f 565/884/25 300/973/25 299/975/25 566/885/25
f 566/885/26 299/975/26 297/480/26 562/82/26
f 453/400/31 195/399/31 199/1092/31 455/1105/31
f 455/1105/30 199/1092/30 198/1090/30 456/1106/30
f 456/1106/29 198/1090/29 197/1089/29 457/1107/29
f 457/1108/28 197/1045/28 196/1048/28 458/905/28
f 458/905/27 196/1048/27 194/369/27 454/391/27
f 333/74/31 72/73/31 76/1109/31 335/1110/31
f 335/1110/30 76/1109/30 75/972/30 336/954/30
f 336/954/29 75/972/29 74/971/29 337/999/29
f 337/1111/28 74/1112/28 73/1113/28 338/1114/28
f 338/1114/27 73/1113/27 71/485/27 334/488/27
f 573/491/31 316/490/31 320/1115/31 575/1116/31
f 575/1116/30 320/1115/30 319/1117/30 576/1118/30
f 576/1119/29 319/1120/29 318/1121/29 577/1122/29
f 577/1122/28 318/1121/28 317/1123/28 578/1124/28
f 578/1124/27 317/1123/27 315/503/27 574/506/27
f 187/398/36 460/375/36 464/1125/36 190/1083/36
f 190/1083/35 464/1125/35 463/901/35 191/952/35
f 191/922/34 463/1126/34 462/1127/34 192/923/34
f 192/923/33 462/1127/33 461/1128/33 193/925/33
f 193/925/32 461/1128/32 459/393/32 188/392/32
f 65/72/36 340/75/36 344/1129/36 67/966/36
f 67/966/35 344/1129/35 343/944/35 68/963/35
f 68/1130/34 343/1131/34 342/1132/34 69/1133/34
f 69/1133/33 342/1132/33 341/1134/33 70/1135/33
f 70/1135/32 341/1134/32 339/396/32 66/395/32
f 309/489/36 580/492/36 584/1136/36 311/1137/36
f 311/1137/35 584/1136/35 583/1138/35 312/1139/35
f 312/1140/34 583/852/34 582/1141/34 313/1142/34
f 313/1142/33 582/1141/33 581/848/33 314/1143/33
f 314/1143/32 581/848/32 579/429/32 310/508/32
f 230/428/17 490/431/17 494/1144/17 233/1145/17
f 233/1145/18 494/1144/18 493/1146/18 234/1147/18
f 234/1147/19 493/1146/19 492/1138/19 235/1148/19
f 235/902/20 492/901/20 491/1125/20 236/1149/20
f 236/1149/21 491/1125/21 489/375/21 231/374/21
f 495/71/22 225/70/22 229/1150/22 497/1151/22
f 497/1151/23 229/1150/23 228/1152/23 498/1153/23
f 498/1107/24 228/1154/24 227/1155/24 499/1156/24
f 499/1156/25 227/1155/25 226/1157/25 500/1105/25
f 500/1105/26 226/1157/26 224/373/26 496/376/26
f 107/432/17 370/435/17 374/1158/17 109/1159/17
f 109/1159/18 374/1158/18 373/1160/18 110/1161/18
f 110/1161/19 373/1160/19 372/1162/19 111/1138/19
f 111/1028/20 372/1163/20 371/1164/20 112/1029/20
f 112/1029/21 371/1164/21 369/497/21 108/495/21
f 375/402/22 102/27/22 106/1165/22 377/1166/22
f 377/1166/23 106/1165/23 105/970/23 378/1167/23
f 378/1168/24 105/1035/24 104/1038/24 379/1169/24
f 379/1169/25 104/1038/25 103/1040/25 380/1170/25
f 380/1170/26 103/1040/26 101/496/26 376/498/26
usemtl window
f 36/5/2 33/6/2 42/7/2 43/8/2
f 32/100/2 29/101/2 37/102/2 38/103/2
f 351/112/16 353/113/16 354/114/16 355/115/16 356/116/16 352/117/16 345/118/16 347/119/16 348/120/16 349/121/16 350/122/16 346/123/16 363/124/16 365/125/16 366/126/16 367/127/16 368/128/16 364/129/16 357/130/16 359/131/16 360/132/16 361/133/16 362/134/16 358/135/16
f 375/136/16 377/137/16 378/138/16 379/139/16 380/140/16 376/141/16 369/142/16 371/143/16 372/144/16 373/145/16 374/146/16 370/147/16 387/148/16 389/149/16 390/150/16 391/151/16 392/152/16 388/153/16 381/154/16 383/155/16 384/156/16 385/157/16 386/158/16 382/159/16
f 399/160/16 401/161/16 402/162/16 403/163/16 404/164/16 400/165/16 393/166/16 395/167/16 396/168/16 397/169/16 398/170/16 394/171/16 411/172/16 413/173/16 414/174/16 415/175/16 416/176/16 412/177/16 405/178/16 407/179/16 408/180/16 409/181/16 410/182/16 406/183/16
f 423/184/16 425/185/16 426/186/16 427/187/16 428/188/16 424/189/16 417/190/16 419/191/16 420/192/16 421/193/16 422/194/16 418/195/16 435/196/16 437/197/16 438/198/16 439/199/16 440/200/16 436/201/16 429/202/16 431/203/16 432/204/16 433/205/16 434/206/16 430/207/16
f 447/208/16 449/209/16 450/210/16 451/211/16 452/212/16 448/213/16 441/214/16 443/215/16 444/216/16 445/217/16 446/218/16 442/219/16 459/220/16 461/221/16 462/222/16 463/223/16 464/224/16 460/225/16 453/226/16 455/227/16 456/228/16 457/229/16 458/230/16 454/231/16
f 471/232/16 473/233/16 474/234/16 475/235/16 476/236/16 472/237/16 465/238/16 467/239/16 468/240/16 469/241/16 470/242/16 466/243/16 483/244/16 485/245/16 486/246/16 487/247/16 488/248/16 484/249/16 477/250/16 479/251/16 480/252/16 481/253/16 482/254/16 478/255/16
f 495/256/16 497/257/16 498/258/16 499/259/16 500/260/16 496/261/16 489/262/16 491/263/16 492/264/16 493/265/16 494/266/16 490/267/16 507/268/16 509/269/16 510/270/16 511/271/16 512/272/16 508/273/16 501/274/16 503/275/16 504/276/16 505/277/16 506/278/16 502/279/16
f 519/280/16 521/281/16 522/282/16 523/283/16 524/284/16 520/285/16 513/286/16 515/287/16 516/288/16 517/289/16 518/290/16 514/291/16 531/292/16 533/293/16 534/294/16 535/295/16 536/296/16 532/297/16 525/298/16 527/299/16 528/300/16 529/301/16 530/302/16 526/303/16
f 537/304/16 539/305/16 540/306/16 541/307/16 542/308/16 538/309/16 543/310/16 545/311/16 546/312/16 547/313/16 548/314/16 544/315/16 555/316/16 557/317/16 558/318/16 559/319/16 560/320/16 556/321/16 549/322/16 551/323/16 552/324/16 553/325/16 554/326/16 550/327/16
f 561/328/16 563/329/16 564/330/16 565/331/16 566/332/16 562/333/16 567/334/16 569/335/16 570/336/16 571/337/16 572/338/16 568/339/16 579/340/16 581/341/16 582/342/16 583/343/16 584/344/16 580/345/16 573/346/16 575/347/16 576/348/16 577/349/16 578/350/16 574/351/16
f 327/404/16 329/405/16 330/406/16 331/407/16 332/408/16 328/409/16 321/410/16 323/411/16 324/412/16 325/413/16 326/414/16 322/415/16 339/416/16 341/417/16 342/418/16 343/419/16 344/420/16 340/421/16 333/422/16 335/423/16 336/424/16 337/425/16 338/426/16 334/427/16
o Cube.015
v -9.900000 0.000000 -10.299999
v -9.900000 3.300000 -10.299999
v -9.900000 0.000000 -10.500000
v -9.900000 3.300000 -10.500000
v -8.280000 0.000000 -10.299999
v -8.280000 3.300000 -10.299999
v -8.280000 0.000000 -10.500000
v -8.280000 3.300000 -10.500000
v -8.380000 1.450000 -10.299999
v -8.630000 1.200000 -10.299999
v -8.392236 1.372746 -10.299999
v -8.427746 1.303054 -10.299999
v -8.483053 1.247746 -10.299999
v -8.552746 1.212236 -10.299999
v -8.630000 2.100000 -10.299999
v -8.380000 1.850000 -10.299999
v -8.552746 2.087764 -10.299999
v -8.483053 2.052254 -10.299999
v -8.427746 1.996947 -10.299999
v -8.392236 1.927254 -10.299999
v -9.799999 1.850000 -10.299999
v -9.549999 2.100000 -10.299999
v -9.787764 1.927255 -10.299999
v -9.752254 1.996947 -10.299999
v -9.696946 2.052255 -10.299999
v -9.627254 2.087765 -10.299999
v -9.549999 1.200000 -10.299999
v -9.799999 1.450000 -10.299999
v -9.627254 1.212236 -10.299999
v -9.696946 1.247746 -10.299999
v -9.752254 1.303054 -10.299999
v -9.787764 1.372746 -10.299999
v -8.380000 1.850000 -10.400000
v -8.630000 2.100000 -10.400000
v -8.392236 1.927254 -10.400000
v -8.427746 1.996947 -10.400000
v -8.483053 2.052254 -10.400000
v -8.552746 2.087764 -10.400000
v -8.630000 1.200000 -10.400000
v -8.380000 1.450000 -10.400000
v -8.552746 1.212236 -10.400000
v -8.483053 1.247746 -10.400000
v -8.427746 1.303054 -10.400000
v -8.392236 1.372746 -10.400000
v -9.799999 1.450000 -10.400000
v -9.549999 1.200000 -10.400000
v -9.787764 1.372746 -10.400000
v -9.752254 1.303054 -10.400000
v -9.696946 1.247746 -10.400000
v -9.627254 1.212236 -10.400000
v -9.549999 2.100000 -10.400000
v -9.799999 1.850000 -10.400000
v -9.627254 2.087765 -10.400000
v -9.696946 2.052255 -10.400000
v -9.752254 1.996947 -10.400000
v -9.787764 1.927255 -10.400000
v -9.742000 0.960000 -10.265600
v -9.742000 1.040000 -10.265600
v -9.742000 0.960000 -10.289600
v -9.742000 1.040000 -10.289600
v -9.662000 0.960000 -10.265600
v -9.662000 1.040000 -10.265600
v -9.662000 0.960000 -10.289600
v -9.662000 1.040000 -10.289600
v -9.542000 1.068000 -10.257600
v -9.542000 0.932000 -10.257600
v -9.542000 0.932000 -10.233601
v -9.542000 1.068000 -10.233601
v -9.302000 1.032640 -10.284801
v -9.302000 0.967360 -10.284801
v -9.302000 0.967360 -10.270400
v -9.302000 1.032640 -10.270400
v -9.742000 1.040000 -10.361600
v -9.742000 0.960000 -10.361600
v -9.662000 0.960000 -10.361600
v -9.662000 1.040000 -10.361600
vn -1.0000 -0.0000 -0.0000
vn -0.0000 -0.0000 -1.0000
vn 1.0000 -0.0000 -0.0000
vn -0.0000 -1.0000 -0.0000
vn -0.0000 1.0000 -0.0000
vn -0.0000 -0.0000 1.0000
vn 0.1564 0.9877 -0.0000
vn 0.4540 0.8910 -0.0000
vn 0.7071 0.7071 -0.0000
vn 0.8910 0.4540 -0.0000
vn 0.9877 0.1564 -0.0000
vn 0.1564 -0.9877 -0.0000
vn 0.4540 -0.8910 -0.0000
vn 0.7071 -0.7071 -0.0000
vn 0.8910 -0.4540 -0.0000
vn 0.9877 -0.1564 -0.0000
vn -0.9877 0.1564 -0.0000
vn -0.8910 0.4540 -0.0000
vn -0.7071 0.7071 -0.0000
vn -0.4540 0.8910 -0.0000
vn -0.1564 0.9877 -0.0000
vn -0.9877 -0.1564 -0.0000
vn -0.8910 -0.4540 -0.0000
vn -0.7071 -0.7071 -0.0000
vn -0.4540 -0.8910 -0.0000
vn -0.1564 -0.9877 -0.0000
vn -0.2272 -0.9738 -0.0000
vn 0.1458 0.9893 -0.0000
vn -0.2272 0.9738 -0.0000
vn 0.2577 -0.0000 -0.9662
vn -0.2577 -0.0000 0.9662
vn -0.1126 -0.0000 -0.9936
vn 0.1516 -0.0000 0.9884
vn 0.1458 -0.9893 -0.0000
vt 0.538796 0.421129
vt 0.979890 0.421129
vt 0.979890 0.457493
vt 0.538796 0.457493
vt 0.480732 0.189439
vt 0.480732 0.878607
vt 0.302508 0.878607
vt 0.302508 0.189439
vt 0.538796 0.457493
vt 0.979890 0.493856
vt 0.538796 0.493857
vt 0.979890 0.520589
vt 0.685345 0.520589
vt 0.685345 0.493856
vt 0.979890 0.493856
vt 0.979890 0.547322
vt 0.685345 0.547322
vt 0.438114 0.438391
vt 0.446430 0.440906
vt 0.453932 0.448207
vt 0.459886 0.459577
vt 0.463708 0.473904
vt 0.465025 0.489787
vt 0.465025 0.572019
vt 0.463708 0.587901
vt 0.459886 0.602229
vt 0.453932 0.613599
vt 0.446430 0.620899
vt 0.438114 0.623415
vt 0.339082 0.623415
vt 0.330766 0.620899
vt 0.323264 0.613599
vt 0.317310 0.602229
vt 0.313488 0.587901
vt 0.312170 0.572019
vt 0.312170 0.489787
vt 0.313488 0.473904
vt 0.317310 0.459577
vt 0.323264 0.448207
vt 0.330766 0.440906
vt 0.339082 0.438391
vt 0.785900 0.560689
vt 0.953173 0.560689
vt 0.953173 0.574055
vt 0.785900 0.574055
vt 0.621950 0.578871
vt 0.568484 0.578871
vt 0.568484 0.560689
vt 0.621950 0.560689
vt 0.785900 0.547322
vt 0.953173 0.547322
vt 0.953173 0.560689
vt 0.785900 0.560689
vt 0.771854 0.574055
vt 0.771854 0.560689
vt 0.759182 0.574055
vt 0.759182 0.560689
vt 0.749126 0.574055
vt 0.749126 0.560689
vt 0.548843 0.578871
vt 0.548843 0.560689
vt 0.558158 0.560689
vt 0.558158 0.578871
vt 0.967219 0.547322
vt 0.967219 0.560689
vt 0.979890 0.560689
vt 0.648985 0.560689
vt 0.648985 0.578871
vt 0.641592 0.578871
vt 0.641592 0.560689
vt 0.632277 0.578871
vt 0.632277 0.560689
vt 0.676019 0.560689
vt 0.676019 0.578871
vt 0.665693 0.578871
vt 0.665693 0.560689
vt 0.656377 0.578871
vt 0.656377 0.560689
vt 0.648985 0.560689
vt 0.979890 0.574055
vt 0.967219 0.574055
vt 0.729485 0.578871
vt 0.729485 0.560689
vt 0.739811 0.560689
vt 0.739811 0.578871
vt 0.749126 0.578871
vt 0.749126 0.560689
vt 0.749126 0.547322
vt 0.759182 0.547322
vt 0.759182 0.560689
vt 0.771854 0.547322
vt 0.771854 0.560689
vt 0.323427 0.448542
vt 0.301484 0.189190
vt 0.301484 0.875115
vt 0.323427 0.615763
vt 0.317450 0.604267
vt 0.313613 0.589781
vt 0.312290 0.573724
vt 0.312290 0.490581
vt 0.313613 0.474524
vt 0.317450 0.460038
vt 0.447077 0.441161
vt 0.454609 0.448542
vt 0.476552 0.189190
vt 0.330958 0.441161
vt 0.339307 0.438617
vt 0.438729 0.438617
vt 0.460586 0.460038
vt 0.464423 0.474524
vt 0.465746 0.490581
vt 0.465746 0.573724
vt 0.464423 0.589781
vt 0.460586 0.604267
vt 0.454609 0.615763
vt 0.476552 0.875115
vt 0.447077 0.623144
vt 0.438729 0.625688
vt 0.339307 0.625688
vt 0.330958 0.623144
vt 0.408601 0.862231
vt 0.257267 0.862231
vt 0.257267 0.816831
vt 0.408601 0.816831
vt 0.559368 0.827204
vt 0.583210 0.677792
vt 0.717709 0.699255
vt 0.693866 0.848666
vt 0.741551 0.178028
vt 0.786384 0.170874
vt 0.762542 0.405605
vt 0.717709 0.412759
vt 0.052967 0.680237
vt 0.204301 0.680237
vt 0.204301 0.831474
vt 0.052967 0.831474
vt 0.762542 0.021463
vt 0.717709 0.028617
vt 0.514535 0.820050
vt 0.538377 0.670638
vt 0.559368 0.443061
vt 0.514535 0.435907
vt 0.654589 0.000000
vt 0.681488 0.004293
vt 0.310234 -0.000000
vt 0.461568 -0.000000
vt 0.514535 0.229691
vt 0.257267 0.229691
vt 0.000000 0.451211
vt 0.257267 0.451211
vt 0.447645 0.680630
vt 0.324157 0.680630
vt 0.066889 -0.000000
vt 0.190378 -0.000000
vt 0.884662 0.844374
vt 0.857763 0.848666
vt 0.408601 0.804118
vt 0.408601 0.680630
vt 0.435841 0.680630
vt 0.435841 0.804118
vt -0.000000 0.982807
vt -0.000000 0.831474
vt 0.151152 0.831474
vt 0.151152 0.982807
vt 0.257267 0.680630
vt 0.408601 0.680630
vt 0.650735 0.848666
vt 0.650735 1.000000
vt 0.514535 1.000000
vt 0.514535 0.848666
vt 0.897040 -0.000000
vt 0.920883 0.149411
s 0
usemtl train_door
f 585/1171/37 586/1172/37 588/1173/37 587/1174/37
f 587/1175/38 588/1176/38 592/1177/38 591/1178/38
f 591/1179/39 592/1173/39 590/1180/39 589/1181/39
f 587/1182/40 591/1183/40 589/1184/40 585/1185/40
f 592/1186/41 588/1187/41 586/1183/41 590/1182/41
f 623/1188/42 625/1189/42 626/1190/42 627/1191/42 628/1192/42 624/1193/42 617/1194/42 619/1195/42 620/1196/42 621/1197/42 622/1198/42 618/1199/42 635/1200/42 637/1201/42 638/1202/42 639/1203/42 640/1204/42 636/1205/42 629/1206/42 631/1207/42 632/1208/42 633/1209/42 634/1210/42 630/1211/42
f 611/1212/41 594/1213/41 623/1214/41 630/1215/41
f 605/1216/39 612/1217/39 629/1218/39 636/1219/39
f 599/1220/40 606/1221/40 635/1222/40 618/1223/40
f 611/1212/43 630/1215/43 634/1224/43 613/1225/43
f 613/1225/44 634/1224/44 633/1226/44 614/1227/44
f 614/1227/45 633/1226/45 632/1228/45 615/1229/45
f 615/1230/46 632/1231/46 631/1232/46 616/1233/46
f 616/1233/47 631/1232/47 629/1218/47 612/1217/47
f 635/1222/48 606/1221/48 610/1234/48 637/1235/48
f 637/1235/49 610/1234/49 609/1186/49 638/1236/49
f 638/1237/50 609/1238/50 608/1239/50 639/1240/50
f 639/1240/51 608/1239/51 607/1241/51 640/1242/51
f 640/1242/52 607/1241/52 605/1216/52 636/1219/52
f 593/1243/53 624/1244/53 628/1245/53 595/1246/53
f 595/1246/54 628/1245/54 627/1247/54 596/1248/54
f 596/1248/55 627/1247/55 626/1238/55 597/1249/55
f 597/1236/56 626/1250/56 625/1251/56 598/1235/56
f 598/1235/57 625/1251/57 623/1214/57 594/1213/57
f 617/1252/58 600/1253/58 604/1254/58 619/1255/58
f 619/1255/59 604/1254/59 603/1229/59 620/1256/59
f 620/1257/60 603/1258/60 602/1259/60 621/1260/60
f 621/1260/61 602/1259/61 601/1261/61 622/1262/61
f 622/1262/62 601/1261/62 599/1220/62 618/1223/62
f 593/1243/37 600/1253/37 617/1252/37 624/1244/37
f 597/1263/42 589/1264/42 590/1265/42 602/1266/42 603/1267/42 604/1268/42 600/1269/42 593/1270/42 595/1271/42 596/1272/42
f 613/1273/42 614/1274/42 585/1275/42 589/1264/42 597/1263/42 598/1276/42 594/1277/42 611/1278/42
f 614/1274/42 615/1279/42 616/1280/42 612/1281/42 605/1282/42 607/1283/42 608/1284/42 609/1285/42 586/1286/42 585/1275/42
f 609/1285/42 610/1287/42 606/1288/42 599/1289/42 601/1290/42 602/1266/42 590/1265/42 586/1286/42
usemtl train_door_handle
f 641/1291/37 642/1292/37 644/1293/37 643/1294/37
f 644/1295/41 648/1296/41 660/1297/41 657/1298/41
f 645/1299/63 647/1300/63 650/1301/63 651/1302/63
f 645/1303/42 646/1304/42 642/1305/42 641/1306/42
f 643/1307/40 647/1300/40 645/1299/40 641/1308/40
f 648/1296/41 644/1295/41 642/1309/41 646/1310/41
f 649/1311/64 652/1312/64 656/1313/64 653/1314/64
f 648/1296/65 646/1310/65 652/1312/65 649/1311/65
f 647/1315/66 648/1316/66 649/1317/66 650/1318/66
f 646/1304/67 645/1303/67 651/1319/67 652/1320/67
f 650/1318/68 649/1317/68 653/1321/68 654/1322/68
f 652/1320/69 651/1319/69 655/1323/69 656/1324/69
f 651/1302/70 650/1301/70 654/1325/70 655/1326/70
f 654/1327/39 653/1328/39 656/1329/39 655/1330/39
f 658/1331/38 657/1332/38 660/1333/38 659/1334/38
f 643/1294/37 644/1293/37 657/1335/37 658/1336/37
f 648/1337/39 647/1338/39 659/1339/39 660/1340/39
f 647/1300/40 643/1307/40 658/1341/40 659/1342/40
o Cube.021
v -10.330000 1.100000 -10.300000
v -11.750000 2.200000 -10.100000
v -11.750000 1.100000 -10.300000
v -11.750000 2.200000 -10.300000
v -10.350000 2.200000 -10.100000
v -10.350000 1.100000 -10.300000
v -10.350000 2.200000 -10.300000
v -10.330000 2.200000 -10.100000
v -11.770000 1.100000 -10.300000
v -11.770000 2.200000 -10.100000
v -10.330000 2.220000 -10.300000
v -10.330000 2.220000 -10.100000
v -11.770000 2.220000 -10.100000
v -11.770000 2.220000 -10.300000
v 11.669999 1.100000 -10.300000
v 10.249999 2.200000 -10.100000
v 10.249999 1.100000 -10.300000
v 10.249999 2.200000 -10.300000
v 11.650001 2.200000 -10.100000
v 11.650001 1.100000 -10.300000
v 11.650001 2.200000 -10.300000
v 11.669999 2.200000 -10.100000
v 10.230000 1.100000 -10.300000
v 10.230000 2.200000 -10.100000
v 11.669999 2.220000 -10.300000
v 11.669999 2.220000 -10.100000
v 10.230000 2.220000 -10.100000
v 10.230000 2.220000 -10.300000
vn -1.0000 -0.0000 -0.0000
vn 1.0000 -0.0000 -0.0000
vn -0.0000 -0.1789 0.9839
vn -0.0000 -0.0000 -1.0000
vn -0.0000 1.0000 -0.0000
vn -0.0000 -0.0000 1.0000
vn -0.0000 -1.0000 -0.0000
vt 0.438761 0.119143
vt 0.438761 0.116517
vt 0.458063 0.116517
vt 0.458063 0.263549
vt 0.561339 0.260923
vt 0.561339 0.116517
vt 0.580641 0.116517
vt 0.612045 0.378571
vt 0.691227 0.378571
vt 0.691227 0.382143
vt 0.612045 0.382142
vt 0.773237 0.128571
vt 0.773237 0.378571
vt 0.851282 0.378571
vt 0.851282 0.382143
vt 0.771818 0.382142
vt 0.771818 0.125000
vt 0.851282 0.125000
vt 0.851282 0.128571
vt 0.542037 0.116517
vt 0.944935 0.382142
vt 0.930746 0.382142
vt 0.930746 0.125000
vt 0.944935 0.125000
vt 0.612045 0.125000
vt 0.612045 0.128571
vt 0.610636 0.382142
vt 0.610636 0.125000
vt 0.477365 0.116517
vt 0.477365 0.119143
vt 0.691227 0.128571
vt 0.691227 0.125000
vt 0.974750 0.125000
vt 0.988940 0.125000
vt 0.988940 0.375000
vt 0.974750 0.375000
vt 0.496667 0.116517
vt 0.496667 0.263549
vt 0.522735 0.260923
vt 0.522735 0.116517
vt 0.692636 0.378571
vt 0.771818 0.378571
vt 0.771818 0.382142
vt 0.692636 0.382142
vt 0.852701 0.128571
vt 0.852701 0.378571
vt 0.930746 0.378571
vt 0.930746 0.382142
vt 0.851282 0.382142
vt 0.930746 0.125000
vt 0.930746 0.128571
vt 0.515969 0.260923
vt 0.515969 0.116517
vt 0.959125 0.382142
vt 0.944935 0.382142
vt 0.944935 0.125000
vt 0.959125 0.125000
vt 0.692636 0.124999
vt 0.692636 0.128571
vt 0.691227 0.382142
vt 0.691227 0.124999
vt 0.580641 0.263548
vt 0.599943 0.116517
vt 0.599943 0.119143
vt 0.771818 0.128571
vt 0.771818 0.125000
vt 0.973315 0.125000
vt 0.973315 0.375000
vt 0.959125 0.375000
s 0
usemtl train_base
f 670/1343/71 673/1344/71 674/1345/71 669/1346/71
f 663/1347/72 664/1348/72 662/1349/72
f 665/1350/73 666/1351/73 661/1352/73 668/1353/73
f 667/1354/74 664/1355/74 663/1356/74 669/1357/74 674/1358/74 671/1359/74 661/1360/74 666/1361/74
f 666/1347/71 665/1362/71 667/1348/71
f 674/1363/75 673/1364/75 672/1365/75 671/1366/75
f 670/1367/76 662/1368/76 665/1350/76 668/1353/76 672/1369/76 673/1370/76
f 661/1346/72 671/1345/72 672/1371/72 668/1372/72
f 663/1373/73 662/1368/73 670/1367/73 669/1374/73
f 662/1375/77 664/1376/77 667/1377/77 665/1378/77
f 684/1372/71 687/1371/71 688/1379/71 683/1380/71
f 677/1381/72 678/1382/72 676/1362/72
f 679/1383/73 680/1384/73 675/1385/73 682/1386/73
f 681/1387/74 678/1388/74 677/1389/74 683/1390/74 688/1391/74 685/1360/74 675/1392/74 680/1393/74
f 680/1394/71 679/1379/71 681/1395/71
f 688/1396/75 687/1397/75 686/1398/75 685/1399/75
f 684/1400/76 676/1401/76 679/1383/76 682/1386/76 686/1402/76 687/1403/76
f 675/1404/72 685/1349/72 686/1405/72 682/1406/72
f 677/1407/73 676/1401/73 684/1400/73 683/1408/73
f 676/1399/77 678/1409/77 681/1410/77 679/1411/77
o Cube.006
v 33.382149 0.000000 -10.299999
v 33.382149 3.300000 -10.299999
v 33.382149 0.000000 -10.500000
v 33.382149 3.300000 -10.500000
v 35.002148 0.000000 -10.299999
v 35.002148 3.300000 -10.299999
v 35.002148 0.000000 -10.500000
v 35.002148 3.300000 -10.500000
v 34.902149 1.450000 -10.299999
v 34.652149 1.200000 -10.299999
v 34.889912 1.372746 -10.299999
v 34.854404 1.303054 -10.299999
v 34.799095 1.247746 -10.299999
v 34.729404 1.212236 -10.299999
v 34.652149 2.100000 -10.299999
v 34.902149 1.850000 -10.299999
v 34.729404 2.087764 -10.299999
v 34.799095 2.052254 -10.299999
v 34.854404 1.996947 -10.299999
v 34.889912 1.927254 -10.299999
v 33.482151 1.850000 -10.299999
v 33.732151 2.100000 -10.299999
v 33.494385 1.927255 -10.299999
v 33.529896 1.996947 -10.299999
v 33.585201 2.052255 -10.299999
v 33.654896 2.087765 -10.299999
v 33.732151 1.200000 -10.299999
v 33.482151 1.450000 -10.299999
v 33.654896 1.212236 -10.299999
v 33.585201 1.247746 -10.299999
v 33.529896 1.303054 -10.299999
v 33.494385 1.372746 -10.299999
v 34.902149 1.850000 -10.400000
v 34.652149 2.100000 -10.400000
v 34.889912 1.927254 -10.400000
v 34.854404 1.996947 -10.400000
v 34.799095 2.052254 -10.400000
v 34.729404 2.087764 -10.400000
v 34.652149 1.200000 -10.400000
v 34.902149 1.450000 -10.400000
v 34.729404 1.212236 -10.400000
v 34.799095 1.247746 -10.400000
v 34.854404 1.303054 -10.400000
v 34.889912 1.372746 -10.400000
v 33.482151 1.450000 -10.400000
v 33.732151 1.200000 -10.400000
v 33.494385 1.372746 -10.400000
v 33.529896 1.303054 -10.400000
v 33.585201 1.247746 -10.400000
v 33.654896 1.212236 -10.400000
v 33.732151 2.100000 -10.400000
v 33.482151 1.850000 -10.400000
v 33.654896 2.087765 -10.400000
v 33.585201 2.052255 -10.400000
v 33.529896 1.996947 -10.400000
v 33.494385 1.927255 -10.400000
v 34.742001 1.040000 -10.265600
v 34.742001 0.960000 -10.265600
v 34.742001 1.040000 -10.289600
v 34.742001 0.960000 -10.289600
v 34.661999 1.040000 -10.265600
v 34.661999 0.960000 -10.265600
v 34.661999 1.040000 -10.289600
v 34.661999 0.960000 -10.289600
v 34.542000 0.932000 -10.257600
v 34.542000 1.068000 -10.257600
v 34.542000 1.068000 -10.233601
v 34.542000 0.932000 -10.233601
v 34.301998 0.967360 -10.284801
v 34.301998 1.032640 -10.284801
v 34.301998 1.032640 -10.270400
v 34.301998 0.967360 -10.270400
v 34.742001 0.960000 -10.361600
v 34.742001 1.040000 -10.361600
v 34.661999 1.040000 -10.361600
v 34.661999 0.960000 -10.361600
vn -1.0000 -0.0000 -0.0000
vn -0.0000 -0.0000 -1.0000
vn 1.0000 -0.0000 -0.0000
vn -0.0000 -1.0000 -0.0000
vn -0.0000 1.0000 -0.0000
vn -0.0000 -0.0000 1.0000
vn 0.1564 0.9877 -0.0000
vn 0.4540 0.8910 -0.0000
vn 0.7071 0.7071 -0.0000
vn 0.8910 0.4540 -0.0000
vn 0.9877 0.1564 -0.0000
vn 0.1564 -0.9877 -0.0000
vn 0.4540 -0.8910 -0.0000
vn 0.7071 -0.7071 -0.0000
vn 0.8910 -0.4540 -0.0000
vn 0.9877 -0.1564 -0.0000
vn -0.9877 0.1564 -0.0000
vn -0.8910 0.4540 -0.0000
vn -0.7071 0.7071 -0.0000
vn -0.4540 0.8910 -0.0000
vn -0.1564 0.9877 -0.0000
vn -0.9877 -0.1564 -0.0000
vn -0.8910 -0.4540 -0.0000
vn -0.7071 -0.7071 -0.0000
vn -0.4540 -0.8910 -0.0000
vn -0.1564 -0.9877 -0.0000
vn 0.2272 0.9738 -0.0000
vn -0.1458 -0.9893 -0.0000
vn 0.2272 -0.9738 -0.0000
vn -0.2577 -0.0000 -0.9662
vn 0.2577 -0.0000 0.9662
vn 0.1126 -0.0000 -0.9936
vn -0.1516 -0.0000 0.9884
vn -0.1458 0.9893 -0.0000
vt 0.538796 0.421129
vt 0.979890 0.421129
vt 0.979890 0.457493
vt 0.538796 0.457493
vt 0.480732 0.878358
vt 0.480732 0.189190
vt 0.302508 0.189190
vt 0.302508 0.878358
vt 0.538796 0.457493
vt 0.979890 0.493856
vt 0.538796 0.493857
vt 0.979890 0.520589
vt 0.685345 0.520589
vt 0.685345 0.493856
vt 0.979890 0.493856
vt 0.979890 0.547322
vt 0.685345 0.547322
vt 0.438114 0.438391
vt 0.446430 0.440906
vt 0.453932 0.448207
vt 0.459886 0.459577
vt 0.463708 0.473904
vt 0.465025 0.489787
vt 0.465025 0.572019
vt 0.463708 0.587901
vt 0.459886 0.602229
vt 0.453932 0.613599
vt 0.446430 0.620899
vt 0.438114 0.623415
vt 0.339082 0.623415
vt 0.330766 0.620899
vt 0.323264 0.613599
vt 0.317310 0.602229
vt 0.313488 0.587901
vt 0.312170 0.572019
vt 0.312170 0.489787
vt 0.313488 0.473904
vt 0.317310 0.459577
vt 0.323264 0.448207
vt 0.330766 0.440906
vt 0.339082 0.438391
vt 0.785900 0.560689
vt 0.953173 0.560689
vt 0.953173 0.574055
vt 0.785900 0.574055
vt 0.621950 0.578871
vt 0.568484 0.578871
vt 0.568484 0.560689
vt 0.621950 0.560689
vt 0.785900 0.547322
vt 0.953173 0.547322
vt 0.953173 0.560689
vt 0.785900 0.560689
vt 0.771854 0.574055
vt 0.771854 0.560689
vt 0.759182 0.574055
vt 0.759182 0.560689
vt 0.749126 0.574055
vt 0.749126 0.560689
vt 0.548843 0.578871
vt 0.548843 0.560689
vt 0.558158 0.560689
vt 0.558158 0.578871
vt 0.967219 0.547322
vt 0.967219 0.560689
vt 0.979890 0.560689
vt 0.648985 0.560689
vt 0.648985 0.578871
vt 0.641592 0.578871
vt 0.641592 0.560689
vt 0.632277 0.578871
vt 0.632277 0.560689
vt 0.676019 0.560689
vt 0.676019 0.578871
vt 0.665693 0.578871
vt 0.665693 0.560689
vt 0.656377 0.578871
vt 0.656377 0.560689
vt 0.648985 0.560689
vt 0.979890 0.574055
vt 0.967219 0.574055
vt 0.729485 0.578871
vt 0.729485 0.560689
vt 0.739811 0.560689
vt 0.739811 0.578871
vt 0.749126 0.578871
vt 0.749126 0.560689
vt 0.749126 0.547322
vt 0.759182 0.547322
vt 0.759182 0.560689
vt 0.771854 0.547322
vt 0.771854 0.560689
vt 0.323427 0.452034
vt 0.301484 0.192683
vt 0.301484 0.878607
vt 0.323427 0.619256
vt 0.317450 0.607760
vt 0.313613 0.593274
vt 0.312290 0.577216
vt 0.312290 0.494074
vt 0.313613 0.478016
vt 0.317450 0.463530
vt 0.447077 0.444653
vt 0.454609 0.452034
vt 0.476552 0.192683
vt 0.330958 0.444653
vt 0.339307 0.442110
vt 0.438729 0.442110
vt 0.460586 0.463530
vt 0.464423 0.478016
vt 0.465746 0.494074
vt 0.465746 0.577216
vt 0.464423 0.593274
vt 0.460586 0.607760
vt 0.454609 0.619256
vt 0.476552 0.878607
vt 0.447077 0.626637
vt 0.438729 0.629180
vt 0.339307 0.629180
vt 0.330958 0.626637
vt 0.408601 0.862231
vt 0.257267 0.862231
vt 0.257267 0.816831
vt 0.408601 0.816831
vt 0.559368 0.827204
vt 0.583210 0.677792
vt 0.717709 0.699255
vt 0.693866 0.848666
vt 0.741551 0.178028
vt 0.786384 0.170874
vt 0.762542 0.405605
vt 0.717709 0.412759
vt 0.052967 0.680237
vt 0.204301 0.680237
vt 0.204301 0.831474
vt 0.052967 0.831474
vt 0.762542 0.021463
vt 0.717709 0.028617
vt 0.514535 0.820050
vt 0.538377 0.670638
vt 0.559368 0.443061
vt 0.514535 0.435907
vt 0.654589 0.000000
vt 0.681488 0.004293
vt 0.310234 -0.000000
vt 0.461568 -0.000000
vt 0.514535 0.229691
vt 0.257267 0.229691
vt 0.000000 0.451211
vt 0.257267 0.451211
vt 0.447645 0.680630
vt 0.324157 0.680630
vt 0.066889 -0.000000
vt 0.190378 -0.000000
vt 0.884662 0.844374
vt 0.857763 0.848666
vt 0.408601 0.804118
vt 0.408601 0.680630
vt 0.435841 0.680630
vt 0.435841 0.804118
vt -0.000000 0.982807
vt -0.000000 0.831474
vt 0.151152 0.831474
vt 0.151152 0.982807
vt 0.257267 0.680630
vt 0.408601 0.680630
vt 0.650735 0.848666
vt 0.650735 1.000000
vt 0.514535 1.000000
vt 0.514535 0.848666
vt 0.897040 -0.000000
vt 0.920883 0.149411
s 0
usemtl train_door.002
f 689/1412/78 690/1413/78 692/1414/78 691/1415/78
f 691/1416/79 692/1417/79 696/1418/79 695/1419/79
f 695/1420/80 696/1414/80 694/1421/80 693/1422/80
f 691/1423/81 695/1424/81 693/1425/81 689/1426/81
f 696/1427/82 692/1428/82 690/1424/82 694/1423/82
f 727/1429/83 729/1430/83 730/1431/83 731/1432/83 732/1433/83 728/1434/83 721/1435/83 723/1436/83 724/1437/83 725/1438/83 726/1439/83 722/1440/83 739/1441/83 741/1442/83 742/1443/83 743/1444/83 744/1445/83 740/1446/83 733/1447/83 735/1448/83 736/1449/83 737/1450/83 738/1451/83 734/1452/83
f 715/1453/82 698/1454/82 727/1455/82 734/1456/82
f 709/1457/80 716/1458/80 733/1459/80 740/1460/80
f 703/1461/81 710/1462/81 739/1463/81 722/1464/81
f 715/1453/84 734/1456/84 738/1465/84 717/1466/84
f 717/1466/85 738/1465/85 737/1467/85 718/1468/85
f 718/1468/86 737/1467/86 736/1469/86 719/1470/86
f 719/1471/87 736/1472/87 735/1473/87 720/1474/87
f 720/1474/88 735/1473/88 733/1459/88 716/1458/88
f 739/1463/89 710/1462/89 714/1475/89 741/1476/89
f 741/1476/90 714/1475/90 713/1427/90 742/1477/90
f 742/1478/91 713/1479/91 712/1480/91 743/1481/91
f 743/1481/92 712/1480/92 711/1482/92 744/1483/92
f 744/1483/93 711/1482/93 709/1457/93 740/1460/93
f 697/1484/94 728/1485/94 732/1486/94 699/1487/94
f 699/1487/95 732/1486/95 731/1488/95 700/1489/95
f 700/1489/96 731/1488/96 730/1479/96 701/1490/96
f 701/1477/97 730/1491/97 729/1492/97 702/1476/97
f 702/1476/98 729/1492/98 727/1455/98 698/1454/98
f 721/1493/99 704/1494/99 708/1495/99 723/1496/99
f 723/1496/100 708/1495/100 707/1470/100 724/1497/100
f 724/1498/101 707/1499/101 706/1500/101 725/1501/101
f 725/1501/102 706/1500/102 705/1502/102 726/1503/102
f 726/1503/103 705/1502/103 703/1461/103 722/1464/103
f 697/1484/78 704/1494/78 721/1493/78 728/1485/78
f 701/1504/83 693/1505/83 694/1506/83 706/1507/83 707/1508/83 708/1509/83 704/1510/83 697/1511/83 699/1512/83 700/1513/83
f 717/1514/83 718/1515/83 689/1516/83 693/1505/83 701/1504/83 702/1517/83 698/1518/83 715/1519/83
f 718/1515/83 719/1520/83 720/1521/83 716/1522/83 709/1523/83 711/1524/83 712/1525/83 713/1526/83 690/1527/83 689/1516/83
f 713/1526/83 714/1528/83 710/1529/83 703/1530/83 705/1531/83 706/1507/83 694/1506/83 690/1527/83
usemtl train_door_handle.002
f 745/1532/80 746/1533/80 748/1534/80 747/1535/80
f 748/1536/81 752/1537/81 764/1538/81 761/1539/81
f 749/1540/104 751/1541/104 754/1542/104 755/1543/104
f 749/1544/83 750/1545/83 746/1546/83 745/1547/83
f 747/1548/82 751/1541/82 749/1540/82 745/1549/82
f 752/1537/81 748/1536/81 746/1550/81 750/1551/81
f 753/1552/105 756/1553/105 760/1554/105 757/1555/105
f 752/1537/106 750/1551/106 756/1553/106 753/1552/106
f 751/1556/107 752/1557/107 753/1558/107 754/1559/107
f 750/1545/108 749/1544/108 755/1560/108 756/1561/108
f 754/1559/109 753/1558/109 757/1562/109 758/1563/109
f 756/1561/110 755/1560/110 759/1564/110 760/1565/110
f 755/1543/111 754/1542/111 758/1566/111 759/1567/111
f 758/1568/78 757/1569/78 760/1570/78 759/1571/78
f 762/1572/79 761/1573/79 764/1574/79 763/1575/79
f 747/1535/80 748/1534/80 761/1576/80 762/1577/80
f 752/1578/78 751/1579/78 763/1580/78 764/1581/78
f 751/1541/82 747/1548/82 762/1582/82 763/1583/82
o Cube.011
v 14.770000 1.100000 -10.300000
v 13.350000 2.200000 -10.100000
v 13.350000 1.100000 -10.300000
v 13.350000 2.200000 -10.300000
v 14.750000 2.200000 -10.100000
v 14.750000 1.100000 -10.300000
v 14.750000 2.200000 -10.300000
v 14.770000 2.200000 -10.100000
v 13.330000 1.100000 -10.300000
v 13.330000 2.200000 -10.100000
v 14.770000 2.220000 -10.300000
v 14.770000 2.220000 -10.100000
v 13.330000 2.220000 -10.100000
v 13.330000 2.220000 -10.300000
v 36.770000 1.100000 -10.300000
v 35.349998 2.200000 -10.100000
v 35.349998 1.100000 -10.300000
v 35.349998 2.200000 -10.300000
v 36.750000 2.200000 -10.100000
v 36.750000 1.100000 -10.300000
v 36.750000 2.200000 -10.300000
v 36.770000 2.200000 -10.100000
v 35.330002 1.100000 -10.300000
v 35.330002 2.200000 -10.100000
v 36.770000 2.220000 -10.300000
v 36.770000 2.220000 -10.100000
v 35.330002 2.220000 -10.100000
v 35.330002 2.220000 -10.300000
vn -1.0000 -0.0000 -0.0000
vn 1.0000 -0.0000 -0.0000
vn -0.0000 -0.1789 0.9839
vn -0.0000 -0.0000 -1.0000
vn -0.0000 1.0000 -0.0000
vn -0.0000 -0.0000 1.0000
vn -0.0000 -1.0000 -0.0000
vt 0.438761 0.119143
vt 0.438761 0.116517
vt 0.458063 0.116517
vt 0.458063 0.263549
vt 0.561339 0.260923
vt 0.561339 0.116517
vt 0.580641 0.116517
vt 0.612045 0.378571
vt 0.691227 0.378571
vt 0.691227 0.382143
vt 0.612045 0.382142
vt 0.773237 0.128571
vt 0.773237 0.378571
vt 0.851282 0.378571
vt 0.851282 0.382143
vt 0.771818 0.382142
vt 0.771818 0.125000
vt 0.851282 0.125000
vt 0.851282 0.128571
vt 0.542037 0.116517
vt 0.944935 0.382142
vt 0.930746 0.382142
vt 0.930746 0.125000
vt 0.944935 0.125000
vt 0.612045 0.125000
vt 0.612045 0.128571
vt 0.610636 0.382142
vt 0.610636 0.125000
vt 0.477365 0.116517
vt 0.477365 0.119143
vt 0.691227 0.128571
vt 0.691227 0.125000
vt 0.974750 0.125000
vt 0.988940 0.125000
vt 0.988940 0.375000
vt 0.974750 0.375000
vt 0.496667 0.116517
vt 0.496667 0.263549
vt 0.522735 0.260923
vt 0.522735 0.116517
vt 0.692636 0.378571
vt 0.771818 0.378571
vt 0.771818 0.382142
vt 0.692636 0.382142
vt 0.852701 0.128571
vt 0.852701 0.378571
vt 0.930746 0.378571
vt 0.930746 0.382142
vt 0.851282 0.382142
vt 0.930746 0.125000
vt 0.930746 0.128571
vt 0.515969 0.260923
vt 0.515969 0.116517
vt 0.959125 0.382142
vt 0.944935 0.382142
vt 0.944935 0.125000
vt 0.959125 0.125000
vt 0.692636 0.124999
vt 0.692636 0.128571
vt 0.691227 0.382142
vt 0.691227 0.124999
vt 0.580641 0.263548
vt 0.599943 0.116517
vt 0.599943 0.119143
vt 0.771818 0.128571
vt 0.771818 0.125000
vt 0.973315 0.125000
vt 0.973315 0.375000
vt 0.959125 0.375000
s 0
usemtl train_base.001
f 774/1584/112 777/1585/112 778/1586/112 773/1587/112
f 767/1588/113 768/1589/113 766/1590/113
f 769/1591/114 770/1592/114 765/1593/114 772/1594/114
f 771/1595/115 768/1596/115 767/1597/115 773/1598/115 778/1599/115 775/1600/115 765/1601/115 770/1602/115
f 770/1588/112 769/1603/112 771/1589/112
f 778/1604/116 777/1605/116 776/1606/116 775/1607/116
f 774/1608/117 766/1609/117 769/1591/117 772/1594/117 776/1610/117 777/1611/117
f 765/1587/113 775/1586/113 776/1612/113 772/1613/113
f 767/1614/114 766/1609/114 774/1608/114 773/1615/114
f 766/1616/118 768/1617/118 771/1618/118 769/1619/118
f 788/1613/112 791/1612/112 792/1620/112 787/1621/112
f 781/1622/113 782/1623/113 780/1603/113
f 783/1624/114 784/1625/114 779/1626/114 786/1627/114
f 785/1628/115 782/1629/115 781/1630/115 787/1631/115 792/1632/115 789/1601/115 779/1633/115 784/1634/115
f 784/1635/112 783/1620/112 785/1636/112
f 792/1637/116 791/1638/116 790/1639/116 789/1640/116
f 788/1641/117 780/1642/117 783/1624/117 786/1627/117 790/1643/117 791/1644/117
f 779/1645/113 789/1590/113 790/1646/113 786/1647/113
f 781/1648/114 780/1642/114 788/1641/114 787/1649/114
f 780/1640/118 782/1650/118 785/1651/118 783/1652/118
o Cube.012
v 15.200002 0.000000 -10.299999
v 15.200002 3.300000 -10.299999
v 15.200002 0.000000 -10.500000
v 15.200002 3.300000 -10.500000
v 16.820002 0.000000 -10.299999
v 16.820002 3.300000 -10.299999
v 16.820002 0.000000 -10.500000
v 16.820002 3.300000 -10.500000
v 16.720001 1.450000 -10.299999
v 16.470001 1.200000 -10.299999
v 16.707766 1.372746 -10.299999
v 16.672256 1.303054 -10.299999
v 16.616947 1.247746 -10.299999
v 16.547256 1.212236 -10.299999
v 16.470001 2.100000 -10.299999
v 16.720001 1.850000 -10.299999
v 16.547256 2.087764 -10.299999
v 16.616947 2.052254 -10.299999
v 16.672256 1.996947 -10.299999
v 16.707766 1.927254 -10.299999
v 15.300001 1.850000 -10.299999
v 15.550001 2.100000 -10.299999
v 15.312238 1.927255 -10.299999
v 15.347748 1.996947 -10.299999
v 15.403055 2.052255 -10.299999
v 15.472748 2.087765 -10.299999
v 15.550001 1.200000 -10.299999
v 15.300001 1.450000 -10.299999
v 15.472748 1.212236 -10.299999
v 15.403055 1.247746 -10.299999
v 15.347748 1.303054 -10.299999
v 15.312238 1.372746 -10.299999
v 16.720001 1.850000 -10.400000
v 16.470001 2.100000 -10.400000
v 16.707766 1.927254 -10.400000
v 16.672256 1.996947 -10.400000
v 16.616947 2.052254 -10.400000
v 16.547256 2.087764 -10.400000
v 16.470001 1.200000 -10.400000
v 16.720001 1.450000 -10.400000
v 16.547256 1.212236 -10.400000
v 16.616947 1.247746 -10.400000
v 16.672256 1.303054 -10.400000
v 16.707766 1.372746 -10.400000
v 15.300001 1.450000 -10.400000
v 15.550001 1.200000 -10.400000
v 15.312238 1.372746 -10.400000
v 15.347748 1.303054 -10.400000
v 15.403055 1.247746 -10.400000
v 15.472748 1.212236 -10.400000
v 15.550001 2.100000 -10.400000
v 15.300001 1.850000 -10.400000
v 15.472748 2.087765 -10.400000
v 15.403055 2.052255 -10.400000
v 15.347748 1.996947 -10.400000
v 15.312238 1.927255 -10.400000
v 15.358002 0.960000 -10.265600
v 15.358002 1.040000 -10.265600
v 15.358002 0.960000 -10.289600
v 15.358002 1.040000 -10.289600
v 15.438002 0.960000 -10.265600
v 15.438002 1.040000 -10.265600
v 15.438002 0.960000 -10.289600
v 15.438002 1.040000 -10.289600
v 15.558002 1.068000 -10.257600
v 15.558002 0.932000 -10.257600
v 15.558002 0.932000 -10.233601
v 15.558002 1.068000 -10.233601
v 15.798001 1.032640 -10.284801
v 15.798001 0.967360 -10.284801
v 15.798001 0.967360 -10.270400
v 15.798001 1.032640 -10.270400
v 15.358002 1.040000 -10.361600
v 15.358002 0.960000 -10.361600
v 15.438002 0.960000 -10.361600
v 15.438002 1.040000 -10.361600
vn -1.0000 -0.0000 -0.0000
vn -0.0000 -0.0000 -1.0000
vn 1.0000 -0.0000 -0.0000
vn -0.0000 -1.0000 -0.0000
vn -0.0000 1.0000 -0.0000
vn -0.0000 -0.0000 1.0000
vn 0.1564 0.9877 -0.0000
vn 0.4540 0.8910 -0.0000
vn 0.7071 0.7071 -0.0000
vn 0.8910 0.4540 -0.0000
vn 0.9877 0.1564 -0.0000
vn 0.1564 -0.9877 -0.0000
vn 0.4540 -0.8910 -0.0000
vn 0.7071 -0.7071 -0.0000
vn 0.8910 -0.4540 -0.0000
vn 0.9877 -0.1564 -0.0000
vn -0.9877 0.1564 -0.0000
vn -0.8910 0.4540 -0.0000
vn -0.7071 0.7071 -0.0000
vn -0.4540 0.8910 -0.0000
vn -0.1564 0.9877 -0.0000
vn -0.9877 -0.1564 -0.0000
vn -0.8910 -0.4540 -0.0000
vn -0.7071 -0.7071 -0.0000
vn -0.4540 -0.8910 -0.0000
vn -0.1564 -0.9877 -0.0000
vn -0.2272 -0.9738 -0.0000
vn 0.1458 0.9893 -0.0000
vn -0.2272 0.9738 -0.0000
vn 0.2577 -0.0000 -0.9662
vn -0.2577 -0.0000 0.9662
vn -0.1126 -0.0000 -0.9936
vn 0.1516 -0.0000 0.9884
vn 0.1458 -0.9893 -0.0000
vt 0.538796 0.421129
vt 0.979890 0.421129
vt 0.979890 0.457493
vt 0.538796 0.457493
vt 0.480732 0.189439
vt 0.480732 0.878607
vt 0.302508 0.878607
vt 0.302508 0.189439
vt 0.538796 0.457493
vt 0.979890 0.493856
vt 0.538796 0.493857
vt 0.979890 0.520589
vt 0.685345 0.520589
vt 0.685345 0.493856
vt 0.979890 0.493856
vt 0.979890 0.547322
vt 0.685345 0.547322
vt 0.438114 0.438391
vt 0.446430 0.440906
vt 0.453932 0.448207
vt 0.459886 0.459577
vt 0.463708 0.473904
vt 0.465025 0.489787
vt 0.465025 0.572019
vt 0.463708 0.587901
vt 0.459886 0.602229
vt 0.453932 0.613599
vt 0.446430 0.620899
vt 0.438114 0.623415
vt 0.339082 0.623415
vt 0.330766 0.620899
vt 0.323264 0.613599
vt 0.317310 0.602229
vt 0.313488 0.587901
vt 0.312170 0.572019
vt 0.312170 0.489787
vt 0.313488 0.473904
vt 0.317310 0.459577
vt 0.323264 0.448207
vt 0.330766 0.440906
vt 0.339082 0.438391
vt 0.785900 0.560689
vt 0.953173 0.560689
vt 0.953173 0.574055
vt 0.785900 0.574055
vt 0.621950 0.578871
vt 0.568484 0.578871
vt 0.568484 0.560689
vt 0.621950 0.560689
vt 0.785900 0.547322
vt 0.953173 0.547322
vt 0.953173 0.560689
vt 0.785900 0.560689
vt 0.771854 0.574055
vt 0.771854 0.560689
vt 0.759182 0.574055
vt 0.759182 0.560689
vt 0.749126 0.574055
vt 0.749126 0.560689
vt 0.548843 0.578871
vt 0.548843 0.560689
vt 0.558158 0.560689
vt 0.558158 0.578871
vt 0.967219 0.547322
vt 0.967219 0.560689
vt 0.979890 0.560689
vt 0.648985 0.560689
vt 0.648985 0.578871
vt 0.641592 0.578871
vt 0.641592 0.560689
vt 0.632277 0.578871
vt 0.632277 0.560689
vt 0.676019 0.560689
vt 0.676019 0.578871
vt 0.665693 0.578871
vt 0.665693 0.560689
vt 0.656377 0.578871
vt 0.656377 0.560689
vt 0.648985 0.560689
vt 0.979890 0.574055
vt 0.967219 0.574055
vt 0.729485 0.578871
vt 0.729485 0.560689
vt 0.739811 0.560689
vt 0.739811 0.578871
vt 0.749126 0.578871
vt 0.749126 0.560689
vt 0.749126 0.547322
vt 0.759182 0.547322
vt 0.759182 0.560689
vt 0.771854 0.547322
vt 0.771854 0.560689
vt 0.323427 0.448542
vt 0.301484 0.189190
vt 0.301484 0.875115
vt 0.323427 0.615763
vt 0.317450 0.604267
vt 0.313613 0.589781
vt 0.312290 0.573724
vt 0.312290 0.490581
vt 0.313613 0.474524
vt 0.317450 0.460038
vt 0.447077 0.441161
vt 0.454609 0.448542
vt 0.476552 0.189190
vt 0.330958 0.441161
vt 0.339307 0.438617
vt 0.438729 0.438617
vt 0.460586 0.460038
vt 0.464423 0.474524
vt 0.465746 0.490581
vt 0.465746 0.573724
vt 0.464423 0.589781
vt 0.460586 0.604267
vt 0.454609 0.615763
vt 0.476552 0.875115
vt 0.447077 0.623144
vt 0.438729 0.625688
vt 0.339307 0.625688
vt 0.330958 0.623144
vt 0.408601 0.862231
vt 0.257267 0.862231
vt 0.257267 0.816831
vt 0.408601 0.816831
vt 0.559368 0.827204
vt 0.583210 0.677792
vt 0.717709 0.699255
vt 0.693866 0.848666
vt 0.741551 0.178028
vt 0.786384 0.170874
vt 0.762542 0.405605
vt 0.717709 0.412759
vt 0.052967 0.680237
vt 0.204301 0.680237
vt 0.204301 0.831474
vt 0.052967 0.831474
vt 0.762542 0.021463
vt 0.717709 0.028617
vt 0.514535 0.820050
vt 0.538377 0.670638
vt 0.559368 0.443061
vt 0.514535 0.435907
vt 0.654589 0.000000
vt 0.681488 0.004293
vt 0.310234 -0.000000
vt 0.461568 -0.000000
vt 0.514535 0.229691
vt 0.257267 0.229691
vt 0.000000 0.451211
vt 0.257267 0.451211
vt 0.447645 0.680630
vt 0.324157 0.680630
vt 0.066889 -0.000000
vt 0.190378 -0.000000
vt 0.884662 0.844374
vt 0.857763 0.848666
vt 0.408601 0.804118
vt 0.408601 0.680630
vt 0.435841 0.680630
vt 0.435841 0.804118
vt -0.000000 0.982807
vt -0.000000 0.831474
vt 0.151152 0.831474
vt 0.151152 0.982807
vt 0.257267 0.680630
vt 0.408601 0.680630
vt 0.650735 0.848666
vt 0.650735 1.000000
vt 0.514535 1.000000
vt 0.514535 0.848666
vt 0.897040 -0.000000
vt 0.920883 0.149411
s 0
usemtl train_door.003
f 793/1653/119 794/1654/119 796/1655/119 795/1656/119
f 795/1657/120 796/1658/120 800/1659/120 799/1660/120
f 799/1661/121 800/1655/121 798/1662/121 797/1663/121
f 795/1664/122 799/1665/122 797/1666/122 793/1667/122
f 800/1668/123 796/1669/123 794/1665/123 798/1664/123
f 831/1670/124 833/1671/124 834/1672/124 835/1673/124 836/1674/124 832/1675/124 825/1676/124 827/1677/124 828/1678/124 829/1679/124 830/1680/124 826/1681/124 843/1682/124 845/1683/124 846/1684/124 847/1685/124 848/1686/124 844/1687/124 837/1688/124 839/1689/124 840/1690/124 841/1691/124 842/1692/124 838/1693/124
f 819/1694/123 802/1695/123 831/1696/123 838/1697/123
f 813/1698/121 820/1699/121 837/1700/121 844/1701/121
f 807/1702/122 814/1703/122 843/1704/122 826/1705/122
f 819/1694/125 838/1697/125 842/1706/125 821/1707/125
f 821/1707/126 842/1706/126 841/1708/126 822/1709/126
f 822/1709/127 841/1708/127 840/1710/127 823/1711/127
f 823/1712/128 840/1713/128 839/1714/128 824/1715/128
f 824/1715/129 839/1714/129 837/1700/129 820/1699/129
f 843/1704/130 814/1703/130 818/1716/130 845/1717/130
f 845/1717/131 818/1716/131 817/1668/131 846/1718/131
f 846/1719/132 817/1720/132 816/1721/132 847/1722/132
f 847/1722/133 816/1721/133 815/1723/133 848/1724/133
f 848/1724/134 815/1723/134 813/1698/134 844/1701/134
f 801/1725/135 832/1726/135 836/1727/135 803/1728/135
f 803/1728/136 836/1727/136 835/1729/136 804/1730/136
f 804/1730/137 835/1729/137 834/1720/137 805/1731/137
f 805/1718/138 834/1732/138 833/1733/138 806/1717/138
f 806/1717/139 833/1733/139 831/1696/139 802/1695/139
f 825/1734/140 808/1735/140 812/1736/140 827/1737/140
f 827/1737/141 812/1736/141 811/1711/141 828/1738/141
f 828/1739/142 811/1740/142 810/1741/142 829/1742/142
f 829/1742/143 810/1741/143 809/1743/143 830/1744/143
f 830/1744/144 809/1743/144 807/1702/144 826/1705/144
f 801/1725/119 808/1735/119 825/1734/119 832/1726/119
f 805/1745/124 797/1746/124 798/1747/124 810/1748/124 811/1749/124 812/1750/124 808/1751/124 801/1752/124 803/1753/124 804/1754/124
f 821/1755/124 822/1756/124 793/1757/124 797/1746/124 805/1745/124 806/1758/124 802/1759/124 819/1760/124
f 822/1756/124 823/1761/124 824/1762/124 820/1763/124 813/1764/124 815/1765/124 816/1766/124 817/1767/124 794/1768/124 793/1757/124
f 817/1767/124 818/1769/124 814/1770/124 807/1771/124 809/1772/124 810/1748/124 798/1747/124 794/1768/124
usemtl train_door_handle.003
f 849/1773/119 850/1774/119 852/1775/119 851/1776/119
f 852/1777/123 856/1778/123 868/1779/123 865/1780/123
f 853/1781/145 855/1782/145 858/1783/145 859/1784/145
f 853/1785/124 854/1786/124 850/1787/124 849/1788/124
f 851/1789/122 855/1782/122 853/1781/122 849/1790/122
f 856/1778/123 852/1777/123 850/1791/123 854/1792/123
f 857/1793/146 860/1794/146 864/1795/146 861/1796/146
f 856/1778/147 854/1792/147 860/1794/147 857/1793/147
f 855/1797/148 856/1798/148 857/1799/148 858/1800/148
f 854/1786/149 853/1785/149 859/1801/149 860/1802/149
f 858/1800/150 857/1799/150 861/1803/150 862/1804/150
f 860/1802/151 859/1801/151 863/1805/151 864/1806/151
f 859/1784/152 858/1783/152 862/1807/152 863/1808/152
f 862/1809/121 861/1810/121 864/1811/121 863/1812/121
f 866/1813/120 865/1814/120 868/1815/120 867/1816/120
f 851/1776/119 852/1775/119 865/1817/119 866/1818/119
f 856/1819/121 855/1820/121 867/1821/121 868/1822/121
f 855/1782/122 851/1789/122 866/1823/122 867/1824/122
o Cube.014
v 13.100000 -0.600000 -14.300000
v 13.100000 -0.600000 -10.300000
v 13.100000 4.358397 -13.712665
v 13.100000 4.400000 -13.450000
v 13.100000 4.237664 -13.949617
v 13.100000 4.049617 -14.137665
v 13.100000 3.812664 -14.258398
v 13.100000 3.550000 -14.300000
v 13.100000 4.400000 -11.150001
v 13.100000 4.358397 -10.887336
v 13.100000 4.237664 -10.650383
v 13.100000 4.049617 -10.462336
v 13.100000 3.812664 -10.341602
v 13.100000 3.550000 -10.300000
v 37.099998 -0.600000 -10.300000
v 37.099998 -0.600000 -14.300000
v 37.099998 4.400000 -13.450000
v 37.099998 4.358397 -13.712665
v 37.099998 4.237664 -13.949617
v 37.099998 4.049617 -14.137665
v 37.099998 3.812664 -14.258398
v 37.099998 3.550000 -14.300000
v 37.099998 4.358397 -10.887336
v 37.099998 4.400000 -11.150001
v 37.099998 4.237664 -10.650383
v 37.099998 4.049617 -10.462336
v 37.099998 3.812664 -10.341602
v 37.099998 3.550000 -10.300000
v 16.818182 -0.000000 -10.300000
v 16.818182 3.300000 -10.300000
v 15.200001 3.300000 -10.300000
v 15.200001 -0.000000 -10.300000
v 35.000000 -0.000000 -10.300000
v 35.000000 3.300000 -10.300000
v 33.381821 3.300000 -10.300000
v 33.381821 -0.000000 -10.300000
v 16.818182 -0.000000 -13.800000
v 15.200001 -0.000000 -13.800000
v 16.818182 3.300000 -13.800000
v 15.200001 3.300000 -13.800000
v 35.000000 3.300000 -13.800000
v 35.000000 -0.000000 -13.800000
v 33.381821 -0.000000 -13.800000
v 33.381821 3.300000 -13.800000
v 13.100000 0.000000 -11.600123
v 13.100000 3.300000 -11.600123
v 13.100000 3.300000 -13.000003
v 13.100000 0.000000 -13.000003
v 12.500001 3.300000 -11.600123
v 12.500001 0.000000 -11.600123
v 12.500001 0.000000 -13.000003
v 12.500001 3.300000 -13.000003
v 18.336365 1.416667 -10.300000
v 18.086365 1.166667 -10.300000
v 18.324129 1.339412 -10.300000
v 18.288618 1.269720 -10.300000
v 18.233311 1.214412 -10.300000
v 18.163618 1.178902 -10.300000
v 18.086365 2.133333 -10.300000
v 18.336365 1.883333 -10.300000
v 18.163618 2.121098 -10.300000
v 18.233311 2.085588 -10.300000
v 18.288618 2.030280 -10.300000
v 18.324127 1.960587 -10.300000
v 17.218182 1.883333 -10.300000
v 17.468182 2.133333 -10.300000
v 17.230419 1.960587 -10.300000
v 17.265928 2.030280 -10.300000
v 17.321236 2.085588 -10.300000
v 17.390928 2.121098 -10.300000
v 17.468182 1.166667 -10.300000
v 17.218182 1.416667 -10.300000
v 17.390928 1.178902 -10.300000
v 17.321236 1.214412 -10.300000
v 17.265928 1.269720 -10.300000
v 17.230419 1.339412 -10.300000
v 20.154547 1.416667 -10.300000
v 19.904547 1.166667 -10.300000
v 20.142311 1.339412 -10.300000
v 20.106800 1.269720 -10.300000
v 20.051493 1.214412 -10.300000
v 19.981800 1.178902 -10.300000
v 19.904545 2.133333 -10.300000
v 20.154545 1.883333 -10.300000
v 19.981800 2.121098 -10.300000
v 20.051493 2.085588 -10.300000
v 20.106800 2.030280 -10.300000
v 20.142311 1.960587 -10.300000
v 19.036364 1.883333 -10.300000
v 19.286364 2.133333 -10.300000
v 19.048599 1.960587 -10.300000
v 19.084110 2.030280 -10.300000
v 19.139418 2.085588 -10.300000
v 19.209110 2.121098 -10.300000
v 19.286364 1.166667 -10.300000
v 19.036364 1.416667 -10.300000
v 19.209110 1.178902 -10.300000
v 19.139418 1.214412 -10.300000
v 19.084110 1.269720 -10.300000
v 19.048599 1.339412 -10.300000
v 21.972729 1.416667 -10.300000
v 21.722729 1.166667 -10.300000
v 21.960491 1.339412 -10.300000
v 21.924982 1.269720 -10.300000
v 21.869675 1.214412 -10.300000
v 21.799982 1.178902 -10.300000
v 21.722729 2.133333 -10.300000
v 21.972729 1.883333 -10.300000
v 21.799982 2.121098 -10.300000
v 21.869675 2.085588 -10.300000
v 21.924982 2.030280 -10.300000
v 21.960491 1.960587 -10.300000
v 20.854546 1.883333 -10.300000
v 21.104546 2.133333 -10.300000
v 20.866781 1.960587 -10.300000
v 20.902290 2.030280 -10.300000
v 20.957600 2.085588 -10.300000
v 21.027290 2.121098 -10.300000
v 21.104546 1.166667 -10.300000
v 20.854546 1.416667 -10.300000
v 21.027292 1.178902 -10.300000
v 20.957600 1.214412 -10.300000
v 20.902292 1.269720 -10.300000
v 20.866781 1.339412 -10.300000
v 23.790909 1.416667 -10.300000
v 23.540909 1.166667 -10.300000
v 23.778673 1.339412 -10.300000
v 23.743164 1.269720 -10.300000
v 23.687857 1.214412 -10.300000
v 23.618164 1.178902 -10.300000
v 23.540909 2.133333 -10.300000
v 23.790909 1.883333 -10.300000
v 24.040909 2.333333 -10.300000
v 23.618164 2.121098 -10.300000
v 23.687855 2.085588 -10.300000
v 23.743164 2.030280 -10.300000
v 23.778673 1.960587 -10.300000
v 22.672728 1.883333 -10.300000
v 22.922728 2.133333 -10.300000
v 22.684963 1.960587 -10.300000
v 22.720474 2.030280 -10.300000
v 22.775782 2.085588 -10.300000
v 22.845474 2.121098 -10.300000
v 22.922728 1.166667 -10.300000
v 22.672728 1.416667 -10.300000
v 22.845474 1.178902 -10.300000
v 22.775782 1.214412 -10.300000
v 22.720474 1.269720 -10.300000
v 22.684963 1.339412 -10.300000
v 25.609091 1.416667 -10.300000
v 25.359091 1.166667 -10.300000
v 25.596855 1.339412 -10.300000
v 25.561346 1.269720 -10.300000
v 25.506037 1.214412 -10.300000
v 25.436346 1.178902 -10.300000
v 25.359091 2.133333 -10.300000
v 25.609091 1.883333 -10.300000
v 25.436346 2.121098 -10.300000
v 25.506037 2.085588 -10.300000
v 25.561346 2.030280 -10.300000
v 25.596855 1.960587 -10.300000
v 24.490910 1.883333 -10.300000
v 24.740910 2.133333 -10.300000
v 24.503145 1.960587 -10.300000
v 24.538654 2.030280 -10.300000
v 24.593964 2.085588 -10.300000
v 24.663654 2.121098 -10.300000
v 24.740910 1.166667 -10.300000
v 24.490910 1.416667 -10.300000
v 24.663656 1.178902 -10.300000
v 24.593964 1.214412 -10.300000
v 24.538656 1.269720 -10.300000
v 24.503145 1.339412 -10.300000
v 27.427273 1.416667 -10.300000
v 27.177273 1.166667 -10.300000
v 27.677273 1.366667 -10.300000
v 27.415037 1.339412 -10.300000
v 27.379528 1.269720 -10.300000
v 27.324219 1.214412 -10.300000
v 27.254528 1.178902 -10.300000
v 27.177273 2.133333 -10.300000
v 27.427273 1.883333 -10.300000
v 27.254528 2.121098 -10.300000
v 27.324219 2.085588 -10.300000
v 27.379528 2.030280 -10.300000
v 27.415037 1.960587 -10.300000
v 26.309092 1.883333 -10.300000
v 26.559092 2.133333 -10.300000
v 26.059092 2.333333 -10.300000
v 26.321327 1.960587 -10.300000
v 26.356836 2.030280 -10.300000
v 26.412146 2.085588 -10.300000
v 26.481836 2.121098 -10.300000
v 26.559092 1.166667 -10.300000
v 26.309092 1.416667 -10.300000
v 26.481836 1.178902 -10.300000
v 26.412146 1.214412 -10.300000
v 26.356836 1.269720 -10.300000
v 26.321327 1.339412 -10.300000
v 29.245455 1.416667 -10.300000
v 28.995455 1.166667 -10.300000
v 29.233219 1.339412 -10.300000
v 29.197710 1.269720 -10.300000
v 29.142403 1.214412 -10.300000
v 29.072710 1.178902 -10.300000
v 28.995455 2.133333 -10.300000
v 29.245455 1.883333 -10.300000
v 29.072708 2.121098 -10.300000
v 29.142401 2.085588 -10.300000
v 29.197708 2.030280 -10.300000
v 29.233219 1.960587 -10.300000
v 28.127274 1.883333 -10.300000
v 28.377274 2.133333 -10.300000
v 28.139509 1.960587 -10.300000
v 28.175018 2.030280 -10.300000
v 28.230328 2.085588 -10.300000
v 28.300018 2.121098 -10.300000
v 28.377274 1.166667 -10.300000
v 28.127274 1.416667 -10.300000
v 28.300018 1.178902 -10.300000
v 28.230328 1.214412 -10.300000
v 28.175018 1.269720 -10.300000
v 28.139509 1.339412 -10.300000
v 31.063637 1.416667 -10.300000
v 30.813637 1.166667 -10.300000
v 31.051401 1.339412 -10.300000
v 31.015892 1.269720 -10.300000
v 30.960583 1.214412 -10.300000
v 30.890892 1.178902 -10.300000
v 30.813637 2.133333 -10.300000
v 31.063637 1.883333 -10.300000
v 31.313637 2.333333 -10.300000
v 30.890892 2.121098 -10.300000
v 30.960583 2.085588 -10.300000
v 31.015892 2.030280 -10.300000
v 31.051401 1.960587 -10.300000
v 29.945454 1.883333 -10.300000
v 30.195454 2.133333 -10.300000
v 29.957691 1.960587 -10.300000
v 29.993200 2.030280 -10.300000
v 30.048508 2.085588 -10.300000
v 30.118200 2.121098 -10.300000
v 30.195456 1.166667 -10.300000
v 29.945456 1.416667 -10.300000
v 30.118200 1.178902 -10.300000
v 30.048508 1.214412 -10.300000
v 29.993200 1.269720 -10.300000
v 29.957691 1.339412 -10.300000
v 32.881817 1.416667 -10.300000
v 32.631817 1.166667 -10.300000
v 32.869583 1.339412 -10.300000
v 32.834072 1.269720 -10.300000
v 32.778763 1.214412 -10.300000
v 32.709072 1.178902 -10.300000
v 32.631817 2.133333 -10.300000
v 32.881817 1.883333 -10.300000
v 32.709072 2.121098 -10.300000
v 32.778763 2.085588 -10.300000
v 32.834072 2.030280 -10.300000
v 32.869583 1.960587 -10.300000
v 31.763638 1.883333 -10.300000
v 32.013638 2.133333 -10.300000
v 31.775871 1.960587 -10.300000
v 31.811382 2.030280 -10.300000
v 31.866690 2.085588 -10.300000
v 31.936382 2.121098 -10.300000
v 32.013638 1.166667 -10.300000
v 31.763638 1.416667 -10.300000
v 31.936382 1.178902 -10.300000
v 31.866692 1.214412 -10.300000
v 31.811382 1.269720 -10.300000
v 31.775873 1.339412 -10.300000
v 35.400002 1.883333 -10.300000
v 35.650002 2.133333 -10.300000
v 35.412235 1.960587 -10.300000
v 35.447746 2.030280 -10.300000
v 35.503056 2.085588 -10.300000
v 35.572746 2.121098 -10.300000
v 35.650002 1.166667 -10.300000
v 35.400002 1.416667 -10.300000
v 35.572746 1.178902 -10.300000
v 35.503056 1.214412 -10.300000
v 35.447746 1.269720 -10.300000
v 35.412235 1.339412 -10.300000
v 36.700001 1.416667 -10.300000
v 36.450001 1.166667 -10.300000
v 36.687763 1.339412 -10.300000
v 36.652252 1.269720 -10.300000
v 36.596947 1.214412 -10.300000
v 36.527252 1.178902 -10.300000
v 36.450001 2.133333 -10.300000
v 36.700001 1.883333 -10.300000
v 36.527252 2.121098 -10.300000
v 36.596947 2.085588 -10.300000
v 36.652252 2.030280 -10.300000
v 36.687763 1.960587 -10.300000
v 14.700000 1.416667 -10.300000
v 14.450000 1.166667 -10.300000
v 14.687764 1.339412 -10.300000
v 14.652254 1.269720 -10.300000
v 14.596946 1.214412 -10.300000
v 14.527254 1.178903 -10.300000
v 14.450000 2.133334 -10.300000
v 14.700000 1.883333 -10.300000
v 14.527254 2.121098 -10.300000
v 14.596946 2.085588 -10.300000
v 14.652254 2.030280 -10.300000
v 14.687764 1.960588 -10.300000
v 13.400001 1.883333 -10.300000
v 13.650001 2.133334 -10.300000
v 13.412236 1.960588 -10.300000
v 13.447746 2.030280 -10.300000
v 13.503055 2.085588 -10.300000
v 13.572746 2.121098 -10.300000
v 13.650001 1.166667 -10.300000
v 13.400001 1.416667 -10.300000
v 13.572746 1.178903 -10.300000
v 13.503055 1.214412 -10.300000
v 13.447746 1.269720 -10.300000
v 13.412236 1.339412 -10.300000
v 18.336365 1.883333 -10.400001
v 18.086365 2.133333 -10.400001
v 18.324127 1.960587 -10.400001
v 18.288618 2.030280 -10.400001
v 18.233311 2.085588 -10.400001
v 18.163618 2.121098 -10.400001
v 18.086365 1.166667 -10.400001
v 18.336365 1.416667 -10.400001
v 18.163618 1.178902 -10.400001
v 18.233311 1.214412 -10.400001
v 18.288618 1.269720 -10.400001
v 18.324129 1.339412 -10.400001
v 17.218182 1.416667 -10.400001
v 17.468182 1.166667 -10.400001
v 17.230419 1.339412 -10.400001
v 17.265928 1.269720 -10.400001
v 17.321236 1.214412 -10.400001
v 17.390928 1.178902 -10.400001
v 17.468182 2.133333 -10.400001
v 17.218182 1.883333 -10.400001
v 17.390928 2.121098 -10.400001
v 17.321236 2.085588 -10.400001
v 17.265928 2.030280 -10.400001
v 17.230419 1.960587 -10.400001
v 20.154545 1.883333 -10.400001
v 19.904545 2.133333 -10.400001
v 20.142311 1.960587 -10.400001
v 20.106800 2.030280 -10.400001
v 20.051493 2.085588 -10.400001
v 19.981800 2.121098 -10.400001
v 19.904547 1.166667 -10.400001
v 20.154547 1.416667 -10.400001
v 19.981800 1.178902 -10.400001
v 20.051493 1.214412 -10.400001
v 20.106800 1.269720 -10.400001
v 20.142311 1.339412 -10.400001
v 19.036364 1.416667 -10.400001
v 19.286364 1.166667 -10.400001
v 19.048599 1.339412 -10.400001
v 19.084110 1.269720 -10.400001
v 19.139418 1.214412 -10.400001
v 19.209110 1.178902 -10.400001
v 19.286364 2.133333 -10.400001
v 19.036364 1.883333 -10.400001
v 19.209110 2.121098 -10.400001
v 19.139418 2.085588 -10.400001
v 19.084110 2.030280 -10.400001
v 19.048599 1.960587 -10.400001
v 21.972729 1.883333 -10.400001
v 21.722729 2.133333 -10.400001
v 21.960491 1.960587 -10.400001
v 21.924982 2.030280 -10.400001
v 21.869675 2.085588 -10.400001
v 21.799982 2.121098 -10.400001
v 21.722729 1.166667 -10.400001
v 21.972729 1.416667 -10.400001
v 21.799982 1.178902 -10.400001
v 21.869675 1.214412 -10.400001
v 21.924982 1.269720 -10.400001
v 21.960491 1.339412 -10.400001
v 20.854546 1.416667 -10.400001
v 21.104546 1.166667 -10.400001
v 20.866781 1.339412 -10.400001
v 20.902292 1.269720 -10.400001
v 20.957600 1.214412 -10.400001
v 21.027292 1.178902 -10.400001
v 21.104546 2.133333 -10.400001
v 20.854546 1.883333 -10.400001
v 21.027290 2.121098 -10.400001
v 20.957600 2.085588 -10.400001
v 20.902290 2.030280 -10.400001
v 20.866781 1.960587 -10.400001
v 23.790909 1.883333 -10.400001
v 23.540909 2.133333 -10.400001
v 23.778673 1.960587 -10.400001
v 23.743164 2.030280 -10.400001
v 23.687855 2.085588 -10.400001
v 23.618164 2.121098 -10.400001
v 23.540909 1.166667 -10.400001
v 23.790909 1.416667 -10.400001
v 23.618164 1.178902 -10.400001
v 23.687857 1.214412 -10.400001
v 23.743164 1.269720 -10.400001
v 23.778673 1.339412 -10.400001
v 22.672728 1.416667 -10.400001
v 22.922728 1.166667 -10.400001
v 22.684963 1.339412 -10.400001
v 22.720474 1.269720 -10.400001
v 22.775782 1.214412 -10.400001
v 22.845474 1.178902 -10.400001
v 22.922728 2.133333 -10.400001
v 22.672728 1.883333 -10.400001
v 22.845474 2.121098 -10.400001
v 22.775782 2.085588 -10.400001
v 22.720474 2.030280 -10.400001
v 22.684963 1.960587 -10.400001
v 25.609091 1.883333 -10.400001
v 25.359091 2.133333 -10.400001
v 25.596855 1.960587 -10.400001
v 25.561346 2.030280 -10.400001
v 25.506037 2.085588 -10.400001
v 25.436346 2.121098 -10.400001
v 25.359091 1.166667 -10.400001
v 25.609091 1.416667 -10.400001
v 25.436346 1.178902 -10.400001
v 25.506037 1.214412 -10.400001
v 25.561346 1.269720 -10.400001
v 25.596855 1.339412 -10.400001
v 24.490910 1.416667 -10.400001
v 24.740910 1.166667 -10.400001
v 24.503145 1.339412 -10.400001
v 24.538654 1.269720 -10.400001
v 24.593964 1.214412 -10.400001
v 24.663656 1.178902 -10.400001
v 24.740910 2.133333 -10.400001
v 24.490910 1.883333 -10.400001
v 24.663654 2.121098 -10.400001
v 24.593964 2.085588 -10.400001
v 24.538654 2.030280 -10.400001
v 24.503145 1.960587 -10.400001
v 27.427273 1.883333 -10.400001
v 27.177273 2.133333 -10.400001
v 27.415037 1.960587 -10.400001
v 27.379528 2.030280 -10.400001
v 27.324219 2.085588 -10.400001
v 27.254528 2.121098 -10.400001
v 27.177273 1.166667 -10.400001
v 27.427273 1.416667 -10.400001
v 27.254528 1.178902 -10.400001
v 27.324219 1.214412 -10.400001
v 27.379528 1.269720 -10.400001
v 27.415037 1.339412 -10.400001
v 26.309092 1.416667 -10.400001
v 26.559092 1.166667 -10.400001
v 26.321327 1.339412 -10.400001
v 26.356836 1.269720 -10.400001
v 26.412146 1.214412 -10.400001
v 26.481836 1.178902 -10.400001
v 26.559092 2.133333 -10.400001
v 26.309092 1.883333 -10.400001
v 26.481836 2.121098 -10.400001
v 26.412146 2.085588 -10.400001
v 26.356836 2.030280 -10.400001
v 26.321327 1.960587 -10.400001
v 29.245455 1.883333 -10.400001
v 28.995455 2.133333 -10.400001
v 29.233219 1.960587 -10.400001
v 29.197708 2.030280 -10.400001
v 29.142401 2.085588 -10.400001
v 29.072708 2.121098 -10.400001
v 28.995455 1.166667 -10.400001
v 29.245455 1.416667 -10.400001
v 29.072710 1.178902 -10.400001
v 29.142403 1.214412 -10.400001
v 29.197710 1.269720 -10.400001
v 29.233219 1.339412 -10.400001
v 28.127274 1.416667 -10.400001
v 28.377274 1.166667 -10.400001
v 28.139509 1.339412 -10.400001
v 28.175018 1.269720 -10.400001
v 28.230328 1.214412 -10.400001
v 28.300018 1.178902 -10.400001
v 28.377274 2.133333 -10.400001
v 28.127274 1.883333 -10.400001
v 28.300018 2.121098 -10.400001
v 28.230328 2.085588 -10.400001
v 28.175018 2.030280 -10.400001
v 28.139509 1.960587 -10.400001
v 31.063637 1.883333 -10.400001
v 30.813637 2.133333 -10.400001
v 31.051401 1.960587 -10.400001
v 31.015892 2.030280 -10.400001
v 30.960583 2.085588 -10.400001
v 30.890892 2.121098 -10.400001
v 30.813637 1.166667 -10.400001
v 31.063637 1.416667 -10.400001
v 30.890892 1.178902 -10.400001
v 30.960583 1.214412 -10.400001
v 31.015892 1.269720 -10.400001
v 31.051401 1.339412 -10.400001
v 29.945456 1.416667 -10.400001
v 30.195456 1.166667 -10.400001
v 29.957691 1.339412 -10.400001
v 29.993200 1.269720 -10.400001
v 30.048508 1.214412 -10.400001
v 30.118200 1.178902 -10.400001
v 30.195454 2.133333 -10.400001
v 29.945454 1.883333 -10.400001
v 30.118200 2.121098 -10.400001
v 30.048508 2.085588 -10.400001
v 29.993200 2.030280 -10.400001
v 29.957691 1.960587 -10.400001
v 32.881817 1.883333 -10.400001
v 32.631817 2.133333 -10.400001
v 32.869583 1.960587 -10.400001
v 32.834072 2.030280 -10.400001
v 32.778763 2.085588 -10.400001
v 32.709072 2.121098 -10.400001
v 32.631817 1.166667 -10.400001
v 32.881817 1.416667 -10.400001
v 32.709072 1.178902 -10.400001
v 32.778763 1.214412 -10.400001
v 32.834072 1.269720 -10.400001
v 32.869583 1.339412 -10.400001
v 31.763638 1.416667 -10.400001
v 32.013638 1.166667 -10.400001
v 31.775873 1.339412 -10.400001
v 31.811382 1.269720 -10.400001
v 31.866692 1.214412 -10.400001
v 31.936382 1.178902 -10.400001
v 32.013638 2.133333 -10.400001
v 31.763638 1.883333 -10.400001
v 31.936382 2.121098 -10.400001
v 31.866690 2.085588 -10.400001
v 31.811382 2.030280 -10.400001
v 31.775871 1.960587 -10.400001
v 35.650002 2.133333 -10.400001
v 35.400002 1.883333 -10.400001
v 35.572746 2.121098 -10.400001
v 35.503056 2.085588 -10.400001
v 35.447746 2.030280 -10.400001
v 35.412235 1.960587 -10.400001
v 35.400002 1.416667 -10.400001
v 35.650002 1.166667 -10.400001
v 35.412235 1.339412 -10.400001
v 35.447746 1.269720 -10.400001
v 35.503056 1.214412 -10.400001
v 35.572746 1.178902 -10.400001
v 36.700001 1.883333 -10.400001
v 36.450001 2.133333 -10.400001
v 36.687763 1.960587 -10.400001
v 36.652252 2.030280 -10.400001
v 36.596947 2.085588 -10.400001
v 36.527252 2.121098 -10.400001
v 36.450001 1.166667 -10.400001
v 36.700001 1.416667 -10.400001
v 36.527252 1.178902 -10.400001
v 36.596947 1.214412 -10.400001
v 36.652252 1.269720 -10.400001
v 36.687763 1.339412 -10.400001
v 14.450000 1.166667 -10.400001
v 14.700000 1.416667 -10.400001
v 14.527254 1.178903 -10.400001
v 14.596946 1.214412 -10.400001
v 14.652254 1.269720 -10.400001
v 14.687764 1.339412 -10.400001
v 14.700000 1.883333 -10.400001
v 14.450000 2.133334 -10.400001
v 14.687764 1.960588 -10.400001
v 14.652254 2.030280 -10.400001
v 14.596946 2.085588 -10.400001
v 14.527254 2.121098 -10.400001
v 13.400001 1.416667 -10.400001
v 13.650001 1.166667 -10.400001
v 13.412236 1.339412 -10.400001
v 13.447746 1.269720 -10.400001
v 13.503055 1.214412 -10.400001
v 13.572746 1.178903 -10.400001
v 13.650001 2.133334 -10.400001
v 13.400001 1.883333 -10.400001
v 13.572746 2.121098 -10.400001
v 13.503055 2.085588 -10.400001
v 13.447746 2.030280 -10.400001
v 13.412236 1.960588 -10.400001
vn -0.0000 -1.0000 -0.0000
vn -0.0000 1.0000 -0.0000
vn -0.0000 0.1564 -0.9877
vn -0.0000 0.1564 0.9877
vn 1.0000 -0.0000 -0.0000
vn -0.0000 0.9877 0.1564
vn -1.0000 -0.0000 -0.0000
vn -0.0000 0.8910 -0.4540
vn -0.0000 0.8910 0.4540
vn -0.0000 -0.0000 -1.0000
vn -0.0000 0.9877 -0.1564
vn -0.0000 0.7071 0.7071
vn -0.0000 0.7071 -0.7071
vn -0.0000 0.4540 -0.8910
vn -0.0000 0.4540 0.8910
vn -0.0000 -0.0000 1.0000
vn -0.1564 -0.9877 -0.0000
vn -0.4540 -0.8910 -0.0000
vn -0.7071 -0.7071 -0.0000
vn -0.8910 -0.4540 -0.0000
vn -0.9877 -0.1564 -0.0000
vn -0.1564 0.9877 -0.0000
vn -0.4540 0.8910 -0.0000
vn -0.7071 0.7071 -0.0000
vn -0.8910 0.4540 -0.0000
vn -0.9877 0.1564 -0.0000
vn 0.1564 0.9877 -0.0000
vn 0.4540 0.8910 -0.0000
vn 0.7071 0.7071 -0.0000
vn 0.8910 0.4540 -0.0000
vn 0.9877 0.1564 -0.0000
vn 0.1564 -0.9877 -0.0000
vn 0.4540 -0.8910 -0.0000
vn 0.7071 -0.7071 -0.0000
vn 0.8910 -0.4540 -0.0000
vn 0.9877 -0.1564 -0.0000
vt 0.172954 0.090694
vt 0.172954 0.000619
vt 0.908110 0.000618
vt 0.908110 0.090694
vt 0.000000 0.000000
vt 0.313013 0.000000
vt 0.313013 0.677022
vt 0.000000 0.677022
vt -2.559432 0.861796
vt -2.559432 0.877402
vt 2.031426 0.877402
vt 2.031426 0.861797
vt 2.493788 0.880995
vt 2.493788 0.865727
vt -2.211213 0.865727
vt -2.211213 0.880995
vt 0.165449 0.810990
vt 0.165449 0.212402
vt 0.680155 0.212403
vt 0.680155 0.810991
vt -2.211213 0.967957
vt -2.211213 1.001173
vt 2.493788 1.001173
vt 2.493788 0.967957
vt 0.495741 0.523833
vt 0.495741 0.436745
vt 0.501338 0.436745
vt 0.501338 0.523833
vt 0.484546 0.523833
vt 0.484546 0.436745
vt 0.490144 0.436745
vt 0.490144 0.523833
vt 0.572991 0.564090
vt 0.572991 0.515759
vt 0.580605 0.515759
vt 0.580605 0.564090
vt 0.542536 0.431262
vt 0.542536 0.479594
vt 0.534922 0.479594
vt 0.534922 0.431262
vt 0.473352 0.531624
vt 0.473352 0.444537
vt 0.478949 0.444537
vt 0.478949 0.531624
vt 2.031426 0.966289
vt 2.031426 0.932337
vt -2.559432 0.932337
vt -2.559432 0.966289
vt 2.472625 0.874215
vt 2.472625 1.002175
vt -2.194148 1.002175
vt -2.194148 0.874214
vt 2.493788 0.934740
vt -2.211213 0.934740
vt -2.847367 0.867727
vt 3.180914 0.867727
vt 3.180914 0.101407
vt -2.847367 0.101407
vt -2.559432 1.000241
vt 2.031426 1.000241
vt 2.493788 0.904775
vt -2.211213 0.904775
vt 0.652054 0.844081
vt 0.652054 0.241984
vt 0.137348 0.241984
vt 0.137348 0.844081
vt 2.031426 0.901709
vt -2.559432 0.901709
vt 0.490144 0.523833
vt 0.490144 0.436745
vt 0.495741 0.436745
vt 0.565377 0.431262
vt 0.565377 0.479593
vt 0.557764 0.479593
vt 0.557764 0.431262
vt 0.523728 0.523833
vt 0.523728 0.436745
vt 0.529325 0.436745
vt 0.529325 0.523833
vt 0.588219 0.431262
vt 0.588219 0.479594
vt 0.580605 0.479594
vt 0.580605 0.431262
vt 0.656981 0.843710
vt 0.656981 0.238187
vt 0.831925 0.238187
vt 0.831925 0.843710
vt 0.719250 0.854118
vt 0.719250 0.229567
vt 0.929826 0.229567
vt 0.929826 0.854118
vt 0.117656 0.381420
vt 0.116465 0.120638
vt 0.631164 0.120233
vt 0.631462 0.382230
vt 0.933648 0.132244
vt 0.933648 0.370212
vt 0.555258 0.370212
vt 0.555258 0.132244
vt -0.000291 0.000000
vt 0.312722 0.000000
vt 0.312722 0.677022
vt -0.000291 0.677022
vt 0.137348 0.246442
vt 0.137348 0.842297
vt 0.652054 0.842297
vt 0.652054 0.246442
vt 0.680155 0.213217
vt 0.680155 0.811805
vt 0.165449 0.811805
vt 0.165449 0.213217
vt 0.606273 0.301291
vt 0.587849 0.304349
vt 0.571229 0.313224
vt 0.558039 0.327047
vt 0.549571 0.344465
vt 0.546653 0.363773
vt 0.546653 0.480408
vt 0.549571 0.499716
vt 0.558040 0.517135
vt 0.571229 0.530958
vt 0.587849 0.539833
vt 0.606273 0.542891
vt 0.753697 0.542891
vt 0.772121 0.539833
vt 0.788741 0.530958
vt 0.801931 0.517135
vt 0.810399 0.499716
vt 0.813317 0.480408
vt 0.813317 0.363773
vt 0.810399 0.344465
vt 0.801931 0.327047
vt 0.788741 0.313224
vt 0.772121 0.304349
vt 0.753697 0.301291
vt 0.604969 0.301021
vt 0.586545 0.304079
vt 0.569925 0.312954
vt 0.556735 0.326777
vt 0.548267 0.344195
vt 0.545349 0.363503
vt 0.545349 0.480138
vt 0.548267 0.499446
vt 0.556735 0.516865
vt 0.569925 0.530688
vt 0.586545 0.539563
vt 0.604969 0.542621
vt 0.752393 0.542621
vt 0.770817 0.539563
vt 0.787437 0.530688
vt 0.800627 0.516865
vt 0.809095 0.499446
vt 0.812013 0.480138
vt 0.812013 0.363503
vt 0.809095 0.344195
vt 0.800627 0.326777
vt 0.787437 0.312954
vt 0.770817 0.304079
vt 0.752393 0.301021
vt 0.606171 0.302982
vt 0.587747 0.306041
vt 0.571127 0.314916
vt 0.557937 0.328739
vt 0.549469 0.346157
vt 0.546551 0.365465
vt 0.546551 0.482100
vt 0.549469 0.501408
vt 0.557937 0.518826
vt 0.571127 0.532650
vt 0.587747 0.541525
vt 0.606171 0.544583
vt 0.753595 0.544583
vt 0.772019 0.541525
vt 0.788639 0.532650
vt 0.801829 0.518826
vt 0.810297 0.501408
vt 0.813215 0.482100
vt 0.813215 0.365465
vt 0.810297 0.346157
vt 0.801829 0.328739
vt 0.788639 0.314916
vt 0.772019 0.306041
vt 0.753595 0.302982
vt 0.753574 0.301455
vt 0.771998 0.304513
vt 0.788618 0.313388
vt 0.801808 0.327212
vt 0.810276 0.344630
vt 0.813194 0.363938
vt 0.813195 0.480573
vt 0.810277 0.499881
vt 0.801808 0.517299
vt 0.788618 0.531122
vt 0.771998 0.539997
vt 0.753574 0.543056
vt 0.606150 0.543056
vt 0.587727 0.539998
vt 0.571107 0.531122
vt 0.557917 0.517299
vt 0.549448 0.499881
vt 0.546530 0.480573
vt 0.546530 0.363938
vt 0.549448 0.344630
vt 0.557917 0.327212
vt 0.571107 0.313388
vt 0.587727 0.304513
vt 0.606150 0.301455
vt 0.752699 0.302066
vt 0.771123 0.305124
vt 0.787743 0.313999
vt 0.800932 0.327823
vt 0.809401 0.345241
vt 0.812319 0.364549
vt 0.812319 0.481184
vt 0.809401 0.500492
vt 0.800933 0.517910
vt 0.787743 0.531734
vt 0.771123 0.540609
vt 0.752699 0.543667
vt 0.605275 0.543667
vt 0.586851 0.540609
vt 0.570231 0.531734
vt 0.557041 0.517911
vt 0.548573 0.500492
vt 0.545655 0.481184
vt 0.545655 0.364549
vt 0.548573 0.345241
vt 0.557041 0.327823
vt 0.570231 0.314000
vt 0.586851 0.305125
vt 0.605275 0.302066
vt 0.605275 0.302729
vt 0.586851 0.305787
vt 0.570231 0.314662
vt 0.557041 0.328485
vt 0.548573 0.345904
vt 0.545655 0.365212
vt 0.545655 0.481847
vt 0.548573 0.501155
vt 0.557041 0.518573
vt 0.570231 0.532396
vt 0.586851 0.541271
vt 0.605275 0.544330
vt 0.752699 0.544330
vt 0.771123 0.541271
vt 0.787743 0.532396
vt 0.800933 0.518573
vt 0.809401 0.501155
vt 0.812319 0.481847
vt 0.812319 0.365212
vt 0.809401 0.345904
vt 0.800933 0.328485
vt 0.787743 0.314662
vt 0.771123 0.305787
vt 0.752699 0.302729
vt 0.605275 0.301404
vt 0.586851 0.304462
vt 0.570231 0.313337
vt 0.557041 0.327160
vt 0.548573 0.344578
vt 0.545655 0.363887
vt 0.545655 0.480521
vt 0.548572 0.499830
vt 0.557041 0.517248
vt 0.570231 0.531071
vt 0.586851 0.539946
vt 0.605275 0.543004
vt 0.752699 0.543004
vt 0.771122 0.539946
vt 0.787743 0.531071
vt 0.800932 0.517248
vt 0.809401 0.499830
vt 0.812319 0.480521
vt 0.812319 0.363887
vt 0.809401 0.344578
vt 0.800932 0.327160
vt 0.787743 0.313337
vt 0.771122 0.304462
vt 0.752699 0.301404
vt 0.604067 0.301908
vt 0.585644 0.304966
vt 0.569024 0.313841
vt 0.555834 0.327664
vt 0.547365 0.345083
vt 0.544447 0.364391
vt 0.544447 0.481026
vt 0.547365 0.500334
vt 0.555834 0.517752
vt 0.569023 0.531575
vt 0.585644 0.540451
vt 0.604067 0.543509
vt 0.751491 0.543509
vt 0.769915 0.540450
vt 0.786535 0.531575
vt 0.799725 0.517752
vt 0.808193 0.500334
vt 0.811111 0.481026
vt 0.811111 0.364391
vt 0.808193 0.345083
vt 0.799725 0.327664
vt 0.786535 0.313841
vt 0.769915 0.304966
vt 0.751491 0.301908
vt 0.761348 0.539727
vt 0.777236 0.536742
vt 0.791570 0.528080
vt 0.802945 0.514588
vt 0.810248 0.497587
vt 0.812765 0.478741
vt 0.812765 0.364900
vt 0.810248 0.346054
vt 0.802945 0.329053
vt 0.791570 0.315561
vt 0.777236 0.306898
vt 0.761348 0.303913
vt 0.596814 0.303913
vt 0.580925 0.306898
vt 0.566592 0.315561
vt 0.555216 0.329053
vt 0.547913 0.346054
vt 0.545397 0.364900
vt 0.545397 0.478741
vt 0.547913 0.497587
vt 0.555216 0.514588
vt 0.566592 0.528080
vt 0.580925 0.536742
vt 0.596814 0.539727
vt 0.597008 0.303913
vt 0.581119 0.306898
vt 0.566786 0.315561
vt 0.555410 0.329053
vt 0.548107 0.346054
vt 0.545591 0.364900
vt 0.545591 0.478741
vt 0.548107 0.497587
vt 0.555410 0.514588
vt 0.566786 0.528080
vt 0.581119 0.536742
vt 0.597008 0.539727
vt 0.761542 0.539727
vt 0.777430 0.536742
vt 0.791764 0.528080
vt 0.803139 0.514588
vt 0.810442 0.497587
vt 0.812959 0.478741
vt 0.812959 0.364900
vt 0.810442 0.346054
vt 0.803139 0.329053
vt 0.791764 0.315561
vt 0.777430 0.306898
vt 0.761542 0.303913
vt 0.445365 0.531624
vt 0.445365 0.444537
vt 0.450963 0.444537
vt 0.450963 0.531624
vt 0.450963 0.531624
vt 0.450963 0.444537
vt 0.456560 0.444537
vt 0.456560 0.531624
vt 0.565377 0.564090
vt 0.565377 0.515759
vt 0.565377 0.515759
vt 0.565377 0.564090
vt 0.557764 0.564090
vt 0.557764 0.515759
vt 0.512533 0.523833
vt 0.512533 0.436745
vt 0.518130 0.436745
vt 0.518130 0.523833
vt 0.529325 0.436745
vt 0.534922 0.436745
vt 0.534922 0.523833
vt 0.534922 0.564090
vt 0.534922 0.515759
vt 0.542536 0.515759
vt 0.542536 0.564090
vt 0.462157 0.531624
vt 0.462157 0.444537
vt 0.467755 0.444537
vt 0.467755 0.531624
vt 0.456560 0.531624
vt 0.462157 0.531624
vt 0.456560 0.575336
vt 0.456560 0.623667
vt 0.448946 0.623667
vt 0.448946 0.575336
vt 0.550150 0.431262
vt 0.550150 0.479594
vt 0.518130 0.436745
vt 0.523728 0.436745
vt 0.523728 0.523833
vt 0.478949 0.444537
vt 0.484546 0.444537
vt 0.484546 0.531624
vt 0.467755 0.444537
vt 0.473352 0.444537
vt 0.473352 0.531624
vt 0.550150 0.515759
vt 0.550150 0.564090
vt 0.542536 0.564090
vt 0.501338 0.523833
vt 0.506936 0.436745
vt 0.506936 0.523833
vt 0.604542 0.300946
vt 0.586118 0.304004
vt 0.569498 0.312879
vt 0.556308 0.326703
vt 0.547839 0.344121
vt 0.544921 0.363429
vt 0.544922 0.480064
vt 0.547840 0.499372
vt 0.556308 0.516790
vt 0.569498 0.530613
vt 0.586118 0.539489
vt 0.604542 0.542547
vt 0.751966 0.542547
vt 0.770389 0.539489
vt 0.787009 0.530613
vt 0.800199 0.516790
vt 0.808668 0.499372
vt 0.811586 0.480064
vt 0.811586 0.363429
vt 0.808668 0.344121
vt 0.800199 0.326703
vt 0.787009 0.312879
vt 0.770389 0.304004
vt 0.751966 0.300946
vt 0.434171 0.531624
vt 0.434171 0.444537
vt 0.439768 0.444537
vt 0.439768 0.531624
vt 0.439768 0.531624
vt 0.439768 0.444537
vt 0.445365 0.444537
vt 0.445365 0.531624
vt 0.534922 0.559753
vt 0.534922 0.608084
vt 0.527309 0.608084
vt 0.527309 0.559753
vt 0.508952 0.559753
vt 0.508952 0.608084
vt 0.501338 0.608084
vt 0.501338 0.559753
vt 0.666849 0.118752
vt 0.666849 0.375394
vt 0.603958 0.375394
vt 0.603958 0.118752
vt 0.523922 0.375394
vt 0.523922 0.118752
vt 0.788578 0.235118
vt 0.729739 0.235118
vt 0.729739 0.118752
vt 0.788578 0.118752
vt 0.729739 0.235118
vt 0.788578 0.235118
vt 0.788578 0.351485
vt 0.729739 0.351485
vt 0.729739 0.118752
vt 0.729739 0.375394
vt 0.797090 0.114886
vt 0.797090 0.339175
vt 0.795255 0.353371
vt 0.789929 0.366177
vt 0.781635 0.376340
vt 0.771183 0.382865
vt 0.759597 0.385114
vt 0.658145 0.385114
vt 0.646559 0.382865
vt 0.636108 0.376340
vt 0.627813 0.366177
vt 0.622487 0.353371
vt 0.620652 0.339175
vt 0.620652 0.114886
vt 0.411781 0.557238
vt 0.411781 0.444537
vt 0.417379 0.444537
vt 0.417379 0.557238
vt 0.417379 0.557238
vt 0.417379 0.444537
vt 0.422976 0.444537
vt 0.422976 0.557238
vt 0.516566 0.559753
vt 0.516566 0.608084
vt 0.557764 0.431262
vt 0.557764 0.479594
vt 0.465738 0.623667
vt 0.465738 0.575336
vt 0.473352 0.575336
vt 0.473352 0.623667
vt 0.572991 0.479594
vt 0.572991 0.431262
vt 0.580605 0.431262
vt 0.464174 0.575336
vt 0.464174 0.623667
vt 0.506936 0.523833
vt 0.506936 0.436745
vt 0.512533 0.436745
vt 0.512533 0.523833
vt 0.447382 0.575336
vt 0.447382 0.623667
vt 0.439768 0.623667
vt 0.439768 0.575336
vt 0.484546 0.608084
vt 0.484546 0.559753
vt 0.492160 0.559753
vt 0.492160 0.608084
vt 0.499774 0.559753
vt 0.499774 0.608084
vt 0.565377 0.479594
vt 0.565377 0.431262
vt 0.572991 0.431262
vt 0.557764 0.564090
vt 0.422976 0.557238
vt 0.422976 0.444536
vt 0.428573 0.444536
vt 0.428573 0.557238
vt 0.428573 0.557238
vt 0.428573 0.444537
vt 0.434171 0.557238
vt -1.564458 0.572626
vt -1.566286 0.558360
vt -1.626046 0.866119
vt 1.959593 0.866119
vt 1.877423 0.604524
vt 1.757902 0.604524
vt 1.645850 0.819955
vt 1.404091 0.819955
vt 1.342502 0.572626
vt 1.337197 0.585495
vt 1.328934 0.595707
vt 1.318522 0.602265
vt 1.306980 0.604524
vt 1.214622 0.604524
vt 1.203081 0.602265
vt 1.192668 0.595707
vt 1.184406 0.585495
vt 1.179100 0.572626
vt 1.177272 0.558360
vt 1.177272 0.472188
vt 1.070863 0.457922
vt 1.072691 0.472188
vt 1.072691 0.558360
vt 1.070863 0.572626
vt 1.065558 0.585495
vt 1.057295 0.595708
vt 1.046883 0.602265
vt 1.035340 0.604524
vt 0.942983 0.604524
vt 0.931441 0.602265
vt 0.921029 0.595708
vt 0.912766 0.585495
vt 0.799224 0.572626
vt 0.793918 0.585495
vt 0.785655 0.595707
vt 0.775243 0.602265
vt 0.763701 0.604524
vt 0.671344 0.604524
vt 0.659802 0.602265
vt 0.503604 0.602265
vt 0.492062 0.604524
vt 0.399704 0.604524
vt 0.388162 0.602265
vt 0.377750 0.595708
vt 0.369487 0.585495
vt 0.364182 0.572626
vt 0.362354 0.558360
vt 0.325003 0.641455
vt 0.220422 0.604524
vt 0.128065 0.604524
vt 0.023484 0.641455
vt -0.021000 0.585495
vt -0.029263 0.595708
vt -0.039675 0.602265
vt -0.051217 0.604524
vt -0.143574 0.604524
vt -0.155116 0.602265
vt -0.165528 0.595708
vt -0.173792 0.585495
vt -0.179097 0.572626
vt -0.180925 0.558360
vt -0.180925 0.472188
vt -0.218275 0.462955
vt -0.322856 0.426024
vt -0.311314 0.428283
vt -0.300902 0.434841
vt -0.292639 0.445053
vt -0.287334 0.457923
vt -0.285506 0.472188
vt -0.285506 0.558360
vt -0.287334 0.572626
vt -0.292639 0.585495
vt -0.300902 0.595708
vt -0.311314 0.602265
vt -0.322856 0.604524
vt -0.415214 0.604524
vt -0.426756 0.602265
vt -0.582954 0.602265
vt -0.594496 0.604524
vt -0.686853 0.604524
vt -0.698395 0.602265
vt -0.708807 0.595707
vt -0.717071 0.585495
vt -0.722376 0.572626
vt -0.761554 0.641455
vt -0.854593 0.602265
vt -0.866135 0.604524
vt -0.958493 0.604524
vt -0.970034 0.602265
vt -0.980446 0.595708
vt -1.070544 0.819955
vt -1.312303 0.819955
vt -1.312303 0.210593
vt -1.397873 0.428283
vt -1.387460 0.434841
vt -1.379197 0.445053
vt -1.373892 0.457922
vt -1.372064 0.472187
vt -1.372064 0.558360
vt -1.373892 0.572626
vt -1.379197 0.585495
vt -1.387460 0.595707
vt -1.397872 0.602265
vt -1.409414 0.604524
vt -1.528935 0.604524
vt -1.540477 0.602265
vt -1.550889 0.595707
vt -1.559153 0.585495
vt 0.568619 0.325664
vt 0.630367 0.325664
vt 0.687715 0.339175
vt 0.685880 0.353371
vt 0.680554 0.366177
vt 0.672260 0.376340
vt 0.661808 0.382865
vt 0.650222 0.385114
vt 0.548770 0.385114
vt 0.537184 0.382865
vt 0.526733 0.376340
vt 0.518438 0.366177
vt 0.513112 0.353371
vt 0.511277 0.339175
vt 0.511277 0.114886
vt 0.568619 0.147314
vt 0.630367 0.147314
vt 0.687715 0.114886
vt 1.057294 0.434841
vt 1.065558 0.445054
vt 1.179100 0.457922
vt 1.184406 0.445054
vt 1.192668 0.434841
vt 1.203080 0.428283
vt 1.214622 0.426024
vt 1.306980 0.426024
vt 1.318522 0.428283
vt 1.328934 0.434841
vt 1.337197 0.445054
vt 1.342502 0.457922
vt 1.344330 0.472188
vt 1.344330 0.558360
vt 1.404091 0.210593
vt 1.645850 0.210593
vt 1.746359 0.602265
vt 1.735947 0.595707
vt 1.727684 0.585495
vt 1.722379 0.572626
vt 1.720551 0.558360
vt 1.720551 0.472188
vt 1.722379 0.457923
vt 1.727684 0.445054
vt 1.735947 0.434841
vt 1.746359 0.428283
vt 1.757902 0.426024
vt 1.877423 0.426024
vt 1.888964 0.428283
vt 1.899376 0.434841
vt 1.907639 0.445054
vt 1.912945 0.457923
vt 1.914773 0.472188
vt 1.914773 0.558360
vt 1.912945 0.572626
vt 1.907639 0.585495
vt 1.899376 0.595708
vt 1.888964 0.602265
vt 1.959593 0.099799
vt -1.626046 0.099799
vt -1.566286 0.472187
vt -1.564458 0.457922
vt -1.559152 0.445053
vt -1.550890 0.434841
vt -1.540477 0.428283
vt -1.528935 0.426024
vt -1.409414 0.426024
vt -1.070544 0.210593
vt -0.988710 0.585495
vt -0.994015 0.572626
vt -0.995843 0.558360
vt -0.995843 0.472187
vt -0.994015 0.457922
vt -0.988710 0.445054
vt -0.980447 0.434841
vt -0.970034 0.428283
vt -0.958493 0.426024
vt -0.866135 0.426024
vt -0.854593 0.428283
vt -0.844181 0.434841
vt -0.835918 0.445054
vt -0.830613 0.457922
vt -0.828785 0.472187
vt -0.828785 0.558360
vt -0.830613 0.572626
vt -0.835918 0.585495
vt -0.844181 0.595708
vt -0.724204 0.558360
vt -0.724204 0.472187
vt -0.722376 0.457922
vt -0.717071 0.445053
vt -0.708807 0.434841
vt -0.698395 0.428283
vt -0.686853 0.426024
vt -0.594496 0.426024
vt -0.582954 0.428283
vt -0.572542 0.434841
vt -0.564279 0.445053
vt -0.558974 0.457922
vt -0.557146 0.472187
vt -0.557145 0.558360
vt -0.558974 0.572626
vt -0.564279 0.585495
vt -0.572542 0.595707
vt -0.437168 0.595708
vt -0.445431 0.585495
vt -0.450736 0.572626
vt -0.452564 0.558360
vt -0.452564 0.472188
vt -0.450736 0.457923
vt -0.445431 0.445053
vt -0.437168 0.434841
vt -0.426756 0.428283
vt -0.415214 0.426024
vt -0.179097 0.457923
vt -0.173792 0.445053
vt -0.165528 0.434841
vt -0.155116 0.428283
vt -0.143574 0.426024
vt -0.051217 0.426024
vt -0.039675 0.428283
vt -0.029263 0.434841
vt -0.021000 0.445053
vt -0.015695 0.457922
vt -0.013867 0.472188
vt -0.013867 0.558360
vt -0.015695 0.572626
vt 0.116523 0.602265
vt 0.106111 0.595708
vt 0.097848 0.585495
vt 0.092543 0.572626
vt 0.090714 0.558360
vt 0.090714 0.472188
vt 0.092543 0.457922
vt 0.097848 0.445053
vt 0.106111 0.434841
vt 0.116523 0.428283
vt 0.128065 0.426024
vt 0.220422 0.426024
vt 0.231964 0.428283
vt 0.242376 0.434841
vt 0.250639 0.445053
vt 0.255945 0.457922
vt 0.257773 0.472187
vt 0.257773 0.558360
vt 0.255945 0.572626
vt 0.250639 0.585495
vt 0.242376 0.595708
vt 0.231964 0.602265
vt 0.362354 0.472187
vt 0.364182 0.457922
vt 0.369487 0.445053
vt 0.377750 0.434841
vt 0.388162 0.428283
vt 0.399704 0.426024
vt 0.492062 0.426024
vt 0.503604 0.428283
vt 0.514016 0.434841
vt 0.522279 0.445053
vt 0.527584 0.457922
vt 0.529412 0.472187
vt 0.529412 0.558360
vt 0.527584 0.572626
vt 0.522279 0.585495
vt 0.514016 0.595708
vt 0.649390 0.595707
vt 0.641127 0.585495
vt 0.635821 0.572626
vt 0.633993 0.558360
vt 0.633993 0.472187
vt 0.635821 0.457922
vt 0.641127 0.445053
vt 0.649390 0.434841
vt 0.659802 0.428283
vt 0.671344 0.426024
vt 0.763701 0.426024
vt 0.775243 0.428283
vt 0.785655 0.434841
vt 0.793918 0.445053
vt 0.799223 0.457922
vt 0.801051 0.472187
vt 0.801052 0.558360
vt 0.907461 0.572626
vt 0.905633 0.558360
vt 0.905633 0.472188
vt 0.907461 0.457922
vt 0.912766 0.445054
vt 0.921029 0.434841
vt 0.931441 0.428283
vt 0.942983 0.426024
vt 1.035340 0.426024
vt 1.046883 0.428283
vt 0.478949 0.542508
vt 0.473352 0.542508
vt 0.478949 0.552326
vt 0.473352 0.552326
vt 0.478949 0.560117
vt 0.473352 0.560117
vt 0.456560 0.560117
vt 0.464174 0.560117
vt 0.464174 0.567335
vt 0.456560 0.567335
vt 0.523728 0.425862
vt 0.529325 0.425862
vt 0.523728 0.416044
vt 0.529325 0.416044
vt 0.464174 0.644614
vt 0.456560 0.644614
vt 0.456560 0.638886
vt 0.464174 0.638886
vt 0.456560 0.631668
vt 0.464174 0.631668
vt 0.495741 0.534716
vt 0.490144 0.534716
vt 0.495741 0.544534
vt 0.490144 0.544534
vt 0.534922 0.629031
vt 0.527309 0.629031
vt 0.527309 0.623303
vt 0.534922 0.623303
vt 0.527309 0.616085
vt 0.534922 0.616085
vt 0.434171 0.433653
vt 0.439768 0.433653
vt 0.434171 0.423835
vt 0.439768 0.423835
vt 0.434171 0.416044
vt 0.439768 0.416044
vt 0.527309 0.544534
vt 0.534922 0.544534
vt 0.534922 0.551752
vt 0.527309 0.551752
vt 0.506936 0.534716
vt 0.501338 0.534716
vt 0.506936 0.544534
vt 0.501338 0.544534
vt 0.508952 0.629031
vt 0.501338 0.629031
vt 0.501338 0.623303
vt 0.508952 0.623303
vt 0.501338 0.616085
vt 0.508952 0.616085
vt 0.439768 0.433653
vt 0.445365 0.433653
vt 0.439768 0.423835
vt 0.445365 0.423835
vt 0.439768 0.416044
vt 0.445365 0.416044
vt 0.508952 0.544534
vt 0.508952 0.551752
vt 0.501338 0.551752
vt 0.417379 0.568122
vt 0.411781 0.568122
vt 0.417379 0.577940
vt 0.411781 0.577940
vt 0.417379 0.585731
vt 0.411781 0.585731
vt 0.588219 0.494812
vt 0.580605 0.494812
vt 0.580605 0.487594
vt 0.588219 0.487594
vt 0.417379 0.433653
vt 0.422976 0.433653
vt 0.417379 0.423835
vt 0.422976 0.423835
vt 0.417379 0.416044
vt 0.422976 0.416044
vt 0.580605 0.416044
vt 0.588219 0.416044
vt 0.588219 0.423261
vt 0.580605 0.423261
vt 0.542536 0.487594
vt 0.534922 0.487594
vt 0.542536 0.494812
vt 0.534922 0.494812
vt 0.542536 0.500540
vt 0.534922 0.500540
vt 0.529325 0.544534
vt 0.523728 0.544534
vt 0.523728 0.534716
vt 0.529325 0.534716
vt 0.572991 0.507758
vt 0.580605 0.507758
vt 0.572991 0.500540
vt 0.580605 0.500540
vt 0.422976 0.585731
vt 0.417379 0.585731
vt 0.417379 0.577940
vt 0.422976 0.577940
vt 0.417379 0.568122
vt 0.422976 0.568122
vt 0.534922 0.423261
vt 0.542536 0.423261
vt 0.534922 0.416044
vt 0.542536 0.416044
vt 0.473352 0.416044
vt 0.478949 0.416044
vt 0.478949 0.423835
vt 0.473352 0.423835
vt 0.478949 0.433653
vt 0.473352 0.433653
vt 0.580605 0.572091
vt 0.572991 0.572091
vt 0.580605 0.579309
vt 0.572991 0.579309
vt 0.411781 0.416044
vt 0.417379 0.416044
vt 0.417379 0.423835
vt 0.411781 0.423835
vt 0.417379 0.433653
vt 0.411781 0.433653
vt 0.450963 0.542508
vt 0.445365 0.542508
vt 0.450963 0.552326
vt 0.445365 0.552326
vt 0.450963 0.560117
vt 0.445365 0.560117
vt 0.550150 0.416044
vt 0.557764 0.416044
vt 0.557764 0.423261
vt 0.550150 0.423261
vt 0.484546 0.425862
vt 0.490144 0.425862
vt 0.484546 0.416044
vt 0.490144 0.416044
vt 0.557764 0.500540
vt 0.550150 0.500540
vt 0.550150 0.494812
vt 0.557764 0.494812
vt 0.550150 0.487594
vt 0.557764 0.487594
vt 0.456560 0.542508
vt 0.450963 0.542508
vt 0.456560 0.552326
vt 0.450963 0.552326
vt 0.456560 0.560117
vt 0.450963 0.560117
vt 0.565377 0.416044
vt 0.572991 0.416044
vt 0.572991 0.423261
vt 0.565377 0.423261
vt 0.495741 0.425862
vt 0.501338 0.425862
vt 0.495741 0.416044
vt 0.501338 0.416044
vt 0.565377 0.500540
vt 0.565377 0.494812
vt 0.572991 0.494812
vt 0.565377 0.487594
vt 0.572991 0.487594
vt 0.565377 0.572091
vt 0.565377 0.579309
vt 0.572991 0.585037
vt 0.565377 0.585037
vt 0.490144 0.544534
vt 0.484546 0.544534
vt 0.484546 0.534716
vt 0.490144 0.534716
vt 0.565377 0.572091
vt 0.557764 0.572091
vt 0.557764 0.579309
vt 0.565377 0.585037
vt 0.557764 0.585037
vt 0.495741 0.544534
vt 0.495741 0.534716
vt 0.565377 0.507758
vt 0.445365 0.416044
vt 0.450963 0.416044
vt 0.450963 0.423835
vt 0.445365 0.423835
vt 0.450963 0.433653
vt 0.445365 0.433653
vt 0.557764 0.507758
vt 0.557764 0.500540
vt 0.450963 0.416044
vt 0.456560 0.416044
vt 0.456560 0.423835
vt 0.450963 0.423835
vt 0.456560 0.433653
vt 0.450963 0.433653
vt 0.467755 0.542508
vt 0.462157 0.542508
vt 0.467755 0.552326
vt 0.462157 0.552326
vt 0.467755 0.560117
vt 0.462157 0.560117
vt 0.516566 0.544534
vt 0.516566 0.551752
vt 0.512533 0.425862
vt 0.518130 0.425862
vt 0.512533 0.416044
vt 0.518130 0.416044
vt 0.516566 0.629031
vt 0.516566 0.623303
vt 0.516566 0.616085
vt 0.462157 0.542508
vt 0.456560 0.542508
vt 0.462157 0.552326
vt 0.456560 0.552326
vt 0.462157 0.560117
vt 0.456560 0.560117
vt 0.484546 0.544534
vt 0.492160 0.544534
vt 0.492160 0.551752
vt 0.484546 0.551752
vt 0.529325 0.425862
vt 0.534922 0.425862
vt 0.529325 0.416044
vt 0.534922 0.416044
vt 0.492160 0.629031
vt 0.484546 0.629031
vt 0.484546 0.623303
vt 0.492160 0.623303
vt 0.484546 0.616085
vt 0.492160 0.616085
vt 0.448946 0.631668
vt 0.448946 0.638886
vt 0.456560 0.644614
vt 0.448946 0.644614
vt 0.518130 0.544534
vt 0.512533 0.544534
vt 0.512533 0.534716
vt 0.518130 0.534716
vt 0.534922 0.534716
vt 0.448946 0.567335
vt 0.448946 0.560117
vt 0.462157 0.416044
vt 0.467755 0.416044
vt 0.467755 0.423835
vt 0.462157 0.423835
vt 0.467755 0.433653
vt 0.462157 0.433653
vt 0.542536 0.423261
vt 0.550150 0.423261
vt 0.484546 0.542508
vt 0.484546 0.552326
vt 0.484546 0.560117
vt 0.478949 0.560117
vt 0.465738 0.560117
vt 0.473352 0.560117
vt 0.473352 0.567335
vt 0.465738 0.567335
vt 0.518130 0.425862
vt 0.518130 0.416044
vt 0.473352 0.644614
vt 0.465738 0.644614
vt 0.465738 0.638886
vt 0.473352 0.638886
vt 0.465738 0.631668
vt 0.473352 0.631668
vt 0.473352 0.542508
vt 0.467755 0.542508
vt 0.473352 0.552326
vt 0.467755 0.552326
vt 0.473352 0.560117
vt 0.467755 0.560117
vt 0.557764 0.507758
vt 0.550150 0.507758
vt 0.506936 0.425862
vt 0.512533 0.425862
vt 0.506936 0.416044
vt 0.512533 0.416044
vt 0.557764 0.585037
vt 0.550150 0.585037
vt 0.550150 0.579309
vt 0.557764 0.579309
vt 0.550150 0.572091
vt 0.434171 0.568122
vt 0.428573 0.568122
vt 0.434171 0.577940
vt 0.428573 0.577940
vt 0.434171 0.585731
vt 0.428573 0.585731
vt 0.422976 0.433653
vt 0.428573 0.433653
vt 0.422976 0.423835
vt 0.428573 0.423835
vt 0.422976 0.416043
vt 0.428573 0.416043
vt 0.542536 0.572091
vt 0.542536 0.579309
vt 0.542536 0.585037
vt 0.523728 0.544534
vt 0.565377 0.487594
vt 0.557764 0.487594
vt 0.512533 0.544534
vt 0.506936 0.544534
vt 0.506936 0.534716
vt 0.512533 0.534716
vt 0.447382 0.631668
vt 0.439768 0.631668
vt 0.447382 0.638886
vt 0.439768 0.638886
vt 0.428573 0.585731
vt 0.422976 0.585731
vt 0.422976 0.577939
vt 0.428573 0.577939
vt 0.422976 0.568121
vt 0.428573 0.568121
vt 0.542536 0.507758
vt 0.484546 0.416044
vt 0.484546 0.423835
vt 0.484546 0.433653
vt 0.557764 0.423261
vt 0.467755 0.416044
vt 0.473352 0.416044
vt 0.473352 0.423835
vt 0.467755 0.423835
vt 0.473352 0.433653
vt 0.467755 0.433653
vt 0.439768 0.567335
vt 0.447382 0.567335
vt 0.439768 0.560117
vt 0.447382 0.560117
vt 0.428573 0.416044
vt 0.434171 0.423835
vt 0.428573 0.423835
vt 0.428573 0.433653
vt 0.439768 0.542508
vt 0.434171 0.542508
vt 0.439768 0.552326
vt 0.434171 0.552326
vt 0.434171 0.560117
vt 0.534922 0.507758
vt 0.490144 0.425862
vt 0.495741 0.425862
vt 0.490144 0.416044
vt 0.495741 0.416044
vt 0.534922 0.585037
vt 0.534922 0.579309
vt 0.542536 0.579309
vt 0.534922 0.572091
vt 0.445365 0.542508
vt 0.439768 0.542508
vt 0.445365 0.552326
vt 0.439768 0.552326
vt 0.445365 0.560117
vt 0.499774 0.544534
vt 0.499774 0.551752
vt 0.501338 0.425862
vt 0.506936 0.425862
vt 0.506936 0.416044
vt 0.499774 0.629031
vt 0.499774 0.623303
vt 0.499774 0.616085
s 0
usemtl train_base.001
f 884/1825/153 883/1826/153 870/1827/153 869/1828/153
f 876/1833/155 875/1834/155 889/1835/155 890/1836/155
f 881/1837/156 882/1838/156 896/1839/156 895/1840/156
f 903/1841/157 904/1842/157 911/1843/157 912/1844/157
f 891/1845/158 892/1846/158 877/1847/158 878/1848/158
f 963/1849/154 946/1850/154 1219/1851/154 1226/1852/154
f 1086/1853/154 1069/1854/154 1339/1855/154 1346/1856/154
f 1153/1857/159 1160/1858/159 1417/1859/159 1424/1860/159
f 1030/1861/157 1037/1862/157 1297/1863/157 1304/1864/157
f 1024/1865/153 1031/1866/153 1303/1867/153 1286/1868/153
f 886/1869/160 887/1870/160 873/1871/160 871/1872/160
f 872/1873/154 877/1874/154 892/1875/154 885/1876/154
f 891/1845/161 878/1848/161 879/1877/161 893/1878/161
f 876/1879/162 890/1880/162 884/1881/162 869/1882/162
f 886/1869/163 871/1872/163 872/1883/163 885/1884/163
f 879/1877/164 880/1885/164 894/1886/164 893/1878/164
f 897/1887/159 898/1888/159 907/1889/159 905/1890/159
f 888/1891/165 874/1892/165 873/1871/165 887/1870/165
f 1111/1893/154 1093/1894/154 1363/1895/154 1370/1849/154
f 933/1896/157 940/1897/157 1201/1898/157 1208/1899/157
f 888/1891/166 889/1835/166 875/1834/166 874/1892/166
f 880/1885/167 881/1837/167 895/1840/167 894/1886/167
f 1036/1900/154 1019/1901/154 1291/1902/154 1298/1903/154
f 1141/1904/157 1148/1905/157 1411/1906/157 1406/1907/157
f 905/1908/168 907/1909/168 908/1910/168 906/1911/168
f 910/1912/168 909/1913/168 912/1914/168 911/1915/168
f 902/1916/153 903/1917/153 912/1918/153 909/1919/153
f 898/1920/153 899/1921/153 908/1922/153 907/1923/153
f 899/1928/157 900/1929/157 906/1930/157 908/1931/157
f 901/1932/159 902/1933/159 909/1934/159 910/1935/159
f 1074/2176/153 1081/2177/153 1351/2178/153 1334/2179/153
f 951/2180/153 958/2181/153 1231/2182/153 1214/2183/153
f 1080/1858/157 1087/1857/157 1345/2184/157 1352/2185/157
f 957/2186/157 964/2187/157 1225/2188/157 1232/2189/157
f 1135/2190/154 1118/2191/154 1387/2192/154 1394/2193/154
f 1012/1903/154 994/2194/154 1267/2195/154 1274/2196/154
f 1092/2197/159 1099/2198/159 1357/2199/159 1364/2200/159
f 1123/2201/153 1130/2202/153 1399/2203/153 1382/2204/153
f 999/2205/153 1007/2182/153 1279/2202/153 1262/2206/153
f 1129/2207/157 1136/2208/157 1393/2209/157 1400/2210/157
f 1006/2211/157 1013/2212/157 1273/1862/157 1280/1861/157
f 1062/2193/154 1043/2213/154 1315/2214/154 1322/2215/154
f 1049/1868/153 1056/2216/153 1327/2217/153 1310/2218/153
f 927/2204/153 934/2219/153 1207/2220/153 1190/2221/153
f 1055/2222/157 1063/2223/157 1321/2224/157 1328/2199/157
f 987/2225/154 970/1851/154 1243/2226/154 1250/2227/154
f 1098/2252/153 1106/2253/153 1375/2254/153 1358/2255/153
f 975/2256/153 982/2257/153 1255/2258/153 1238/2259/153
f 1105/2260/157 1112/2261/157 1369/2262/157 1376/2263/157
f 981/2264/157 988/2265/157 1249/2266/157 1256/2267/157
f 915/2268/162 916/2269/162 919/2270/162 920/2271/162
f 918/2272/159 917/2273/159 920/2271/159 919/2270/159
f 916/2274/153 913/2275/153 918/2276/153 919/2277/153
f 914/2278/154 915/2279/154 920/2280/154 917/2281/154
f 913/2269/168 914/2268/168 917/2282/168 918/2283/168
f 1147/2298/154 1154/2299/154 1423/2300/154 1412/2301/154
f 1159/2302/153 1142/2303/153 1405/2304/153 1418/2305/153
f 1117/2265/159 1124/2264/159 1381/2306/159 1388/2307/159
f 1068/2212/159 1075/2211/159 1333/2308/159 1340/2309/159
f 1042/2310/159 1050/2311/159 1309/2312/159 1316/2313/159
f 1165/2314/159 1172/2315/159 1435/2316/159 1430/1906/159
f 1018/2208/159 1025/2207/159 1285/2317/159 1292/2318/159
f 939/2319/154 922/2320/154 1195/2321/154 1202/2322/154
f 1177/2323/157 1184/2324/157 1441/2325/157 1448/2326/157
f 993/2327/159 1000/2328/159 1261/2329/159 1268/2330/159
f 969/2330/159 976/2329/159 1237/2331/159 1244/2332/159
f 945/2333/159 952/2334/159 1213/2335/159 1220/2314/159
f 921/2223/159 928/2222/159 1189/2189/159 1196/2336/159
f 1183/2337/154 1166/2338/154 1429/2339/154 1442/2340/154
f 1171/2341/153 1178/2342/153 1447/2253/153 1436/2343/153
f 1164/2344/168 1160/2345/168 896/2346/168 882/2347/168 1178/2348/168 1171/2349/168 899/2350/168 898/2351/168 935/2352/168 936/2353/168 937/2354/168 938/2355/168 934/2356/168 927/2357/168 929/2358/168 930/2359/168 931/2360/168 932/2361/168 928/2362/168 921/2363/168 968/2364/168 964/2365/168 957/2366/168 959/2367/168 960/2368/168 961/2369/168 962/2370/168 958/2371/168 951/2372/168 953/2373/168 954/2374/168 955/2375/168 983/2376/168 984/2377/168 985/2378/168 986/2379/168 982/2380/168 975/2381/168 977/2382/168 1011/2383/168 1007/2384/168 999/2385/168 1002/2386/168 1003/2387/168 1004/2388/168 1005/2389/168 1000/2390/168 1001/2391/168 1031/2392/168 1024/2393/168 1057/2394/168 1059/2395/168 1060/2396/168 1061/2397/168 1056/2398/168 1049/2399/168 1051/2400/168 1052/2401/168 1053/2402/168 1054/2403/168 1050/2404/168 1042/2405/168 1044/2406/168 1086/2407/168 1088/2408/168 1089/2409/168 1090/2410/168 1091/2411/168 1087/2412/168 1080/2413/168 1082/2414/168 1083/2415/168 1084/2416/168 1085/2417/168 1081/2418/168 1074/2419/168 1076/2420/168 1110/2421/168 1106/2422/168 1098/2423/168 1101/2424/168 1102/2425/168 1103/2426/168 1104/2427/168 1100/2428/168 1134/2429/168 1130/2430/168 1123/2431/168 1125/2432/168 1126/2433/168 903/2434/168 902/2435/168 901/2436/168 1149/2437/168 1150/2438/168 1151/2439/168 1152/2440/168 1148/2441/168 1141/2442/168 1143/2443/168 1144/2444/168 1145/2445/168 1146/2446/168 1142/2447/168 1159/2448/168 1161/2449/168 1162/2450/168 1163/2451/168
f 915/2452/159 914/2453/159 882/2454/159 881/2455/159 880/2456/159 879/2457/159 878/2458/159 877/2459/159 872/2460/159 871/2461/159 873/2462/159 874/2463/159 875/2464/159 876/2465/159 869/2466/159 916/2467/159
f 913/2468/159 916/2467/159 869/2466/159 870/2469/159 882/2454/159 914/2453/159
f 966/2470/168 967/2471/168 968/2364/168 921/2363/168 923/2472/168 924/2473/168 925/2474/168 926/2475/168 922/2476/168 939/2477/168 941/2478/168 942/2479/168 943/2480/168 944/2481/168 940/2482/168 933/2483/168 935/2352/168 898/2351/168 897/2484/168 900/2485/168 899/2350/168 1171/2349/168 1173/2486/168 1174/2487/168 1175/2488/168 1176/2489/168 1172/2490/168 1165/2491/168 1167/2492/168 1168/2493/168 1169/2494/168 1170/2495/168 1166/2496/168 1183/2497/168 1185/2498/168 1186/2499/168 1187/2500/168 1188/2501/168 1184/2502/168 1177/2503/168 1179/2504/168 1180/2505/168 1181/2506/168 1182/2507/168 1178/2348/168 882/2347/168 870/2508/168 883/2509/168 896/2346/168 1160/2345/168 1153/2510/168 1155/2511/168 1156/2512/168 1157/2513/168 1158/2514/168 1154/2515/168 1147/2516/168 1149/2437/168 901/2436/168 904/2517/168 903/2434/168 1126/2433/168 1127/2518/168 1128/2519/168 1124/2520/168 1117/2521/168 1119/2522/168 1120/2523/168 1121/2524/168 1122/2525/168 1118/2526/168 1135/2527/168 1137/2528/168 1138/2529/168 1139/2530/168 1140/2531/168 1136/2532/168 1129/2533/168 1131/2534/168 1132/2535/168 1133/2536/168 1134/2429/168 1100/2428/168 1104/2427/168 1099/2537/168 1092/2538/168 1094/2539/168 1095/2540/168 1096/2541/168 1097/2542/168 1093/2543/168 1111/2544/168 1113/2545/168 1114/2546/168 1115/2547/168 1116/2548/168 1112/2549/168 1105/2550/168 1107/2551/168 1108/2552/168 1109/2553/168 1110/2421/168 1076/2420/168 1077/2554/168 1078/2555/168 1079/2556/168 1075/2557/168 1068/2558/168 1070/2559/168 1071/2560/168 1072/2561/168 1073/2562/168 1069/2563/168 1086/2407/168 1044/2406/168 1042/2405/168 1045/2564/168 1046/2565/168 1047/2566/168 1048/2567/168 1043/2568/168 1062/2569/168 1064/2570/168 1065/2571/168 1066/2572/168 1067/2573/168 1063/2574/168 1055/2575/168 1058/2576/168 1059/2395/168 1057/2394/168 1024/2393/168 1026/2577/168 1027/2578/168 1028/2579/168 1029/2580/168 1025/2581/168 1018/2582/168 1020/2583/168 1021/2584/168 1022/2585/168 1023/2586/168 1019/2587/168 1036/2588/168 1038/2589/168 1039/2590/168 1040/2591/168 1041/2592/168 1037/2593/168 1030/2594/168 1032/2595/168 1033/2596/168 1034/2597/168 1035/2598/168 1031/2392/168 1001/2391/168 1000/2390/168 993/2599/168 995/2600/168 996/2601/168 997/2602/168 998/2603/168 994/2604/168 1012/2605/168 1014/2606/168 1015/2607/168 1016/2608/168 1017/2609/168 1013/2610/168 1006/2611/168 1008/2612/168 1009/2613/168 1010/2614/168 1011/2383/168 977/2382/168 978/2615/168 979/2616/168 980/2617/168 976/2618/168 969/2619/168 971/2620/168 972/2621/168 973/2622/168 974/2623/168 970/2624/168 987/2625/168 989/2626/168 990/2627/168 991/2628/168 992/2629/168 988/2630/168 981/2631/168 983/2376/168 955/2375/168 956/2632/168 952/2633/168 945/2634/168 947/2635/168 948/2636/168 949/2637/168 950/2638/168 946/2639/168 963/2640/168 965/2641/168
f 1024/1865/169 1286/1868/169 1290/2642/169 1026/2643/169
f 1026/2643/170 1290/2642/170 1289/2644/170 1027/2645/170
f 1027/2645/171 1289/2644/171 1288/2646/171 1028/2647/171
f 1028/2648/172 1288/2649/172 1287/2650/172 1029/2651/172
f 1029/2651/173 1287/2650/173 1285/2317/173 1025/2207/173
f 1291/1902/174 1019/1901/174 1023/2652/174 1293/2653/174
f 1293/2653/175 1023/2652/175 1022/2654/175 1294/2655/175
f 1294/2656/176 1022/2657/176 1021/2658/176 1295/2659/176
f 1295/2659/177 1021/2658/177 1020/2660/177 1296/2661/177
f 1296/2661/178 1020/2660/178 1018/2208/178 1292/2318/178
f 1111/1893/179 1370/1849/179 1374/2662/179 1113/2663/179
f 1113/2663/180 1374/2662/180 1373/2664/180 1114/2665/180
f 1114/2666/181 1373/2667/181 1372/2668/181 1115/2669/181
f 1115/2669/182 1372/2668/182 1371/2670/182 1116/2671/182
f 1116/2671/183 1371/2670/183 1369/2262/183 1112/2261/183
f 1375/2254/184 1106/2253/184 1110/2672/184 1377/2673/184
f 1377/2673/185 1110/2672/185 1109/2674/185 1378/2675/185
f 1378/2675/186 1109/2674/186 1108/2676/186 1379/2677/186
f 1379/2678/187 1108/2679/187 1107/2680/187 1380/2681/187
f 1380/2681/188 1107/2680/188 1105/2260/188 1376/2263/188
f 987/2225/179 1250/2227/179 1254/2682/179 989/2683/179
f 989/2683/180 1254/2682/180 1253/2684/180 990/2685/180
f 990/2686/181 1253/2687/181 1252/2688/181 991/2689/181
f 991/2689/182 1252/2688/182 1251/2690/182 992/2691/182
f 992/2691/183 1251/2690/183 1249/2266/183 988/2265/183
f 1255/2258/184 982/2257/184 986/2692/184 1257/2693/184
f 1257/2693/185 986/2692/185 985/2694/185 1258/2695/185
f 1258/2695/186 985/2694/186 984/2696/186 1259/2697/186
f 1259/2685/187 984/2698/187 983/2699/187 1260/2700/187
f 1260/2700/188 983/2699/188 981/2264/188 1256/2267/188
f 1147/2298/179 1412/2301/179 1416/2701/179 1149/2702/179
f 1149/2702/180 1416/2701/180 1415/2703/180 1150/2704/180
f 1150/2704/181 1415/2703/181 1414/2705/181 1151/2706/181
f 1151/2707/182 1414/2708/182 1413/2709/182 1152/2710/182
f 1152/2710/183 1413/2709/183 1411/1906/183 1148/1905/183
f 1405/2304/184 1142/2303/184 1146/2711/184 1407/2712/184
f 1407/2712/185 1146/2711/185 1145/2713/185 1408/2714/185
f 1408/2714/186 1145/2713/186 1144/2715/186 1409/2716/186
f 1409/2717/187 1144/2718/187 1143/2719/187 1410/2720/187
f 1410/2720/188 1143/2719/188 1141/1904/188 1406/1907/188
f 1297/1863/183 1037/1862/183 1041/2721/183 1299/2722/183
f 1299/2722/182 1041/2721/182 1040/2723/182 1300/2724/182
f 1300/2724/181 1040/2723/181 1039/2725/181 1301/2726/181
f 1301/2727/180 1039/2728/180 1038/2729/180 1302/2730/180
f 1302/2730/179 1038/2729/179 1036/1900/179 1298/1903/179
f 1417/1859/173 1160/1858/173 1164/2731/173 1419/2732/173
f 1419/2732/172 1164/2731/172 1163/2733/172 1420/2734/172
f 1420/2735/171 1163/2736/171 1162/2737/171 1421/2738/171
f 1421/2738/170 1162/2737/170 1161/2739/170 1422/2740/170
f 1422/2740/169 1161/2739/169 1159/2302/169 1418/2305/169
f 1030/1861/188 1304/1864/188 1308/2741/188 1032/2742/188
f 1032/2742/187 1308/2741/187 1307/2743/187 1033/2744/187
f 1033/2745/186 1307/2746/186 1306/2747/186 1034/2748/186
f 1034/2748/185 1306/2747/185 1305/2749/185 1035/2750/185
f 1035/2750/184 1305/2749/184 1303/1867/184 1031/1866/184
f 1153/1857/178 1424/1860/178 1428/2751/178 1155/2752/178
f 1155/2752/177 1428/2751/177 1427/2753/177 1156/2754/177
f 1156/2755/176 1427/2756/176 1426/2757/176 1157/2758/176
f 1157/2758/175 1426/2757/175 1425/2759/175 1158/2760/175
f 1158/2760/174 1425/2759/174 1423/2300/174 1154/2299/174
f 1074/2176/169 1334/2179/169 1338/2761/169 1076/2762/169
f 1076/2762/170 1338/2761/170 1337/2763/170 1077/2764/170
f 1077/2764/171 1337/2763/171 1336/2765/171 1078/2766/171
f 1078/2767/172 1336/2768/172 1335/2769/172 1079/2770/172
f 1079/2770/173 1335/2769/173 1333/2308/173 1075/2211/173
f 1339/1855/174 1069/1854/174 1073/2771/174 1341/2772/174
f 1341/2772/175 1073/2771/175 1072/2773/175 1342/2774/175
f 1342/2775/176 1072/2776/176 1071/2777/176 1343/2778/176
f 1343/2778/177 1071/2777/177 1070/2779/177 1344/2780/177
f 1344/2780/178 1070/2779/178 1068/2212/178 1340/2309/178
f 951/2180/169 1214/2183/169 1218/2781/169 953/2782/169
f 953/2782/170 1218/2781/170 1217/2783/170 954/2784/170
f 954/2784/171 1217/2783/171 1216/2785/171 955/2786/171
f 955/2787/172 1216/2788/172 1215/2789/172 956/2790/172
f 956/2790/173 1215/2789/173 1213/2335/173 952/2334/173
f 1219/1851/174 946/1850/174 950/2791/174 1221/2792/174
f 1221/2792/175 950/2791/175 949/2793/175 1222/2794/175
f 1222/2733/176 949/2795/176 948/2796/176 1223/2797/176
f 1223/2797/177 948/2796/177 947/2798/177 1224/2799/177
f 1224/2799/178 947/2798/178 945/2333/178 1220/2314/178
f 1345/2184/183 1087/1857/183 1091/2752/183 1347/2800/183
f 1347/2800/182 1091/2752/182 1090/2754/182 1348/2801/182
f 1348/2801/181 1090/2754/181 1089/2802/181 1349/2803/181
f 1349/2804/180 1089/2805/180 1088/2806/180 1350/2807/180
f 1350/2807/179 1088/2806/179 1086/1853/179 1346/1856/179
f 1225/2188/183 964/2187/183 968/2808/183 1227/2809/183
f 1227/2809/182 968/2808/182 967/2801/182 1228/2810/182
f 1228/2810/181 967/2801/181 966/2811/181 1229/2812/181
f 1229/2685/180 966/2813/180 965/2814/180 1230/2683/180
f 1230/2683/179 965/2814/179 963/1849/179 1226/1852/179
f 1080/1858/188 1352/2185/188 1356/2815/188 1082/2731/188
f 1082/2731/187 1356/2815/187 1355/2795/187 1083/2733/187
f 1083/2816/186 1355/2817/186 1354/2818/186 1084/2819/186
f 1084/2819/185 1354/2818/185 1353/2820/185 1085/2821/185
f 1085/2821/184 1353/2820/184 1351/2178/184 1081/2177/184
f 957/2186/188 1232/2189/188 1236/2822/188 959/2815/188
f 959/2815/187 1236/2822/187 1235/2823/187 960/2795/187
f 960/2824/186 1235/2825/186 1234/2826/186 961/2827/186
f 961/2827/185 1234/2826/185 1233/2828/185 962/2829/185
f 962/2829/184 1233/2828/184 1231/2182/184 958/2181/184
f 1123/2201/169 1382/2204/169 1386/2830/169 1125/2831/169
f 1125/2831/170 1386/2830/170 1385/2832/170 1126/2833/170
f 1126/2833/171 1385/2832/171 1384/2834/171 1127/2835/171
f 1127/2698/172 1384/2836/172 1383/2837/172 1128/2699/172
f 1128/2699/173 1383/2837/173 1381/2306/173 1124/2264/173
f 1387/2192/174 1118/2191/174 1122/2838/174 1389/2839/174
f 1389/2839/175 1122/2838/175 1121/2840/175 1390/2841/175
f 1390/2842/176 1121/2686/176 1120/2689/176 1391/2843/176
f 1391/2843/177 1120/2689/177 1119/2691/177 1392/2844/177
f 1392/2844/178 1119/2691/178 1117/2265/178 1388/2307/178
f 999/2205/169 1262/2206/169 1266/2845/169 1002/2846/169
f 1002/2846/170 1266/2845/170 1265/2847/170 1003/2848/170
f 1003/2848/171 1265/2847/171 1264/2849/171 1004/2850/171
f 1004/2851/172 1264/2852/172 1263/2853/172 1005/2854/172
f 1005/2854/173 1263/2853/173 1261/2329/173 1000/2328/173
f 1267/2195/174 994/2194/174 998/2855/174 1269/2856/174
f 1269/2856/175 998/2855/175 997/2857/175 1270/2858/175
f 1270/2859/176 997/2860/176 996/2861/176 1271/2862/176
f 1271/2862/177 996/2861/177 995/2863/177 1272/2864/177
f 1272/2864/178 995/2863/178 993/2327/178 1268/2330/178
f 1393/2209/183 1136/2208/183 1140/2660/183 1395/2865/183
f 1395/2865/182 1140/2660/182 1139/2658/182 1396/2866/182
f 1396/2866/181 1139/2658/181 1138/2867/181 1397/2868/181
f 1397/2869/180 1138/2870/180 1137/2871/180 1398/2872/180
f 1398/2872/179 1137/2871/179 1135/2190/179 1394/2193/179
f 1273/1862/183 1013/2212/183 1017/2779/183 1275/2721/183
f 1275/2721/182 1017/2779/182 1016/2777/182 1276/2723/182
f 1276/2723/181 1016/2777/181 1015/2776/181 1277/2725/181
f 1277/2679/180 1015/2727/180 1014/2730/180 1278/2873/180
f 1278/2873/179 1014/2730/179 1012/1903/179 1274/2196/179
f 1129/2207/188 1400/2210/188 1404/2874/188 1131/2651/188
f 1131/2651/187 1404/2874/187 1403/2875/187 1132/2648/187
f 1132/2876/186 1403/2877/186 1402/2878/186 1133/2879/186
f 1133/2879/185 1402/2878/185 1401/2880/185 1134/2881/185
f 1134/2881/184 1401/2880/184 1399/2203/184 1130/2202/184
f 1006/2211/188 1280/1861/188 1284/2882/188 1008/2883/188
f 1008/2883/187 1284/2882/187 1283/2744/187 1009/2767/187
f 1009/2825/186 1283/2876/186 1282/2879/186 1010/2826/186
f 1010/2826/185 1282/2879/185 1281/2881/185 1011/2828/185
f 1011/2828/184 1281/2881/184 1279/2202/184 1007/2182/184
f 1049/1868/169 1310/2218/169 1314/2884/169 1051/2642/169
f 1051/2642/170 1314/2884/170 1313/2885/170 1052/2644/170
f 1052/2644/171 1313/2885/171 1312/2886/171 1053/2887/171
f 1053/2888/172 1312/2889/172 1311/2890/172 1054/2891/172
f 1054/2891/173 1311/2890/173 1309/2312/173 1050/2311/173
f 1315/2214/174 1043/2213/174 1048/2892/174 1317/2652/174
f 1317/2652/175 1048/2892/175 1047/2893/175 1318/2654/175
f 1318/2894/176 1047/2895/176 1046/2896/176 1319/2897/176
f 1319/2897/177 1046/2896/177 1045/2898/177 1320/2899/177
f 1320/2899/178 1045/2898/178 1042/2310/178 1316/2313/178
f 927/2204/169 1190/2221/169 1194/2900/169 929/2901/169
f 929/2901/170 1194/2900/170 1193/2902/170 930/2903/170
f 930/2903/171 1193/2902/171 1192/2904/171 931/2905/171
f 931/2776/172 1192/2775/172 1191/2906/172 932/2907/172
f 932/2907/173 1191/2906/173 1189/2189/173 928/2222/173
f 1195/2321/174 922/2320/174 926/2908/174 1197/2909/174
f 1197/2909/175 926/2908/175 925/2910/175 1198/2911/175
f 1198/2912/176 925/2913/176 924/2914/176 1199/2915/176
f 1199/2915/177 924/2914/177 923/2916/177 1200/2809/177
f 1200/2809/178 923/2916/178 921/2223/178 1196/2336/178
f 1171/2341/169 1436/2343/169 1440/2917/169 1173/2918/169
f 1173/2918/170 1440/2917/170 1439/2919/170 1174/2920/170
f 1174/2920/171 1439/2919/171 1438/2921/171 1175/2922/171
f 1175/2788/172 1438/2717/172 1437/2720/172 1176/2789/172
f 1176/2789/173 1437/2720/173 1435/2316/173 1172/2315/173
f 1429/2339/174 1166/2338/174 1170/2923/174 1431/2924/174
f 1431/2924/175 1170/2923/175 1169/2925/175 1432/2926/175
f 1432/2926/176 1169/2925/176 1168/2927/176 1433/2928/176
f 1433/2708/177 1168/2797/177 1167/2799/177 1434/2709/177
f 1434/2709/178 1167/2799/178 1165/2314/178 1430/1906/178
f 1321/2224/183 1063/2223/183 1067/2916/183 1323/2929/183
f 1323/2929/182 1067/2916/182 1066/2914/182 1324/2930/182
f 1324/2930/181 1066/2914/181 1065/2913/181 1325/2931/181
f 1325/2932/180 1065/2869/180 1064/2872/180 1326/2729/180
f 1326/2729/179 1064/2872/179 1062/2193/179 1322/2215/179
f 1201/1898/183 940/1897/183 944/2933/183 1203/2934/183
f 1203/2934/182 944/2933/182 943/2796/182 1204/2778/182
f 1204/2778/181 943/2796/181 942/2795/181 1205/2823/181
f 1205/2935/180 942/2936/180 941/2937/180 1206/2938/180
f 1206/2938/179 941/2937/179 939/2319/179 1202/2322/179
f 1441/2325/183 1184/2324/183 1188/2939/183 1443/2940/183
f 1443/2940/182 1188/2939/182 1187/2941/182 1444/2942/182
f 1444/2943/181 1187/2944/181 1186/2945/181 1445/2946/181
f 1445/2946/180 1186/2945/180 1185/2947/180 1446/2948/180
f 1446/2948/179 1185/2947/179 1183/2337/179 1442/2340/179
f 1055/2222/188 1328/2199/188 1332/2949/188 1058/2907/188
f 1058/2907/187 1332/2949/187 1331/2725/187 1059/2776/187
f 1059/2746/186 1331/2950/186 1330/2951/186 1060/2747/186
f 1060/2747/185 1330/2951/185 1329/2952/185 1061/2749/185
f 1061/2749/184 1329/2952/184 1327/2217/184 1056/2216/184
f 933/1896/188 1208/1899/188 1212/2953/188 935/2790/188
f 935/2790/187 1212/2953/187 1211/2768/187 936/2787/187
f 936/2954/186 1211/2955/186 1210/2956/186 937/2957/186
f 937/2957/185 1210/2956/185 1209/2958/185 938/2959/185
f 938/2959/184 1209/2958/184 1207/2220/184 934/2219/184
f 1177/2323/188 1448/2326/188 1452/2960/188 1179/2961/188
f 1179/2961/187 1452/2960/187 1451/2962/187 1180/2963/187
f 1180/2964/186 1451/2676/186 1450/2965/186 1181/2966/186
f 1181/2966/185 1450/2965/185 1449/2672/185 1182/2967/185
f 1182/2967/184 1449/2672/184 1447/2253/184 1178/2342/184
f 1098/2252/169 1358/2255/169 1362/2968/169 1101/2969/169
f 1101/2969/170 1362/2968/170 1361/2970/170 1102/2971/170
f 1102/2971/171 1361/2970/171 1360/2962/171 1103/2972/171
f 1103/2726/172 1360/2725/172 1359/2949/172 1104/2973/172
f 1104/2973/173 1359/2949/173 1357/2199/173 1099/2198/173
f 1363/1895/174 1093/1894/174 1097/2974/174 1365/2975/174
f 1365/2975/175 1097/2974/175 1096/2976/175 1366/2977/175
f 1366/2931/176 1096/2978/176 1095/2979/176 1367/2980/176
f 1367/2980/177 1095/2979/177 1094/2981/177 1368/2929/177
f 1368/2929/178 1094/2981/178 1092/2197/178 1364/2200/178
f 975/2256/169 1238/2259/169 1242/2982/169 977/2983/169
f 977/2983/170 1242/2982/170 1241/2984/170 978/2985/170
f 978/2985/171 1241/2984/171 1240/2986/171 979/2962/171
f 979/2852/172 1240/2987/172 1239/2988/172 980/2853/172
f 980/2853/173 1239/2988/173 1237/2331/173 976/2329/173
f 1243/2226/174 970/1851/174 974/2989/174 1245/2990/174
f 1245/2990/175 974/2989/175 973/2794/175 1246/2991/175
f 1246/2992/176 973/2859/176 972/2862/176 1247/2993/176
f 1247/2993/177 972/2862/177 971/2864/177 1248/2994/177
f 1248/2994/178 971/2864/178 969/2330/178 1244/2332/178
usemtl window.001
f 904/1829/154 901/1830/154 910/1831/154 911/1832/154
f 900/1924/154 897/1925/154 905/1926/154 906/1927/154
f 1219/1936/168 1221/1937/168 1222/1938/168 1223/1939/168 1224/1940/168 1220/1941/168 1213/1942/168 1215/1943/168 1216/1944/168 1217/1945/168 1218/1946/168 1214/1947/168 1231/1948/168 1233/1949/168 1234/1950/168 1235/1951/168 1236/1952/168 1232/1953/168 1225/1954/168 1227/1955/168 1228/1956/168 1229/1957/168 1230/1958/168 1226/1959/168
f 1243/1960/168 1245/1961/168 1246/1962/168 1247/1963/168 1248/1964/168 1244/1965/168 1237/1966/168 1239/1967/168 1240/1968/168 1241/1969/168 1242/1970/168 1238/1971/168 1255/1972/168 1257/1973/168 1258/1974/168 1259/1975/168 1260/1976/168 1256/1977/168 1249/1978/168 1251/1979/168 1252/1980/168 1253/1981/168 1254/1982/168 1250/1983/168
f 1267/1984/168 1269/1985/168 1270/1986/168 1271/1987/168 1272/1988/168 1268/1989/168 1261/1990/168 1263/1991/168 1264/1992/168 1265/1993/168 1266/1994/168 1262/1995/168 1279/1996/168 1281/1997/168 1282/1998/168 1283/1999/168 1284/2000/168 1280/2001/168 1273/2002/168 1275/2003/168 1276/2004/168 1277/2005/168 1278/2006/168 1274/2007/168
f 1291/2008/168 1293/2009/168 1294/2010/168 1295/2011/168 1296/2012/168 1292/2013/168 1285/2014/168 1287/2015/168 1288/2016/168 1289/2017/168 1290/2018/168 1286/2019/168 1303/2020/168 1305/2021/168 1306/2022/168 1307/2023/168 1308/2024/168 1304/2025/168 1297/2026/168 1299/2027/168 1300/2028/168 1301/2029/168 1302/2030/168 1298/2031/168
f 1315/2032/168 1317/2033/168 1318/2034/168 1319/2035/168 1320/2036/168 1316/2037/168 1309/2038/168 1311/2039/168 1312/2040/168 1313/2041/168 1314/2042/168 1310/2043/168 1327/2044/168 1329/2045/168 1330/2046/168 1331/2047/168 1332/2048/168 1328/2049/168 1321/2050/168 1323/2051/168 1324/2052/168 1325/2053/168 1326/2054/168 1322/2055/168
f 1339/2056/168 1341/2057/168 1342/2058/168 1343/2059/168 1344/2060/168 1340/2061/168 1333/2062/168 1335/2063/168 1336/2064/168 1337/2065/168 1338/2066/168 1334/2067/168 1351/2068/168 1353/2069/168 1354/2070/168 1355/2071/168 1356/2072/168 1352/2073/168 1345/2074/168 1347/2075/168 1348/2076/168 1349/2077/168 1350/2078/168 1346/2079/168
f 1363/2080/168 1365/2081/168 1366/2082/168 1367/2083/168 1368/2084/168 1364/2085/168 1357/2086/168 1359/2087/168 1360/2088/168 1361/2089/168 1362/2090/168 1358/2091/168 1375/2092/168 1377/2093/168 1378/2094/168 1379/2095/168 1380/2096/168 1376/2097/168 1369/2098/168 1371/2099/168 1372/2100/168 1373/2101/168 1374/2102/168 1370/2103/168
f 1387/2104/168 1389/2105/168 1390/2106/168 1391/2107/168 1392/2108/168 1388/2109/168 1381/2110/168 1383/2111/168 1384/2112/168 1385/2113/168 1386/2114/168 1382/2115/168 1399/2116/168 1401/2117/168 1402/2118/168 1403/2119/168 1404/2120/168 1400/2121/168 1393/2122/168 1395/2123/168 1396/2124/168 1397/2125/168 1398/2126/168 1394/2127/168
f 1405/2128/168 1407/2129/168 1408/2130/168 1409/2131/168 1410/2132/168 1406/2133/168 1411/2134/168 1413/2135/168 1414/2136/168 1415/2137/168 1416/2138/168 1412/2139/168 1423/2140/168 1425/2141/168 1426/2142/168 1427/2143/168 1428/2144/168 1424/2145/168 1417/2146/168 1419/2147/168 1420/2148/168 1421/2149/168 1422/2150/168 1418/2151/168
f 1429/2152/168 1431/2153/168 1432/2154/168 1433/2155/168 1434/2156/168 1430/2157/168 1435/2158/168 1437/2159/168 1438/2160/168 1439/2161/168 1440/2162/168 1436/2163/168 1447/2164/168 1449/2165/168 1450/2166/168 1451/2167/168 1452/2168/168 1448/2169/168 1441/2170/168 1443/2171/168 1444/2172/168 1445/2173/168 1446/2174/168 1442/2175/168
f 1195/2228/168 1197/2229/168 1198/2230/168 1199/2231/168 1200/2232/168 1196/2233/168 1189/2234/168 1191/2235/168 1192/2236/168 1193/2237/168 1194/2238/168 1190/2239/168 1207/2240/168 1209/2241/168 1210/2242/168 1211/2243/168 1212/2244/168 1208/2245/168 1201/2246/168 1203/2247/168 1204/2248/168 1205/2249/168 1206/2250/168 1202/2251/168
usemtl trainend
f 884/2284/157 890/2285/157 889/2286/157 888/2287/157 887/2288/157 886/2289/157 885/2290/157 892/2291/157 891/2292/157 893/2293/157 894/2294/157 895/2295/157 896/2296/157 883/2297/157
o Cube.047
v 8.282150 0.000000 -10.299999
v 8.282150 3.300000 -10.299999
v 8.282150 0.000000 -10.500000
v 8.282150 3.300000 -10.500000
v 9.902151 0.000000 -10.299999
v 9.902151 3.300000 -10.299999
v 9.902151 0.000000 -10.500000
v 9.902151 3.300000 -10.500000
v 9.802151 1.450000 -10.299999
v 9.552151 1.200000 -10.299999
v 9.789915 1.372746 -10.299999
v 9.754405 1.303054 -10.299999
v 9.699097 1.247746 -10.299999
v 9.629405 1.212236 -10.299999
v 9.552151 2.100000 -10.299999
v 9.802151 1.850000 -10.299999
v 9.629405 2.087764 -10.299999
v 9.699097 2.052254 -10.299999
v 9.754405 1.996947 -10.299999
v 9.789915 1.927254 -10.299999
v 8.382151 1.850000 -10.299999
v 8.632151 2.100000 -10.299999
v 8.394386 1.927255 -10.299999
v 8.429896 1.996947 -10.299999
v 8.485205 2.052255 -10.299999
v 8.554896 2.087765 -10.299999
v 8.632151 1.200000 -10.299999
v 8.382151 1.450000 -10.299999
v 8.554896 1.212236 -10.299999
v 8.485205 1.247746 -10.299999
v 8.429896 1.303054 -10.299999
v 8.394386 1.372746 -10.299999
v 9.802151 1.850000 -10.400000
v 9.552151 2.100000 -10.400000
v 9.789915 1.927254 -10.400000
v 9.754405 1.996947 -10.400000
v 9.699097 2.052254 -10.400000
v 9.629405 2.087764 -10.400000
v 9.552151 1.200000 -10.400000
v 9.802151 1.450000 -10.400000
v 9.629405 1.212236 -10.400000
v 9.699097 1.247746 -10.400000
v 9.754405 1.303054 -10.400000
v 9.789915 1.372746 -10.400000
v 8.382151 1.450000 -10.400000
v 8.632151 1.200000 -10.400000
v 8.394386 1.372746 -10.400000
v 8.429896 1.303054 -10.400000
v 8.485205 1.247746 -10.400000
v 8.554896 1.212236 -10.400000
v 8.632151 2.100000 -10.400000
v 8.382151 1.850000 -10.400000
v 8.554896 2.087765 -10.400000
v 8.485205 2.052255 -10.400000
v 8.429896 1.996947 -10.400000
v 8.394386 1.927255 -10.400000
v 9.642000 1.040000 -10.265600
v 9.642000 0.960000 -10.265600
v 9.642000 1.040000 -10.289600
v 9.642000 0.960000 -10.289600
v 9.562000 1.040000 -10.265600
v 9.562000 0.960000 -10.265600
v 9.562000 1.040000 -10.289600
v 9.562000 0.960000 -10.289600
v 9.442000 0.932000 -10.257600
v 9.442000 1.068000 -10.257600
v 9.442000 1.068000 -10.233601
v 9.442000 0.932000 -10.233601
v 9.202001 0.967360 -10.284801
v 9.202001 1.032640 -10.284801
v 9.202001 1.032640 -10.270400
v 9.202001 0.967360 -10.270400
v 9.642000 0.960000 -10.361600
v 9.642000 1.040000 -10.361600
v 9.562000 1.040000 -10.361600
v 9.562000 0.960000 -10.361600
vn -1.0000 -0.0000 -0.0000
vn -0.0000 -0.0000 -1.0000
vn 1.0000 -0.0000 -0.0000
vn -0.0000 -1.0000 -0.0000
vn -0.0000 1.0000 -0.0000
vn -0.0000 -0.0000 1.0000
vn 0.1564 0.9877 -0.0000
vn 0.4540 0.8910 -0.0000
vn 0.7071 0.7071 -0.0000
vn 0.8910 0.4540 -0.0000
vn 0.9877 0.1564 -0.0000
vn 0.1564 -0.9877 -0.0000
vn 0.4540 -0.8910 -0.0000
vn 0.7071 -0.7071 -0.0000
vn 0.8910 -0.4540 -0.0000
vn 0.9877 -0.1564 -0.0000
vn -0.9877 0.1564 -0.0000
vn -0.8910 0.4540 -0.0000
vn -0.7071 0.7071 -0.0000
vn -0.4540 0.8910 -0.0000
vn -0.1564 0.9877 -0.0000
vn -0.9877 -0.1564 -0.0000
vn -0.8910 -0.4540 -0.0000
vn -0.7071 -0.7071 -0.0000
vn -0.4540 -0.8910 -0.0000
vn -0.1564 -0.9877 -0.0000
vn 0.2272 0.9738 -0.0000
vn -0.1458 -0.9893 -0.0000
vn 0.2272 -0.9738 -0.0000
vn -0.2577 -0.0000 -0.9662
vn 0.2577 -0.0000 0.9662
vn 0.1126 -0.0000 -0.9936
vn -0.1516 -0.0000 0.9884
vn -0.1458 0.9893 -0.0000
vt 0.538796 0.421129
vt 0.979890 0.421129
vt 0.979890 0.457493
vt 0.538796 0.457493
vt 0.480732 0.878358
vt 0.480732 0.189190
vt 0.302508 0.189190
vt 0.302508 0.878358
vt 0.538796 0.457493
vt 0.979890 0.493856
vt 0.538796 0.493857
vt 0.979890 0.520589
vt 0.685345 0.520589
vt 0.685345 0.493856
vt 0.979890 0.493856
vt 0.979890 0.547322
vt 0.685345 0.547322
vt 0.438114 0.438391
vt 0.446430 0.440906
vt 0.453932 0.448207
vt 0.459886 0.459577
vt 0.463708 0.473904
vt 0.465025 0.489787
vt 0.465025 0.572019
vt 0.463708 0.587901
vt 0.459886 0.602229
vt 0.453932 0.613599
vt 0.446430 0.620899
vt 0.438114 0.623415
vt 0.339082 0.623415
vt 0.330766 0.620899
vt 0.323264 0.613599
vt 0.317310 0.602229
vt 0.313488 0.587901
vt 0.312170 0.572019
vt 0.312170 0.489787
vt 0.313488 0.473904
vt 0.317310 0.459577
vt 0.323264 0.448207
vt 0.330766 0.440906
vt 0.339082 0.438391
vt 0.785900 0.560689
vt 0.953173 0.560689
vt 0.953173 0.574055
vt 0.785900 0.574055
vt 0.621950 0.578871
vt 0.568484 0.578871
vt 0.568484 0.560689
vt 0.621950 0.560689
vt 0.785900 0.547322
vt 0.953173 0.547322
vt 0.953173 0.560689
vt 0.785900 0.560689
vt 0.771854 0.574055
vt 0.771854 0.560689
vt 0.759182 0.574055
vt 0.759182 0.560689
vt 0.749126 0.574055
vt 0.749126 0.560689
vt 0.548843 0.578871
vt 0.548843 0.560689
vt 0.558158 0.560689
vt 0.558158 0.578871
vt 0.967219 0.547322
vt 0.967219 0.560689
vt 0.979890 0.560689
vt 0.648985 0.560689
vt 0.648985 0.578871
vt 0.641592 0.578871
vt 0.641592 0.560689
vt 0.632277 0.578871
vt 0.632277 0.560689
vt 0.676019 0.560689
vt 0.676019 0.578871
vt 0.665693 0.578871
vt 0.665693 0.560689
vt 0.656377 0.578871
vt 0.656377 0.560689
vt 0.648985 0.560689
vt 0.979890 0.574055
vt 0.967219 0.574055
vt 0.729485 0.578871
vt 0.729485 0.560689
vt 0.739811 0.560689
vt 0.739811 0.578871
vt 0.749126 0.578871
vt 0.749126 0.560689
vt 0.749126 0.547322
vt 0.759182 0.547322
vt 0.759182 0.560689
vt 0.771854 0.547322
vt 0.771854 0.560689
vt 0.323427 0.452034
vt 0.301484 0.192683
vt 0.301484 0.878607
vt 0.323427 0.619256
vt 0.317450 0.607760
vt 0.313613 0.593274
vt 0.312290 0.577216
vt 0.312290 0.494074
vt 0.313613 0.478016
vt 0.317450 0.463530
vt 0.447077 0.444653
vt 0.454609 0.452034
vt 0.476552 0.192683
vt 0.330958 0.444653
vt 0.339307 0.442110
vt 0.438729 0.442110
vt 0.460586 0.463530
vt 0.464423 0.478016
vt 0.465746 0.494074
vt 0.465746 0.577216
vt 0.464423 0.593274
vt 0.460586 0.607760
vt 0.454609 0.619256
vt 0.476552 0.878607
vt 0.447077 0.626637
vt 0.438729 0.629180
vt 0.339307 0.629180
vt 0.330958 0.626637
vt 0.408601 0.862231
vt 0.257267 0.862231
vt 0.257267 0.816831
vt 0.408601 0.816831
vt 0.559368 0.827204
vt 0.583210 0.677792
vt 0.717709 0.699255
vt 0.693866 0.848666
vt 0.741551 0.178028
vt 0.786384 0.170874
vt 0.762542 0.405605
vt 0.717709 0.412759
vt 0.052967 0.680237
vt 0.204301 0.680237
vt 0.204301 0.831474
vt 0.052967 0.831474
vt 0.762542 0.021463
vt 0.717709 0.028617
vt 0.514535 0.820050
vt 0.538377 0.670638
vt 0.559368 0.443061
vt 0.514535 0.435907
vt 0.654589 0.000000
vt 0.681488 0.004293
vt 0.310234 -0.000000
vt 0.461568 -0.000000
vt 0.514535 0.229691
vt 0.257267 0.229691
vt 0.000000 0.451211
vt 0.257267 0.451211
vt 0.447645 0.680630
vt 0.324157 0.680630
vt 0.066889 -0.000000
vt 0.190378 -0.000000
vt 0.884662 0.844374
vt 0.857763 0.848666
vt 0.408601 0.804118
vt 0.408601 0.680630
vt 0.435841 0.680630
vt 0.435841 0.804118
vt -0.000000 0.982807
vt -0.000000 0.831474
vt 0.151152 0.831474
vt 0.151152 0.982807
vt 0.257267 0.680630
vt 0.408601 0.680630
vt 0.650735 0.848666
vt 0.650735 1.000000
vt 0.514535 1.000000
vt 0.514535 0.848666
vt 0.897040 -0.000000
vt 0.920883 0.149411
s 0
usemtl train_door.001
f 1453/2995/189 1454/2996/189 1456/2997/189 1455/2998/189
f 1455/2999/190 1456/3000/190 1460/3001/190 1459/3002/190
f 1459/3003/191 1460/2997/191 1458/3004/191 1457/3005/191
f 1455/3006/192 1459/3007/192 1457/3008/192 1453/3009/192
f 1460/3010/193 1456/3011/193 1454/3007/193 1458/3006/193
f 1491/3012/194 1493/3013/194 1494/3014/194 1495/3015/194 1496/3016/194 1492/3017/194 1485/3018/194 1487/3019/194 1488/3020/194 1489/3021/194 1490/3022/194 1486/3023/194 1503/3024/194 1505/3025/194 1506/3026/194 1507/3027/194 1508/3028/194 1504/3029/194 1497/3030/194 1499/3031/194 1500/3032/194 1501/3033/194 1502/3034/194 1498/3035/194
f 1479/3036/193 1462/3037/193 1491/3038/193 1498/3039/193
f 1473/3040/191 1480/3041/191 1497/3042/191 1504/3043/191
f 1467/3044/192 1474/3045/192 1503/3046/192 1486/3047/192
f 1479/3036/195 1498/3039/195 1502/3048/195 1481/3049/195
f 1481/3049/196 1502/3048/196 1501/3050/196 1482/3051/196
f 1482/3051/197 1501/3050/197 1500/3052/197 1483/3053/197
f 1483/3054/198 1500/3055/198 1499/3056/198 1484/3057/198
f 1484/3057/199 1499/3056/199 1497/3042/199 1480/3041/199
f 1503/3046/200 1474/3045/200 1478/3058/200 1505/3059/200
f 1505/3059/201 1478/3058/201 1477/3010/201 1506/3060/201
f 1506/3061/202 1477/3062/202 1476/3063/202 1507/3064/202
f 1507/3064/203 1476/3063/203 1475/3065/203 1508/3066/203
f 1508/3066/204 1475/3065/204 1473/3040/204 1504/3043/204
f 1461/3067/205 1492/3068/205 1496/3069/205 1463/3070/205
f 1463/3070/206 1496/3069/206 1495/3071/206 1464/3072/206
f 1464/3072/207 1495/3071/207 1494/3062/207 1465/3073/207
f 1465/3060/208 1494/3074/208 1493/3075/208 1466/3059/208
f 1466/3059/209 1493/3075/209 1491/3038/209 1462/3037/209
f 1485/3076/210 1468/3077/210 1472/3078/210 1487/3079/210
f 1487/3079/211 1472/3078/211 1471/3053/211 1488/3080/211
f 1488/3081/212 1471/3082/212 1470/3083/212 1489/3084/212
f 1489/3084/213 1470/3083/213 1469/3085/213 1490/3086/213
f 1490/3086/214 1469/3085/214 1467/3044/214 1486/3047/214
f 1461/3067/189 1468/3077/189 1485/3076/189 1492/3068/189
f 1465/3087/194 1457/3088/194 1458/3089/194 1470/3090/194 1471/3091/194 1472/3092/194 1468/3093/194 1461/3094/194 1463/3095/194 1464/3096/194
f 1481/3097/194 1482/3098/194 1453/3099/194 1457/3088/194 1465/3087/194 1466/3100/194 1462/3101/194 1479/3102/194
f 1482/3098/194 1483/3103/194 1484/3104/194 1480/3105/194 1473/3106/194 1475/3107/194 1476/3108/194 1477/3109/194 1454/3110/194 1453/3099/194
f 1477/3109/194 1478/3111/194 1474/3112/194 1467/3113/194 1469/3114/194 1470/3090/194 1458/3089/194 1454/3110/194
usemtl train_door_handle.001
f 1509/3115/191 1510/3116/191 1512/3117/191 1511/3118/191
f 1512/3119/192 1516/3120/192 1528/3121/192 1525/3122/192
f 1513/3123/215 1515/3124/215 1518/3125/215 1519/3126/215
f 1513/3127/194 1514/3128/194 1510/3129/194 1509/3130/194
f 1511/3131/193 1515/3124/193 1513/3123/193 1509/3132/193
f 1516/3120/192 1512/3119/192 1510/3133/192 1514/3134/192
f 1517/3135/216 1520/3136/216 1524/3137/216 1521/3138/216
f 1516/3120/217 1514/3134/217 1520/3136/217 1517/3135/217
f 1515/3139/218 1516/3140/218 1517/3141/218 1518/3142/218
f 1514/3128/219 1513/3127/219 1519/3143/219 1520/3144/219
f 1518/3142/220 1517/3141/220 1521/3145/220 1522/3146/220
f 1520/3144/221 1519/3143/221 1523/3147/221 1524/3148/221
f 1519/3126/222 1518/3125/222 1522/3149/222 1523/3150/222
f 1522/3151/189 1521/3152/189 1524/3153/189 1523/3154/189
f 1526/3155/190 1525/3156/190 1528/3157/190 1527/3158/190
f 1511/3118/191 1512/3117/191 1525/3159/191 1526/3160/191
f 1516/3161/189 1515/3162/189 1527/3163/189 1528/3164/189
f 1515/3124/193 1511/3131/193 1526/3165/193 1527/3166/193
o Cylinder.001
v 11.850000 0.000000 -11.050000
v 12.350000 0.000000 -11.050000
v 11.850000 -0.129904 -10.975000
v 12.350000 -0.129904 -10.975000
v 11.850000 -0.129904 -10.825000
v 12.350000 -0.129904 -10.825001
v 11.850000 -0.000000 -10.750000
v 12.350000 0.000000 -10.750000
v 11.850000 0.129904 -10.825000
v 12.350000 0.129904 -10.825001
v 11.850000 0.129904 -10.975000
v 12.350000 0.129904 -10.975000
v 12.550000 -0.207846 -11.020000
v 12.550000 0.000000 -11.140000
v 12.550000 -0.207846 -10.780001
v 12.550000 0.000000 -10.660000
v 12.550000 0.207846 -10.780001
v 12.550000 0.207846 -11.020000
v 11.850000 0.000000 -13.550000
v 12.350000 0.000000 -13.550000
v 11.850000 -0.129904 -13.625000
v 12.350000 -0.129904 -13.625000
v 11.850000 -0.129904 -13.775001
v 12.350000 -0.129904 -13.775000
v 11.850000 -0.000000 -13.850000
v 12.350000 0.000000 -13.850000
v 11.850000 0.129904 -13.775001
v 12.350000 0.129904 -13.775000
v 11.850000 0.129904 -13.625000
v 12.350000 0.129904 -13.625000
v 12.550000 -0.207846 -13.580000
v 12.550000 0.000000 -13.460000
v 12.550000 -0.207846 -13.820000
v 12.550000 0.000000 -13.940001
v 12.550000 0.207846 -13.820000
v 12.550000 0.207846 -13.580000
v 6.500000 -2.000000 -10.800000
v 6.000000 -0.600000 -10.800000
v 6.500000 -2.000000 -13.800000
v 6.000000 -0.600000 -13.800000
v 9.500000 -2.000000 -10.800000
v 10.000000 -0.600000 -10.800000
v 9.500000 -2.000000 -13.800000
v 10.000000 -0.600000 -13.800000
v -6.500000 -2.000000 -10.800000
v -6.000000 -0.600000 -10.800000
v -6.500000 -2.000000 -13.800000
v -6.000000 -0.600000 -13.800000
v -9.500000 -2.000000 -10.800000
v -10.000000 -0.600000 -10.800000
v -9.500000 -2.000000 -13.800000
v -10.000000 -0.600000 -13.800000
v -1.500000 -2.000000 -10.800000
v -2.000000 -0.600000 -10.800000
v -1.500000 -2.000000 -13.800000
v -2.000000 -0.600000 -13.800000
v 1.500000 -2.000000 -10.800000
v 2.000000 -0.600000 -10.800000
v 1.500000 -2.000000 -13.800000
v 2.000000 -0.600000 -13.800000
v -0.000292 2.600000 -10.099743
v -0.000292 3.000000 -10.099743
v -0.153292 2.600000 -10.299744
v -0.153292 3.000000 -10.299744
v 0.146708 2.600000 -10.299744
v 0.146708 3.000000 -10.299744
v 5.400000 3.075000 -10.280001
v 5.400000 3.325000 -10.280001
v 7.400000 3.075000 -10.280001
v 7.400000 3.325000 -10.280001
v 7.500000 3.325000 -10.300000
v 7.500000 3.075000 -10.300000
v 5.300000 3.075000 -10.300000
v 5.300000 3.325000 -10.300000
v 5.400000 3.075000 -10.260000
v 5.400000 3.325000 -10.260000
v 7.400000 3.325000 -10.260000
v 7.400000 3.075000 -10.260000
v 7.500000 3.325000 -10.260000
v 7.500000 3.075000 -10.260000
v 5.300000 3.075000 -10.260000
v 5.300000 3.325000 -10.260000
v -7.400000 3.075000 -10.280001
v -7.400000 3.325000 -10.280001
v -5.400000 3.075000 -10.280001
v -5.400000 3.325000 -10.280001
v -5.300001 3.325000 -10.300000
v -5.300001 3.075000 -10.300000
v -7.500000 3.075000 -10.300000
v -7.500000 3.325000 -10.300000
v -7.400000 3.075000 -10.260000
v -7.400000 3.325000 -10.260000
v -5.400000 3.325000 -10.260000
v -5.400000 3.075000 -10.260000
v -5.300001 3.325000 -10.260000
v -5.300001 3.075000 -10.260000
v -7.500000 3.075000 -10.260000
v -7.500000 3.325000 -10.260000
v -9.925001 0.500000 -10.170000
v -9.925001 2.700000 -10.170000
v -9.937500 0.500000 -10.148350
v -9.937500 2.700000 -10.148350
v -9.962500 0.500000 -10.148350
v -9.962500 2.700000 -10.148350
v -9.975000 0.500000 -10.170000
v -9.975000 2.700000 -10.170000
v -9.962500 0.500000 -10.191650
v -9.962500 2.700000 -10.191650
v -9.937500 0.500000 -10.191650
v -9.937500 2.700000 -10.191650
v -9.925001 2.800000 -10.470000
v -9.925001 2.800000 -10.270000
v -9.937500 2.778349 -10.470000
v -9.937500 2.778350 -10.270000
v -9.962500 2.778349 -10.470000
v -9.962500 2.778350 -10.270000
v -9.975000 2.800000 -10.470000
v -9.975000 2.800000 -10.270000
v -9.962500 2.821651 -10.470000
v -9.962500 2.821651 -10.270000
v -9.937500 2.821651 -10.470000
v -9.937500 2.821651 -10.270000
v -9.925001 0.400000 -10.470000
v -9.925001 0.400000 -10.270000
v -9.937500 0.378349 -10.470000
v -9.937500 0.378350 -10.270000
v -9.962500 0.378349 -10.470000
v -9.962500 0.378350 -10.270000
v -9.975000 0.400000 -10.470000
v -9.975000 0.400000 -10.270000
v -9.962500 0.421651 -10.470000
v -9.962500 0.421651 -10.270000
v -9.937500 0.421651 -10.470000
v -9.937500 0.421651 -10.270000
v -9.925001 2.735226 -10.170591
v -9.925001 2.761056 -10.173333
v -9.925001 2.778940 -10.179672
v -9.925001 2.790328 -10.191060
v -9.925001 2.796668 -10.208944
v -9.925001 2.799409 -10.234775
v -9.937500 2.733900 -10.192202
v -9.937500 2.756264 -10.194447
v -9.937500 2.767385 -10.197981
v -9.937500 2.772019 -10.202616
v -9.937500 2.775554 -10.213737
v -9.937500 2.777799 -10.236100
v -9.962500 2.733901 -10.192202
v -9.962500 2.756264 -10.194447
v -9.962500 2.767385 -10.197981
v -9.962500 2.772019 -10.202616
v -9.962500 2.775554 -10.213737
v -9.962500 2.777799 -10.236100
v -9.975000 2.735226 -10.170591
v -9.975000 2.761056 -10.173333
v -9.975000 2.778940 -10.179672
v -9.975000 2.790328 -10.191060
v -9.975000 2.796668 -10.208944
v -9.975000 2.799409 -10.234775
v -9.962500 2.736551 -10.148982
v -9.962500 2.765848 -10.152220
v -9.962500 2.790496 -10.161364
v -9.962500 2.808637 -10.179504
v -9.962500 2.817781 -10.204152
v -9.962500 2.821019 -10.233449
v -9.937500 2.821019 -10.233449
v -9.937500 2.817781 -10.204152
v -9.937500 2.808637 -10.179504
v -9.937500 2.790496 -10.161364
v -9.937500 2.765848 -10.152220
v -9.937500 2.736551 -10.148982
v -9.937500 0.463449 -10.148982
v -9.937500 0.434152 -10.152220
v -9.937500 0.409504 -10.161364
v -9.937500 0.391364 -10.179504
v -9.937500 0.382219 -10.204152
v -9.937500 0.378982 -10.233449
v -9.962500 0.463449 -10.148982
v -9.962500 0.434152 -10.152220
v -9.962500 0.409504 -10.161364
v -9.962500 0.391364 -10.179504
v -9.962500 0.382219 -10.204152
v -9.962500 0.378982 -10.233449
v -9.975000 0.464775 -10.170591
v -9.975000 0.438944 -10.173333
v -9.975000 0.421060 -10.179672
v -9.975000 0.409673 -10.191060
v -9.975000 0.403333 -10.208944
v -9.975000 0.400592 -10.234775
v -9.962500 0.466100 -10.192202
v -9.962500 0.443737 -10.194447
v -9.962500 0.432616 -10.197981
v -9.962500 0.427981 -10.202616
v -9.962500 0.424447 -10.213737
v -9.962500 0.422202 -10.236100
v -9.937500 0.466100 -10.192202
v -9.937500 0.443737 -10.194447
v -9.937500 0.432616 -10.197981
v -9.937500 0.427981 -10.202616
v -9.937500 0.424447 -10.213737
v -9.937500 0.422202 -10.236100
v -9.925001 0.400592 -10.234775
v -9.925001 0.403333 -10.208944
v -9.925001 0.409673 -10.191060
v -9.925001 0.421060 -10.179672
v -9.925001 0.438944 -10.173333
v -9.925001 0.464775 -10.170591
v -8.205000 0.500000 -10.170000
v -8.205000 2.700000 -10.170000
v -8.217501 0.500000 -10.148350
v -8.217501 2.700000 -10.148350
v -8.242498 0.500000 -10.148350
v -8.242498 2.700000 -10.148350
v -8.254999 0.500000 -10.170000
v -8.254999 2.700000 -10.170000
v -8.242498 0.500000 -10.191650
v -8.242498 2.700000 -10.191650
v -8.217501 0.500000 -10.191650
v -8.217501 2.700000 -10.191650
v -8.205000 2.800000 -10.470000
v -8.205000 2.800000 -10.270000
v -8.217501 2.778349 -10.470000
v -8.217501 2.778350 -10.270000
v -8.242498 2.778349 -10.470000
v -8.242498 2.778350 -10.270000
v -8.254999 2.800000 -10.470000
v -8.254999 2.800000 -10.270000
v -8.242498 2.821651 -10.470000
v -8.242498 2.821651 -10.270000
v -8.217501 2.821651 -10.470000
v -8.217501 2.821651 -10.270000
v -8.205000 0.400000 -10.470000
v -8.205000 0.400000 -10.270000
v -8.217501 0.378349 -10.470000
v -8.217501 0.378350 -10.270000
v -8.242498 0.378349 -10.470000
v -8.242498 0.378350 -10.270000
v -8.254999 0.400000 -10.470000
v -8.254999 0.400000 -10.270000
v -8.242498 0.421651 -10.470000
v -8.242498 0.421651 -10.270000
v -8.217501 0.421651 -10.470000
v -8.217501 0.421651 -10.270000
v -8.205000 2.735226 -10.170591
v -8.205000 2.761056 -10.173333
v -8.205000 2.778940 -10.179672
v -8.205000 2.790328 -10.191060
v -8.205000 2.796668 -10.208944
v -8.205000 2.799409 -10.234775
v -8.217501 2.733900 -10.192202
v -8.217501 2.756264 -10.194447
v -8.217501 2.767385 -10.197981
v -8.217501 2.772019 -10.202616
v -8.217501 2.775554 -10.213737
v -8.217501 2.777799 -10.236100
v -8.242498 2.733901 -10.192202
v -8.242498 2.756264 -10.194447
v -8.242498 2.767385 -10.197981
v -8.242498 2.772019 -10.202616
v -8.242498 2.775554 -10.213737
v -8.242498 2.777799 -10.236100
v -8.254999 2.735226 -10.170591
v -8.254999 2.761056 -10.173333
v -8.254999 2.778940 -10.179672
v -8.254999 2.790328 -10.191060
v -8.254999 2.796668 -10.208944
v -8.254999 2.799409 -10.234775
v -8.242498 2.736551 -10.148982
v -8.242498 2.765848 -10.152220
v -8.242498 2.790496 -10.161364
v -8.242498 2.808637 -10.179504
v -8.242498 2.817781 -10.204152
v -8.242498 2.821019 -10.233449
v -8.217501 2.821019 -10.233449
v -8.217501 2.817781 -10.204152
v -8.217501 2.808637 -10.179504
v -8.217501 2.790496 -10.161364
v -8.217501 2.765848 -10.152220
v -8.217501 2.736551 -10.148982
v -8.217501 0.463449 -10.148982
v -8.217501 0.434152 -10.152220
v -8.217501 0.409504 -10.161364
v -8.217501 0.391364 -10.179504
v -8.217501 0.382219 -10.204152
v -8.217501 0.378982 -10.233449
v -8.242498 0.463449 -10.148982
v -8.242498 0.434152 -10.152220
v -8.242498 0.409504 -10.161364
v -8.242498 0.391364 -10.179504
v -8.242498 0.382219 -10.204152
v -8.242498 0.378982 -10.233449
v -8.254999 0.464775 -10.170591
v -8.254999 0.438944 -10.173333
v -8.254999 0.421060 -10.179672
v -8.254999 0.409673 -10.191060
v -8.254999 0.403333 -10.208944
v -8.254999 0.400592 -10.234775
v -8.242498 0.466100 -10.192202
v -8.242498 0.443737 -10.194447
v -8.242498 0.432616 -10.197981
v -8.242498 0.427981 -10.202616
v -8.242498 0.424447 -10.213737
v -8.242498 0.422202 -10.236100
v -8.217501 0.466100 -10.192202
v -8.217501 0.443737 -10.194447
v -8.217501 0.432616 -10.197981
v -8.217501 0.427981 -10.202616
v -8.217501 0.424447 -10.213737
v -8.217501 0.422202 -10.236100
v -8.205000 0.400592 -10.234775
v -8.205000 0.403333 -10.208944
v -8.205000 0.409673 -10.191060
v -8.205000 0.421060 -10.179672
v -8.205000 0.438944 -10.173333
v -8.205000 0.464775 -10.170591
v -11.750000 1.740000 -10.365000
v -10.350000 1.740000 -10.365000
v -11.750000 1.718349 -10.352500
v -10.350000 1.718350 -10.352500
v -11.750000 1.718349 -10.327500
v -10.350000 1.718350 -10.327500
v -11.750000 1.740000 -10.315001
v -10.350000 1.740000 -10.315001
v -11.750000 1.761651 -10.327500
v -10.350000 1.761651 -10.327500
v -11.750000 1.761651 -10.352500
v -10.350000 1.761651 -10.352500
v -11.750000 1.940000 -10.365000
v -10.350000 1.940001 -10.365000
v -11.750000 1.918350 -10.352500
v -10.350000 1.918350 -10.352500
v -11.750000 1.918350 -10.327500
v -10.350000 1.918350 -10.327500
v -11.750000 1.940000 -10.315001
v -10.350000 1.940001 -10.315001
v -11.750000 1.961651 -10.327500
v -10.350000 1.961651 -10.327500
v -11.750000 1.961651 -10.352500
v -10.350000 1.961651 -10.352500
v -11.750000 1.540000 -10.365000
v -10.350000 1.540000 -10.365000
v -11.750000 1.518349 -10.352500
v -10.350000 1.518350 -10.352500
v -11.750000 1.518349 -10.327500
v -10.350000 1.518350 -10.327500
v -11.750000 1.540000 -10.315001
v -10.350000 1.540000 -10.315001
v -11.750000 1.561651 -10.327500
v -10.350000 1.561651 -10.327500
v -11.750000 1.561651 -10.352500
v -10.350000 1.561651 -10.352500
v -11.750000 1.340000 -10.365000
v -10.350000 1.340000 -10.365000
v -11.750000 1.318349 -10.352500
v -10.350000 1.318350 -10.352500
v -11.750000 1.318349 -10.327500
v -10.350000 1.318350 -10.327500
v -11.750000 1.340000 -10.315001
v -10.350000 1.340000 -10.315001
v -11.750000 1.361651 -10.327500
v -10.350000 1.361651 -10.327500
v -11.750000 1.361651 -10.352500
v -10.350000 1.361651 -10.352500
v 10.249999 1.740000 -10.364999
v 11.650001 1.740000 -10.365000
v 10.249999 1.718349 -10.352499
v 11.650001 1.718350 -10.352499
v 10.249999 1.718349 -10.327499
v 11.650001 1.718350 -10.327499
v 10.249999 1.740000 -10.314999
v 11.650001 1.740000 -10.315000
v 10.249999 1.761651 -10.327499
v 11.650001 1.761651 -10.327499
v 10.249999 1.761651 -10.352499
v 11.650001 1.761651 -10.352499
v 10.249999 1.940000 -10.364999
v 11.650001 1.940001 -10.365000
v 10.249999 1.918350 -10.352499
v 11.650001 1.918350 -10.352499
v 10.249999 1.918350 -10.327499
v 11.650001 1.918350 -10.327499
v 10.249999 1.940000 -10.314999
v 11.650001 1.940001 -10.315000
v 10.249999 1.961651 -10.327499
v 11.650001 1.961651 -10.327499
v 10.249999 1.961651 -10.352499
v 11.650001 1.961651 -10.352499
v 10.249999 1.540000 -10.364999
v 11.650001 1.540000 -10.365000
v 10.249999 1.518349 -10.352499
v 11.650001 1.518350 -10.352499
v 10.249999 1.518349 -10.327499
v 11.650001 1.518350 -10.327499
v 10.249999 1.540000 -10.314999
v 11.650001 1.540000 -10.315000
v 10.249999 1.561651 -10.327499
v 11.650001 1.561651 -10.327499
v 10.249999 1.561651 -10.352499
v 11.650001 1.561651 -10.352499
v 10.249999 1.340000 -10.364999
v 11.650001 1.340000 -10.365000
v 10.249999 1.318349 -10.352499
v 11.650001 1.318350 -10.352499
v 10.249999 1.318349 -10.327499
v 11.650001 1.318350 -10.327499
v 10.249999 1.340000 -10.314999
v 11.650001 1.340000 -10.315000
v 10.249999 1.361651 -10.327499
v 11.650001 1.361651 -10.327499
v 10.249999 1.361651 -10.352499
v 11.650001 1.361651 -10.352499
v -8.000000 1.740000 -10.365000
v 8.000001 1.740000 -10.365000
v -8.000000 1.718349 -10.352500
v 8.000001 1.718350 -10.352500
v -8.000000 1.718349 -10.327499
v 8.000001 1.718350 -10.327499
v -8.000000 1.740000 -10.315000
v 8.000001 1.740000 -10.315000
v -8.000000 1.761651 -10.327499
v 8.000001 1.761651 -10.327499
v -8.000000 1.761651 -10.352500
v 8.000001 1.761651 -10.352500
v -8.000000 1.940000 -10.365000
v 8.000001 1.940001 -10.365000
v -8.000000 1.918350 -10.352500
v 8.000001 1.918350 -10.352500
v -8.000000 1.918350 -10.327499
v 8.000001 1.918350 -10.327499
v -8.000000 1.940000 -10.315000
v 8.000001 1.940001 -10.315000
v -8.000000 1.961651 -10.327499
v 8.000001 1.961651 -10.327499
v -8.000000 1.961651 -10.352500
v 8.000001 1.961651 -10.352500
v -8.000000 1.540000 -10.365000
v 8.000001 1.540000 -10.365000
v -8.000000 1.518349 -10.352500
v 8.000001 1.518350 -10.352500
v -8.000000 1.518349 -10.327499
v 8.000001 1.518350 -10.327499
v -8.000000 1.540000 -10.315000
v 8.000001 1.540000 -10.315000
v -8.000000 1.561651 -10.327499
v 8.000001 1.561651 -10.327499
v -8.000000 1.561651 -10.352500
v 8.000001 1.561651 -10.352500
v -8.000000 1.340000 -10.365000
v 8.000001 1.340000 -10.365000
v -8.000000 1.318349 -10.352500
v 8.000001 1.318350 -10.352500
v -8.000000 1.318349 -10.327499
v 8.000001 1.318350 -10.327499
v -8.000000 1.340000 -10.315000
v 8.000001 1.340000 -10.315000
v -8.000000 1.361651 -10.327499
v 8.000001 1.361651 -10.327499
v -8.000000 1.361651 -10.352500
v 8.000001 1.361651 -10.352500
v 8.255000 0.500000 -10.170000
v 8.255000 2.700000 -10.170000
v 8.242501 0.500000 -10.148349
v 8.242501 2.700000 -10.148349
v 8.217500 0.500000 -10.148349
v 8.217500 2.700000 -10.148349
v 8.205001 0.500000 -10.170000
v 8.205001 2.700000 -10.170000
v 8.217500 0.500000 -10.191650
v 8.217500 2.700000 -10.191650
v 8.242501 0.500000 -10.191650
v 8.242501 2.700000 -10.191650
v 8.255000 2.800000 -10.469999
v 8.255000 2.800000 -10.270000
v 8.242501 2.778349 -10.469999
v 8.242501 2.778350 -10.270000
v 8.217500 2.778349 -10.469999
v 8.217500 2.778350 -10.270000
v 8.205001 2.800000 -10.469999
v 8.205001 2.800000 -10.270000
v 8.217500 2.821651 -10.469999
v 8.217500 2.821651 -10.270000
v 8.242501 2.821651 -10.469999
v 8.242501 2.821651 -10.270000
v 8.255000 0.400000 -10.469999
v 8.255000 0.400000 -10.270000
v 8.242501 0.378349 -10.469999
v 8.242501 0.378350 -10.270000
v 8.217500 0.378349 -10.469999
v 8.217500 0.378350 -10.270000
v 8.205001 0.400000 -10.469999
v 8.205001 0.400000 -10.270000
v 8.217500 0.421651 -10.469999
v 8.217500 0.421651 -10.270000
v 8.242501 0.421651 -10.469999
v 8.242501 0.421651 -10.270000
v 8.255000 2.735226 -10.170591
v 8.255000 2.761056 -10.173332
v 8.255000 2.778940 -10.179672
v 8.255000 2.790328 -10.191059
v 8.255000 2.796668 -10.208944
v 8.255000 2.799409 -10.234774
v 8.242501 2.733900 -10.192202
v 8.242501 2.756264 -10.194446
v 8.242501 2.767385 -10.197981
v 8.242501 2.772019 -10.202616
v 8.242501 2.775554 -10.213736
v 8.242501 2.777799 -10.236099
v 8.217500 2.733901 -10.192202
v 8.217500 2.756264 -10.194446
v 8.217500 2.767385 -10.197981
v 8.217500 2.772019 -10.202616
v 8.217500 2.775554 -10.213736
v 8.217500 2.777799 -10.236099
v 8.205001 2.735226 -10.170591
v 8.205001 2.761056 -10.173332
v 8.205001 2.778940 -10.179672
v 8.205001 2.790328 -10.191059
v 8.205001 2.796668 -10.208944
v 8.205001 2.799409 -10.234774
v 8.217500 2.736551 -10.148981
v 8.217500 2.765848 -10.152219
v 8.217500 2.790496 -10.161364
v 8.217500 2.808637 -10.179503
v 8.217500 2.817781 -10.204151
v 8.217500 2.821019 -10.233448
v 8.242501 2.821019 -10.233448
v 8.242501 2.817781 -10.204151
v 8.242501 2.808637 -10.179503
v 8.242501 2.790496 -10.161364
v 8.242501 2.765848 -10.152219
v 8.242501 2.736551 -10.148981
v 8.242501 0.463449 -10.148981
v 8.242501 0.434152 -10.152219
v 8.242501 0.409504 -10.161364
v 8.242501 0.391364 -10.179503
v 8.242501 0.382219 -10.204151
v 8.242501 0.378982 -10.233448
v 8.217500 0.463449 -10.148981
v 8.217500 0.434152 -10.152219
v 8.217500 0.409504 -10.161364
v 8.217500 0.391364 -10.179503
v 8.217500 0.382219 -10.204151
v 8.217500 0.378982 -10.233448
v 8.205001 0.464775 -10.170591
v 8.205001 0.438944 -10.173332
v 8.205001 0.421060 -10.179672
v 8.205001 0.409673 -10.191059
v 8.205001 0.403333 -10.208944
v 8.205001 0.400592 -10.234774
v 8.217500 0.466100 -10.192202
v 8.217500 0.443737 -10.194446
v 8.217500 0.432616 -10.197981
v 8.217500 0.427981 -10.202616
v 8.217500 0.424447 -10.213736
v 8.217500 0.422202 -10.236099
v 8.242501 0.466100 -10.192202
v 8.242501 0.443737 -10.194446
v 8.242501 0.432616 -10.197981
v 8.242501 0.427981 -10.202616
v 8.242501 0.424447 -10.213736
v 8.242501 0.422202 -10.236099
v 8.255000 0.400592 -10.234774
v 8.255000 0.403333 -10.208944
v 8.255000 0.409673 -10.191059
v 8.255000 0.421060 -10.179672
v 8.255000 0.438944 -10.173332
v 8.255000 0.464775 -10.170591
v 9.975001 0.500000 -10.170000
v 9.975001 2.700000 -10.170000
v 9.962501 0.500000 -10.148349
v 9.962501 2.700000 -10.148349
v 9.937501 0.500000 -10.148349
v 9.937501 2.700000 -10.148349
v 9.925000 0.500000 -10.170000
v 9.925000 2.700000 -10.170000
v 9.937501 0.500000 -10.191650
v 9.937501 2.700000 -10.191650
v 9.962501 0.500000 -10.191650
v 9.962501 2.700000 -10.191650
v 9.975001 2.800000 -10.469999
v 9.975001 2.800000 -10.270000
v 9.962501 2.778349 -10.469999
v 9.962501 2.778350 -10.270000
v 9.937501 2.778349 -10.469999
v 9.937501 2.778350 -10.270000
v 9.925000 2.800000 -10.469999
v 9.925000 2.800000 -10.270000
v 9.937501 2.821651 -10.469999
v 9.937501 2.821651 -10.270000
v 9.962501 2.821651 -10.469999
v 9.962501 2.821651 -10.270000
v 9.975001 0.400000 -10.469999
v 9.975001 0.400000 -10.270000
v 9.962501 0.378349 -10.469999
v 9.962501 0.378350 -10.270000
v 9.937501 0.378349 -10.469999
v 9.937501 0.378350 -10.270000
v 9.925000 0.400000 -10.469999
v 9.925000 0.400000 -10.270000
v 9.937501 0.421651 -10.469999
v 9.937501 0.421651 -10.270000
v 9.962501 0.421651 -10.469999
v 9.962501 0.421651 -10.270000
v 9.975001 2.735226 -10.170591
v 9.975001 2.761056 -10.173332
v 9.975001 2.778940 -10.179672
v 9.975001 2.790328 -10.191059
v 9.975001 2.796668 -10.208944
v 9.975001 2.799409 -10.234774
v 9.962501 2.733900 -10.192202
v 9.962501 2.756264 -10.194447
v 9.962501 2.767385 -10.197981
v 9.962501 2.772019 -10.202616
v 9.962501 2.775554 -10.213736
v 9.962501 2.777799 -10.236099
v 9.937501 2.733901 -10.192202
v 9.937501 2.756264 -10.194447
v 9.937501 2.767385 -10.197981
v 9.937501 2.772019 -10.202616
v 9.937501 2.775554 -10.213737
v 9.937501 2.777799 -10.236099
v 9.925000 2.735226 -10.170591
v 9.925000 2.761056 -10.173332
v 9.925000 2.778940 -10.179672
v 9.925000 2.790328 -10.191059
v 9.925000 2.796668 -10.208944
v 9.925000 2.799409 -10.234774
v 9.937501 2.736551 -10.148981
v 9.937501 2.765848 -10.152219
v 9.937501 2.790496 -10.161364
v 9.937501 2.808637 -10.179503
v 9.937501 2.817781 -10.204151
v 9.937501 2.821019 -10.233449
v 9.962501 2.821019 -10.233449
v 9.962501 2.817781 -10.204151
v 9.962501 2.808637 -10.179503
v 9.962501 2.790496 -10.161364
v 9.962501 2.765848 -10.152219
v 9.962501 2.736551 -10.148981
v 9.962501 0.463449 -10.148981
v 9.962501 0.434152 -10.152219
v 9.962501 0.409504 -10.161364
v 9.962501 0.391364 -10.179503
v 9.962501 0.382219 -10.204151
v 9.962501 0.378982 -10.233449
v 9.937501 0.463449 -10.148981
v 9.937501 0.434152 -10.152219
v 9.937501 0.409504 -10.161364
v 9.937501 0.391364 -10.179503
v 9.937501 0.382219 -10.204151
v 9.937501 0.378982 -10.233449
v 9.925000 0.464775 -10.170591
v 9.925000 0.438944 -10.173332
v 9.925000 0.421060 -10.179672
v 9.925000 0.409673 -10.191059
v 9.925000 0.403333 -10.208944
v 9.925000 0.400592 -10.234774
v 9.937501 0.466100 -10.192202
v 9.937501 0.443737 -10.194447
v 9.937501 0.432616 -10.197981
v 9.937501 0.427981 -10.202616
v 9.937501 0.424447 -10.213736
v 9.937501 0.422202 -10.236099
v 9.962501 0.466100 -10.192202
v 9.962501 0.443737 -10.194447
v 9.962501 0.432616 -10.197981
v 9.962501 0.427981 -10.202616
v 9.962501 0.424447 -10.213736
v 9.962501 0.422202 -10.236099
v 9.975001 0.400592 -10.234774
v 9.975001 0.403333 -10.208944
v 9.975001 0.409673 -10.191059
v 9.975001 0.421060 -10.179672
v 9.975001 0.438944 -10.173332
v 9.975001 0.464775 -10.170591
v 0.020022 4.406312 -12.063576
v -0.020022 4.393689 -12.036425
v 1.011736 5.108179 -12.070503
v 0.988264 5.091821 -12.029497
v 0.020022 4.406312 -12.536425
v -0.020022 4.393689 -12.563576
v 1.011736 5.108179 -12.529497
v 0.988264 5.091821 -12.570503
v 0.393771 4.418153 -12.066021
v 0.406228 4.381847 -12.033979
v 1.278262 5.103057 -12.061964
v 1.321737 5.096943 -12.038036
v 0.393771 4.418153 -12.533979
v 0.406228 4.381847 -12.566021
v 1.278262 5.103057 -12.538036
v 1.321737 5.096943 -12.561964
v 0.017450 6.094119 -11.191909
v -0.017450 6.105882 -11.158092
v 0.017450 6.094119 -13.408092
v -0.017450 6.105882 -13.441909
v 0.290999 6.089602 -13.404122
v 0.309000 6.110397 -13.445878
v 0.290999 6.089602 -11.195878
v 0.309000 6.110397 -11.154122
v 0.020481 4.414337 -12.075000
v 0.979519 5.085663 -12.075000
v 0.979519 5.085663 -12.525001
v 0.020481 4.414337 -12.525001
v 0.079309 4.425000 -12.550000
v 1.007880 5.075000 -12.550000
v 1.227137 5.075000 -12.550000
v 0.391422 4.425000 -12.550000
v 0.419734 4.415349 -12.525001
v 1.280266 5.084651 -12.525001
v 1.280266 5.084651 -12.075000
v 0.419734 4.415349 -12.075000
v 0.391422 4.425000 -12.050000
v 1.227137 5.075000 -12.050000
v 1.007880 5.075000 -12.050000
v 0.079309 4.425000 -12.050000
v 0.025000 4.400000 -12.525001
v 0.375000 4.400000 -12.525001
v 0.375000 4.400000 -12.075000
v 0.025000 4.400000 -12.075000
v 1.012474 5.118814 -12.033538
v 1.249897 5.118814 -12.033538
v 0.287526 6.081185 -11.191463
v 0.050103 6.081185 -11.191463
v 0.275000 6.100000 -13.400001
v 0.025000 6.100000 -13.400001
v 0.025000 6.100000 -11.200001
v 0.275000 6.100000 -11.200001
v 1.249897 5.118814 -12.566463
v 1.012474 5.118814 -12.566463
v 0.050103 6.081185 -13.408538
v 0.287526 6.081185 -13.408538
v 1.282322 5.117678 -12.063931
v 1.282322 5.117678 -12.536070
v 0.317677 6.082322 -13.380134
v 0.317677 6.082322 -11.219867
v 0.982323 5.117678 -12.536070
v 0.982323 5.117678 -12.063931
v 0.017677 6.082322 -11.219867
v 0.017677 6.082322 -13.380134
v 9.020022 4.406312 -12.063576
v 8.979978 4.393689 -12.036425
v 10.011736 5.108179 -12.070503
v 9.988264 5.091821 -12.029497
v 9.020022 4.406312 -12.536425
v 8.979978 4.393689 -12.563576
v 10.011736 5.108179 -12.529497
v 9.988264 5.091821 -12.570503
v 9.393771 4.418153 -12.066021
v 9.406228 4.381847 -12.033979
v 10.278262 5.103057 -12.061964
v 10.321737 5.096943 -12.038036
v 9.393771 4.418153 -12.533979
v 9.406228 4.381847 -12.566021
v 10.278262 5.103057 -12.538036
v 10.321737 5.096943 -12.561964
v 9.017450 6.094119 -11.191909
v 8.982550 6.105882 -11.158092
v 9.017450 6.094119 -13.408092
v 8.982550 6.105882 -13.441909
v 9.290999 6.089602 -13.404122
v 9.309000 6.110397 -13.445878
v 9.290999 6.089602 -11.195878
v 9.309000 6.110397 -11.154122
v 9.020481 4.414337 -12.075000
v 9.979519 5.085663 -12.075000
v 9.979519 5.085663 -12.525001
v 9.020481 4.414337 -12.525001
v 9.079309 4.425000 -12.550000
v 10.007880 5.075000 -12.550000
v 10.227137 5.075000 -12.550000
v 9.391422 4.425000 -12.550000
v 9.419734 4.415349 -12.525001
v 10.280266 5.084651 -12.525001
v 10.280266 5.084651 -12.075000
v 9.419734 4.415349 -12.075000
v 9.391422 4.425000 -12.050000
v 10.227137 5.075000 -12.050000
v 10.007880 5.075000 -12.050000
v 9.079309 4.425000 -12.050000
v 9.025000 4.400000 -12.525001
v 9.375000 4.400000 -12.525001
v 9.375000 4.400000 -12.075000
v 9.025000 4.400000 -12.075000
v 10.012474 5.118814 -12.033538
v 10.249897 5.118814 -12.033538
v 9.287526 6.081185 -11.191463
v 9.050103 6.081185 -11.191463
v 9.275000 6.100000 -13.400001
v 9.025000 6.100000 -13.400001
v 9.025000 6.100000 -11.200001
v 9.275000 6.100000 -11.200001
v 10.249897 5.118814 -12.566463
v 10.012474 5.118814 -12.566463
v 9.050103 6.081185 -13.408538
v 9.287526 6.081185 -13.408538
v 10.282322 5.117678 -12.063931
v 10.282322 5.117678 -12.536070
v 9.317677 6.082322 -13.380134
v 9.317677 6.082322 -11.219867
v 9.982323 5.117678 -12.536070
v 9.982323 5.117678 -12.063931
v 9.017677 6.082322 -11.219867
v 9.017677 6.082322 -13.380134
v -9.979979 4.406312 -12.063576
v -10.020021 4.393689 -12.036425
v -8.988264 5.108179 -12.070503
v -9.011736 5.091821 -12.029497
v -9.979979 4.406312 -12.536425
v -10.020021 4.393689 -12.563576
v -8.988264 5.108179 -12.529497
v -9.011736 5.091821 -12.570503
v -9.606230 4.418153 -12.066021
v -9.593771 4.381847 -12.033979
v -8.721739 5.103057 -12.061964
v -8.678263 5.096943 -12.038036
v -9.606230 4.418153 -12.533979
v -9.593771 4.381847 -12.566021
v -8.721739 5.103057 -12.538036
v -8.678263 5.096943 -12.561964
v -9.982550 6.094119 -11.191909
v -10.017450 6.105882 -11.158092
v -9.982550 6.094119 -13.408092
v -10.017450 6.105882 -13.441909
v -9.709002 6.089602 -13.404122
v -9.691000 6.110397 -13.445878
v -9.709002 6.089602 -11.195878
v -9.691000 6.110397 -11.154122
v -9.979519 4.414337 -12.075000
v -9.020481 5.085663 -12.075000
v -9.020481 5.085663 -12.525001
v -9.979519 4.414337 -12.525001
v -9.920691 4.425000 -12.550000
v -8.992121 5.075000 -12.550000
v -8.772863 5.075000 -12.550000
v -9.608578 4.425000 -12.550000
v -9.580267 4.415349 -12.525001
v -8.719734 5.084651 -12.525001
v -8.719734 5.084651 -12.075000
v -9.580267 4.415349 -12.075000
v -9.608578 4.425000 -12.050000
v -8.772863 5.075000 -12.050000
v -8.992121 5.075000 -12.050000
v -9.920691 4.425000 -12.050000
v -9.975000 4.400000 -12.525001
v -9.625000 4.400000 -12.525001
v -9.625000 4.400000 -12.075000
v -9.975000 4.400000 -12.075000
v -8.987526 5.118814 -12.033538
v -8.750103 5.118814 -12.033538
v -9.712473 6.081185 -11.191463
v -9.949896 6.081185 -11.191463
v -9.725000 6.100000 -13.400001
v -9.975000 6.100000 -13.400001
v -9.975000 6.100000 -11.200001
v -9.725000 6.100000 -11.200001
v -8.750103 5.118814 -12.566463
v -8.987526 5.118814 -12.566463
v -9.949896 6.081185 -13.408538
v -9.712473 6.081185 -13.408538
v -8.717678 5.117678 -12.063931
v -8.717678 5.117678 -12.536070
v -9.682322 6.082322 -13.380134
v -9.682322 6.082322 -11.219867
v -9.017677 5.117678 -12.536070
v -9.017677 5.117678 -12.063931
v -9.982323 6.082322 -11.219867
v -9.982323 6.082322 -13.380134
v -11.850000 0.000000 -13.550000
v -12.350000 0.000000 -13.550000
v -11.850000 -0.129904 -13.625000
v -12.350000 -0.129904 -13.625000
v -11.850000 -0.129904 -13.775001
v -12.350000 -0.129904 -13.775000
v -11.850000 -0.000000 -13.850000
v -12.350000 0.000000 -13.850000
v -11.850000 0.129904 -13.775001
v -12.350000 0.129904 -13.775000
v -11.850000 0.129904 -13.625000
v -12.350000 0.129904 -13.625000
v -12.549999 -0.207846 -13.580000
v -12.549999 0.000000 -13.460000
v -12.550001 -0.207846 -13.820000
v -12.550001 0.000000 -13.940001
v -12.549999 0.207846 -13.820001
v -12.549999 0.207846 -13.580000
v -11.850000 0.000000 -11.050000
v -12.350000 0.000000 -11.050000
v -11.850000 -0.129904 -10.975000
v -12.350000 -0.129904 -10.975000
v -11.850000 -0.129904 -10.825000
v -12.350000 -0.129904 -10.825001
v -11.850000 -0.000000 -10.750000
v -12.350000 0.000000 -10.750000
v -11.850000 0.129904 -10.825000
v -12.350000 0.129904 -10.825001
v -11.850000 0.129904 -10.975000
v -12.350000 0.129904 -10.975000
v -12.550001 -0.207846 -11.020000
v -12.550001 0.000000 -11.140000
v -12.550001 -0.207846 -10.780001
v -12.550001 0.000000 -10.660000
v -12.550001 0.207846 -10.780001
v -12.550001 0.207846 -11.020000
v -13.250000 0.000000 -11.050000
v -12.750000 0.000000 -11.050000
v -13.250000 -0.129904 -10.975000
v -12.750000 -0.129904 -10.975000
v -13.250000 -0.129904 -10.825000
v -12.750000 -0.129904 -10.825001
v -13.250000 -0.000000 -10.750000
v -12.750000 0.000000 -10.750000
v -13.250000 0.129904 -10.825000
v -12.750000 0.129904 -10.825001
v -13.250000 0.129904 -10.975000
v -12.750000 0.129904 -10.975000
v -12.549999 -0.207846 -11.020000
v -12.549999 0.000000 -11.140000
v -12.549999 -0.207846 -10.780001
v -12.549999 0.000000 -10.660000
v -12.549999 0.207846 -10.780001
v -12.549999 0.207846 -11.020000
v -13.250000 0.000000 -13.550000
v -12.750000 0.000000 -13.550000
v -13.250000 -0.129904 -13.625000
v -12.750000 -0.129904 -13.625000
v -13.250000 -0.129904 -13.775001
v -12.750000 -0.129904 -13.775000
v -13.250000 -0.000000 -13.850000
v -12.750000 0.000000 -13.850000
v -13.250000 0.129904 -13.775001
v -12.750000 0.129904 -13.775000
v -13.250000 0.129904 -13.625000
v -12.750000 0.129904 -13.625000
v -12.549999 -0.207846 -13.580000
v -12.549999 0.000000 -13.460000
v -12.549999 -0.207846 -13.820000
v -12.549999 0.000000 -13.940001
v -12.549999 0.207846 -13.820000
v -12.549999 0.207846 -13.580000
v -18.114931 -1.934771 -10.516008
v -18.709593 -0.269713 -10.516008
v -18.114931 -1.934771 -14.083992
v -18.709593 -0.269713 -14.083992
v -14.546947 -1.934771 -10.516008
v -13.952284 -0.269713 -10.516008
v -14.546947 -1.934771 -14.083992
v -13.952284 -0.269713 -14.083992
v -33.576187 -1.934771 -10.516008
v -32.981522 -0.269713 -10.516008
v -33.576187 -1.934771 -14.083992
v -32.981522 -0.269713 -14.083992
v -37.144173 -1.934771 -10.516008
v -37.738831 -0.269713 -10.516008
v -37.144173 -1.934771 -14.083992
v -37.738831 -0.269713 -14.083992
v -27.629545 -1.934771 -10.516008
v -28.224211 -0.269713 -10.516008
v -27.629545 -1.934771 -14.083992
v -28.224211 -0.269713 -14.083992
v -24.061560 -1.934771 -10.516008
v -23.466902 -0.269713 -10.516008
v -24.061560 -1.934771 -14.083992
v -23.466902 -0.269713 -14.083992
v -26.858717 3.646290 -12.063576
v -26.898764 3.628771 -12.036425
v -25.867002 4.620418 -12.070503
v -25.890478 4.597714 -12.029497
v -26.858717 3.646290 -12.536425
v -26.898764 3.628771 -12.563576
v -25.867002 4.620418 -12.529497
v -25.890478 4.597714 -12.570503
v -26.484968 3.662726 -12.066021
v -26.472509 3.612336 -12.033979
v -25.600477 4.613309 -12.061964
v -25.557005 4.604823 -12.038036
v -26.484968 3.662726 -12.533979
v -26.472509 3.612336 -12.566021
v -25.600477 4.613309 -12.538036
v -25.557005 4.604823 -12.561964
v -26.861288 5.988811 -11.191909
v -26.896193 6.005137 -11.158092
v -26.861288 5.988811 -13.408092
v -26.896193 6.005137 -13.441909
v -26.587744 5.982543 -13.404122
v -26.569738 6.011405 -13.445878
v -26.587744 5.982543 -11.195878
v -26.569738 6.011405 -11.154122
v -26.858259 3.657428 -12.075000
v -25.899221 4.589168 -12.075000
v -25.899221 4.589168 -12.525001
v -26.858259 3.657428 -12.525001
v -26.799429 3.672228 -12.550000
v -25.870863 4.574368 -12.550000
v -25.651602 4.574368 -12.550000
v -26.487318 3.672228 -12.550000
v -26.459005 3.658833 -12.525001
v -25.598471 4.587764 -12.525001
v -25.598471 4.587764 -12.075000
v -26.459005 3.658833 -12.075000
v -26.487318 3.672228 -12.050000
v -25.651602 4.574368 -12.050000
v -25.870863 4.574368 -12.050000
v -26.799429 3.672228 -12.050000
v -26.853743 3.637531 -12.525001
v -26.503736 3.637531 -12.525001
v -26.503736 3.637531 -12.075000
v -26.853743 3.637531 -12.075000
v -25.866262 4.635179 -12.033538
v -25.628843 4.635179 -12.033538
v -26.591215 5.970861 -11.191463
v -26.828634 5.970861 -11.191463
v -26.603743 5.996974 -13.400001
v -26.853743 5.996974 -13.400001
v -26.853743 5.996974 -11.200001
v -26.603743 5.996974 -11.200001
v -25.628843 4.635179 -12.566463
v -25.866262 4.635179 -12.566463
v -26.828634 5.970861 -13.408538
v -26.591215 5.970861 -13.408538
v -25.596418 4.633601 -12.063931
v -25.596418 4.633601 -12.536070
v -26.561064 5.972439 -13.380134
v -26.561064 5.972439 -11.219867
v -25.896414 4.633601 -12.536070
v -25.896414 4.633601 -12.063931
v -26.861059 5.972439 -11.219867
v -26.861059 5.972439 -13.380134
v -17.858721 3.646290 -12.063576
v -17.898764 3.628771 -12.036425
v -16.867006 4.620418 -12.070503
v -16.890478 4.597714 -12.029497
v -17.858721 3.646290 -12.536425
v -17.898764 3.628771 -12.563576
v -16.867006 4.620418 -12.529497
v -16.890478 4.597714 -12.570503
v -17.484972 3.662726 -12.066021
v -17.472513 3.612336 -12.033979
v -16.600481 4.613309 -12.061964
v -16.557005 4.604823 -12.038036
v -17.484972 3.662726 -12.533979
v -17.472513 3.612336 -12.566021
v -16.600481 4.613309 -12.538036
v -16.557005 4.604823 -12.561964
v -17.861292 5.988811 -11.191909
v -17.896193 6.005137 -11.158092
v -17.861292 5.988811 -13.408092
v -17.896193 6.005137 -13.441909
v -17.587744 5.982543 -13.404122
v -17.569742 6.011405 -13.445878
v -17.587744 5.982543 -11.195878
v -17.569742 6.011405 -11.154122
v -17.858261 3.657428 -12.075000
v -16.899223 4.589168 -12.075000
v -16.899223 4.589168 -12.525001
v -17.858261 3.657428 -12.525001
v -17.799433 3.672228 -12.550000
v -16.870863 4.574368 -12.550000
v -16.651606 4.574368 -12.550000
v -17.487320 3.672228 -12.550000
v -17.459009 3.658833 -12.525001
v -16.598476 4.587764 -12.525001
v -16.598476 4.587764 -12.075000
v -17.459009 3.658833 -12.075000
v -17.487320 3.672228 -12.050000
v -16.651606 4.574368 -12.050000
v -16.870863 4.574368 -12.050000
v -17.799433 3.672228 -12.050000
v -17.853743 3.637531 -12.525001
v -17.503742 3.637531 -12.525001
v -17.503742 3.637531 -12.075000
v -17.853743 3.637531 -12.075000
v -16.866268 4.635179 -12.033538
v -16.628845 4.635179 -12.033538
v -17.591215 5.970861 -11.191463
v -17.828638 5.970861 -11.191463
v -17.603743 5.996974 -13.400001
v -17.853743 5.996974 -13.400001
v -17.853743 5.996974 -11.200001
v -17.603743 5.996974 -11.200001
v -16.628845 4.635179 -12.566463
v -16.866268 4.635179 -12.566463
v -17.828638 5.970861 -13.408538
v -17.591215 5.970861 -13.408538
v -16.596420 4.633601 -12.063931
v -16.596420 4.633601 -12.536070
v -17.561064 5.972439 -13.380134
v -17.561064 5.972439 -11.219867
v -16.896420 4.633601 -12.536070
v -16.896420 4.633601 -12.063931
v -17.861065 5.972439 -11.219867
v -17.861065 5.972439 -13.380134
v -36.858719 3.646290 -12.063576
v -36.898766 3.628771 -12.036425
v -35.867004 4.620418 -12.070503
v -35.890480 4.597714 -12.029497
v -36.858719 3.646290 -12.536425
v -36.898766 3.628771 -12.563576
v -35.867004 4.620418 -12.529497
v -35.890480 4.597714 -12.570503
v -36.484970 3.662726 -12.066021
v -36.472511 3.612336 -12.033979
v -35.600479 4.613309 -12.061964
v -35.557007 4.604823 -12.038036
v -36.484970 3.662726 -12.533979
v -36.472511 3.612336 -12.566021
v -35.600479 4.613309 -12.538036
v -35.557007 4.604823 -12.561964
v -36.861290 5.988811 -11.191909
v -36.896194 6.005137 -11.158092
v -36.861290 5.988811 -13.408092
v -36.896194 6.005137 -13.441909
v -36.587746 5.982543 -13.404122
v -36.569740 6.011405 -13.445878
v -36.587746 5.982543 -11.195878
v -36.569740 6.011405 -11.154122
v -36.858261 3.657428 -12.075000
v -35.899223 4.589168 -12.075000
v -35.899223 4.589168 -12.525001
v -36.858261 3.657428 -12.525001
v -36.799431 3.672228 -12.550000
v -35.870865 4.574368 -12.550000
v -35.651604 4.574368 -12.550000
v -36.487320 3.672228 -12.550000
v -36.459007 3.658833 -12.525001
v -35.598473 4.587764 -12.525001
v -35.598473 4.587764 -12.075000
v -36.459007 3.658833 -12.075000
v -36.487320 3.672228 -12.050000
v -35.651604 4.574368 -12.050000
v -35.870865 4.574368 -12.050000
v -36.799431 3.672228 -12.050000
v -36.853745 3.637531 -12.525001
v -36.503738 3.637531 -12.525001
v -36.503738 3.637531 -12.075000
v -36.853745 3.637531 -12.075000
v -35.866264 4.635179 -12.033538
v -35.628845 4.635179 -12.033538
v -36.591217 5.970861 -11.191463
v -36.828636 5.970861 -11.191463
v -36.603745 5.996974 -13.400001
v -36.853745 5.996974 -13.400001
v -36.853745 5.996974 -11.200001
v -36.603745 5.996974 -11.200001
v -35.628845 4.635179 -12.566463
v -35.866264 4.635179 -12.566463
v -36.828636 5.970861 -13.408538
v -36.591217 5.970861 -13.408538
v -35.596420 4.633601 -12.063931
v -35.596420 4.633601 -12.536070
v -36.561066 5.972439 -13.380134
v -36.561066 5.972439 -11.219867
v -35.896416 4.633601 -12.536070
v -35.896416 4.633601 -12.063931
v -36.861061 5.972439 -11.219867
v -36.861061 5.972439 -13.380134
v 36.949997 0.000000 -11.050000
v 37.449997 0.000000 -11.050000
v 36.949997 -0.129904 -10.975000
v 37.449997 -0.129904 -10.975000
v 36.949997 -0.129904 -10.825000
v 37.449997 -0.129904 -10.825001
v 36.949997 -0.000000 -10.750000
v 37.449997 0.000000 -10.750000
v 36.949997 0.129904 -10.825000
v 37.449997 0.129904 -10.825001
v 36.949997 0.129904 -10.975000
v 37.449997 0.129904 -10.975000
v 37.649998 -0.207846 -11.020000
v 37.649998 0.000000 -11.140000
v 37.649998 -0.207846 -10.780001
v 37.649998 0.000000 -10.660000
v 37.649998 0.207846 -10.780001
v 37.649998 0.207846 -11.020000
v 36.949997 0.000000 -13.550000
v 37.449997 0.000000 -13.550000
v 36.949997 -0.129904 -13.625000
v 37.449997 -0.129904 -13.625000
v 36.949997 -0.129904 -13.775001
v 37.449997 -0.129904 -13.775000
v 36.949997 -0.000000 -13.850000
v 37.449997 0.000000 -13.850000
v 36.949997 0.129904 -13.775001
v 37.449997 0.129904 -13.775000
v 36.949997 0.129904 -13.625000
v 37.449997 0.129904 -13.625000
v 37.649998 -0.207846 -13.580000
v 37.649998 0.000000 -13.460000
v 37.649998 -0.207846 -13.820000
v 37.649998 0.000000 -13.940001
v 37.649998 0.207846 -13.820000
v 37.649998 0.207846 -13.580000
v 31.599997 -2.000000 -10.800000
v 31.099997 -0.600000 -10.800000
v 31.599997 -2.000000 -13.800000
v 31.099997 -0.600000 -13.800000
v 34.599998 -2.000000 -10.800000
v 35.099998 -0.600000 -10.800000
v 34.599998 -2.000000 -13.800000
v 35.099998 -0.600000 -13.800000
v 18.599997 -2.000000 -10.800000
v 19.099997 -0.600000 -10.800000
v 18.599997 -2.000000 -13.800000
v 19.099997 -0.600000 -13.800000
v 15.599997 -2.000000 -10.800000
v 15.099997 -0.600000 -10.800000
v 15.599997 -2.000000 -13.800000
v 15.099997 -0.600000 -13.800000
v 23.599997 -2.000000 -10.800000
v 23.099997 -0.600000 -10.800000
v 23.599997 -2.000000 -13.800000
v 23.099997 -0.600000 -13.800000
v 26.599997 -2.000000 -10.800000
v 27.099997 -0.600000 -10.800000
v 26.599997 -2.000000 -13.800000
v 27.099997 -0.600000 -13.800000
v 25.099705 2.600000 -10.099743
v 25.099705 3.000000 -10.099743
v 24.946705 2.600000 -10.299744
v 24.946705 3.000000 -10.299744
v 25.246704 2.600000 -10.299744
v 25.246704 3.000000 -10.299744
v 30.499996 3.075000 -10.280001
v 30.499996 3.325000 -10.280001
v 32.499996 3.075000 -10.280001
v 32.499996 3.325000 -10.280001
v 32.599998 3.325000 -10.300000
v 32.599998 3.075000 -10.300000
v 30.399996 3.075000 -10.300000
v 30.399996 3.325000 -10.300000
v 30.499996 3.075000 -10.260000
v 30.499996 3.325000 -10.260000
v 32.499996 3.325000 -10.260000
v 32.499996 3.075000 -10.260000
v 32.599998 3.325000 -10.260000
v 32.599998 3.075000 -10.260000
v 30.399996 3.075000 -10.260000
v 30.399996 3.325000 -10.260000
v 17.699997 3.075000 -10.280001
v 17.699997 3.325000 -10.280001
v 19.699997 3.075000 -10.280001
v 19.699997 3.325000 -10.280001
v 19.799995 3.325000 -10.300000
v 19.799995 3.075000 -10.300000
v 17.599997 3.075000 -10.300000
v 17.599997 3.325000 -10.300000
v 17.699997 3.075000 -10.260000
v 17.699997 3.325000 -10.260000
v 19.699997 3.325000 -10.260000
v 19.699997 3.075000 -10.260000
v 19.799995 3.325000 -10.260000
v 19.799995 3.075000 -10.260000
v 17.599997 3.075000 -10.260000
v 17.599997 3.325000 -10.260000
v 15.174995 0.500000 -10.170000
v 15.174995 2.700000 -10.170000
v 15.162497 0.500000 -10.148350
v 15.162497 2.700000 -10.148350
v 15.137497 0.500000 -10.148350
v 15.137497 2.700000 -10.148350
v 15.124996 0.500000 -10.170000
v 15.124996 2.700000 -10.170000
v 15.137497 0.500000 -10.191650
v 15.137497 2.700000 -10.191650
v 15.162497 0.500000 -10.191650
v 15.162497 2.700000 -10.191650
v 15.174995 2.800000 -10.470000
v 15.174995 2.800000 -10.270000
v 15.162497 2.778349 -10.470000
v 15.162497 2.778350 -10.270000
v 15.137497 2.778349 -10.470000
v 15.137497 2.778350 -10.270000
v 15.124996 2.800000 -10.470000
v 15.124996 2.800000 -10.270000
v 15.137497 2.821651 -10.470000
v 15.137497 2.821651 -10.270000
v 15.162497 2.821651 -10.470000
v 15.162497 2.821651 -10.270000
v 15.174995 0.400000 -10.470000
v 15.174995 0.400000 -10.270000
v 15.162497 0.378349 -10.470000
v 15.162497 0.378350 -10.270000
v 15.137497 0.378349 -10.470000
v 15.137497 0.378350 -10.270000
v 15.124996 0.400000 -10.470000
v 15.124996 0.400000 -10.270000
v 15.137497 0.421651 -10.470000
v 15.137497 0.421651 -10.270000
v 15.162497 0.421651 -10.470000
v 15.162497 0.421651 -10.270000
v 15.174995 2.735226 -10.170591
v 15.174995 2.761056 -10.173333
v 15.174995 2.778940 -10.179672
v 15.174995 2.790328 -10.191060
v 15.174995 2.796668 -10.208944
v 15.174995 2.799409 -10.234775
v 15.162497 2.733900 -10.192202
v 15.162497 2.756264 -10.194447
v 15.162497 2.767385 -10.197981
v 15.162497 2.772019 -10.202616
v 15.162497 2.775554 -10.213737
v 15.162497 2.777799 -10.236100
v 15.137497 2.733901 -10.192202
v 15.137497 2.756264 -10.194447
v 15.137497 2.767385 -10.197981
v 15.137497 2.772019 -10.202616
v 15.137497 2.775554 -10.213737
v 15.137497 2.777799 -10.236100
v 15.124996 2.735226 -10.170591
v 15.124996 2.761056 -10.173333
v 15.124996 2.778940 -10.179672
v 15.124996 2.790328 -10.191060
v 15.124996 2.796668 -10.208944
v 15.124996 2.799409 -10.234775
v 15.137497 2.736551 -10.148982
v 15.137497 2.765848 -10.152220
v 15.137497 2.790496 -10.161364
v 15.137497 2.808637 -10.179504
v 15.137497 2.817781 -10.204152
v 15.137497 2.821019 -10.233449
v 15.162497 2.821019 -10.233449
v 15.162497 2.817781 -10.204152
v 15.162497 2.808637 -10.179504
v 15.162497 2.790496 -10.161364
v 15.162497 2.765848 -10.152220
v 15.162497 2.736551 -10.148982
v 15.162497 0.463449 -10.148982
v 15.162497 0.434152 -10.152220
v 15.162497 0.409504 -10.161364
v 15.162497 0.391364 -10.179504
v 15.162497 0.382219 -10.204152
v 15.162497 0.378982 -10.233449
v 15.137497 0.463449 -10.148982
v 15.137497 0.434152 -10.152220
v 15.137497 0.409504 -10.161364
v 15.137497 0.391364 -10.179504
v 15.137497 0.382219 -10.204152
v 15.137497 0.378982 -10.233449
v 15.124996 0.464775 -10.170591
v 15.124996 0.438944 -10.173333
v 15.124996 0.421060 -10.179672
v 15.124996 0.409673 -10.191060
v 15.124996 0.403333 -10.208944
v 15.124996 0.400592 -10.234775
v 15.137497 0.466100 -10.192202
v 15.137497 0.443737 -10.194447
v 15.137497 0.432616 -10.197981
v 15.137497 0.427981 -10.202616
v 15.137497 0.424447 -10.213737
v 15.137497 0.422202 -10.236100
v 15.162497 0.466100 -10.192202
v 15.162497 0.443737 -10.194447
v 15.162497 0.432616 -10.197981
v 15.162497 0.427981 -10.202616
v 15.162497 0.424447 -10.213737
v 15.162497 0.422202 -10.236100
v 15.174995 0.400592 -10.234775
v 15.174995 0.403333 -10.208944
v 15.174995 0.409673 -10.191060
v 15.174995 0.421060 -10.179672
v 15.174995 0.438944 -10.173333
v 15.174995 0.464775 -10.170591
v 16.894997 0.500000 -10.170000
v 16.894997 2.700000 -10.170000
v 16.882496 0.500000 -10.148350
v 16.882496 2.700000 -10.148350
v 16.857498 0.500000 -10.148350
v 16.857498 2.700000 -10.148350
v 16.844997 0.500000 -10.170000
v 16.844997 2.700000 -10.170000
v 16.857498 0.500000 -10.191650
v 16.857498 2.700000 -10.191650
v 16.882496 0.500000 -10.191650
v 16.882496 2.700000 -10.191650
v 16.894997 2.800000 -10.470000
v 16.894997 2.800000 -10.270000
v 16.882496 2.778349 -10.470000
v 16.882496 2.778350 -10.270000
v 16.857498 2.778349 -10.470000
v 16.857498 2.778350 -10.270000
v 16.844997 2.800000 -10.470000
v 16.844997 2.800000 -10.270000
v 16.857498 2.821651 -10.470000
v 16.857498 2.821651 -10.270000
v 16.882496 2.821651 -10.470000
v 16.882496 2.821651 -10.270000
v 16.894997 0.400000 -10.470000
v 16.894997 0.400000 -10.270000
v 16.882496 0.378349 -10.470000
v 16.882496 0.378350 -10.270000
v 16.857498 0.378349 -10.470000
v 16.857498 0.378350 -10.270000
v 16.844997 0.400000 -10.470000
v 16.844997 0.400000 -10.270000
v 16.857498 0.421651 -10.470000
v 16.857498 0.421651 -10.270000
v 16.882496 0.421651 -10.470000
v 16.882496 0.421651 -10.270000
v 16.894997 2.735226 -10.170591
v 16.894997 2.761056 -10.173333
v 16.894997 2.778940 -10.179672
v 16.894997 2.790328 -10.191060
v 16.894997 2.796668 -10.208944
v 16.894997 2.799409 -10.234775
v 16.882496 2.733900 -10.192202
v 16.882496 2.756264 -10.194447
v 16.882496 2.767385 -10.197981
v 16.882496 2.772019 -10.202616
v 16.882496 2.775554 -10.213737
v 16.882496 2.777799 -10.236100
v 16.857498 2.733901 -10.192202
v 16.857498 2.756264 -10.194447
v 16.857498 2.767385 -10.197981
v 16.857498 2.772019 -10.202616
v 16.857498 2.775554 -10.213737
v 16.857498 2.777799 -10.236100
v 16.844997 2.735226 -10.170591
v 16.844997 2.761056 -10.173333
v 16.844997 2.778940 -10.179672
v 16.844997 2.790328 -10.191060
v 16.844997 2.796668 -10.208944
v 16.844997 2.799409 -10.234775
v 16.857498 2.736551 -10.148982
v 16.857498 2.765848 -10.152220
v 16.857498 2.790496 -10.161364
v 16.857498 2.808637 -10.179504
v 16.857498 2.817781 -10.204152
v 16.857498 2.821019 -10.233449
v 16.882496 2.821019 -10.233449
v 16.882496 2.817781 -10.204152
v 16.882496 2.808637 -10.179504
v 16.882496 2.790496 -10.161364
v 16.882496 2.765848 -10.152220
v 16.882496 2.736551 -10.148982
v 16.882496 0.463449 -10.148982
v 16.882496 0.434152 -10.152220
v 16.882496 0.409504 -10.161364
v 16.882496 0.391364 -10.179504
v 16.882496 0.382219 -10.204152
v 16.882496 0.378982 -10.233449
v 16.857498 0.463449 -10.148982
v 16.857498 0.434152 -10.152220
v 16.857498 0.409504 -10.161364
v 16.857498 0.391364 -10.179504
v 16.857498 0.382219 -10.204152
v 16.857498 0.378982 -10.233449
v 16.844997 0.464775 -10.170591
v 16.844997 0.438944 -10.173333
v 16.844997 0.421060 -10.179672
v 16.844997 0.409673 -10.191060
v 16.844997 0.403333 -10.208944
v 16.844997 0.400592 -10.234775
v 16.857498 0.466100 -10.192202
v 16.857498 0.443737 -10.194447
v 16.857498 0.432616 -10.197981
v 16.857498 0.427981 -10.202616
v 16.857498 0.424447 -10.213737
v 16.857498 0.422202 -10.236100
v 16.882496 0.466100 -10.192202
v 16.882496 0.443737 -10.194447
v 16.882496 0.432616 -10.197981
v 16.882496 0.427981 -10.202616
v 16.882496 0.424447 -10.213737
v 16.882496 0.422202 -10.236100
v 16.894997 0.400592 -10.234775
v 16.894997 0.403333 -10.208944
v 16.894997 0.409673 -10.191060
v 16.894997 0.421060 -10.179672
v 16.894997 0.438944 -10.173333
v 16.894997 0.464775 -10.170591
v 13.349997 1.740000 -10.365000
v 14.749996 1.740000 -10.365000
v 13.349997 1.718349 -10.352500
v 14.749996 1.718350 -10.352500
v 13.349997 1.718349 -10.327500
v 14.749996 1.718350 -10.327500
v 13.349997 1.740000 -10.315001
v 14.749996 1.740000 -10.315001
v 13.349997 1.761651 -10.327500
v 14.749996 1.761651 -10.327500
v 13.349997 1.761651 -10.352500
v 14.749996 1.761651 -10.352500
v 13.349997 1.940000 -10.365000
v 14.749996 1.940001 -10.365000
v 13.349997 1.918350 -10.352500
v 14.749996 1.918350 -10.352500
v 13.349997 1.918350 -10.327500
v 14.749996 1.918350 -10.327500
v 13.349997 1.940000 -10.315001
v 14.749996 1.940001 -10.315001
v 13.349997 1.961651 -10.327500
v 14.749996 1.961651 -10.327500
v 13.349997 1.961651 -10.352500
v 14.749996 1.961651 -10.352500
v 13.349997 1.540000 -10.365000
v 14.749996 1.540000 -10.365000
v 13.349997 1.518349 -10.352500
v 14.749996 1.518350 -10.352500
v 13.349997 1.518349 -10.327500
v 14.749996 1.518350 -10.327500
v 13.349997 1.540000 -10.315001
v 14.749996 1.540000 -10.315001
v 13.349997 1.561651 -10.327500
v 14.749996 1.561651 -10.327500
v 13.349997 1.561651 -10.352500
v 14.749996 1.561651 -10.352500
v 13.349997 1.340000 -10.365000
v 14.749996 1.340000 -10.365000
v 13.349997 1.318349 -10.352500
v 14.749996 1.318350 -10.352500
v 13.349997 1.318349 -10.327500
v 14.749996 1.318350 -10.327500
v 13.349997 1.340000 -10.315001
v 14.749996 1.340000 -10.315001
v 13.349997 1.361651 -10.327500
v 14.749996 1.361651 -10.327500
v 13.349997 1.361651 -10.352500
v 14.749996 1.361651 -10.352500
v 35.349998 1.740000 -10.364999
v 36.750000 1.740000 -10.365000
v 35.349998 1.718349 -10.352499
v 36.750000 1.718350 -10.352499
v 35.349998 1.718349 -10.327499
v 36.750000 1.718350 -10.327499
v 35.349998 1.740000 -10.314999
v 36.750000 1.740000 -10.315000
v 35.349998 1.761651 -10.327499
v 36.750000 1.761651 -10.327499
v 35.349998 1.761651 -10.352499
v 36.750000 1.761651 -10.352499
v 35.349998 1.940000 -10.364999
v 36.750000 1.940001 -10.365000
v 35.349998 1.918350 -10.352499
v 36.750000 1.918350 -10.352499
v 35.349998 1.918350 -10.327499
v 36.750000 1.918350 -10.327499
v 35.349998 1.940000 -10.314999
v 36.750000 1.940001 -10.315000
v 35.349998 1.961651 -10.327499
v 36.750000 1.961651 -10.327499
v 35.349998 1.961651 -10.352499
v 36.750000 1.961651 -10.352499
v 35.349998 1.540000 -10.364999
v 36.750000 1.540000 -10.365000
v 35.349998 1.518349 -10.352499
v 36.750000 1.518350 -10.352499
v 35.349998 1.518349 -10.327499
v 36.750000 1.518350 -10.327499
v 35.349998 1.540000 -10.314999
v 36.750000 1.540000 -10.315000
v 35.349998 1.561651 -10.327499
v 36.750000 1.561651 -10.327499
v 35.349998 1.561651 -10.352499
v 36.750000 1.561651 -10.352499
v 35.349998 1.340000 -10.364999
v 36.750000 1.340000 -10.365000
v 35.349998 1.318349 -10.352499
v 36.750000 1.318350 -10.352499
v 35.349998 1.318349 -10.327499
v 36.750000 1.318350 -10.327499
v 35.349998 1.340000 -10.314999
v 36.750000 1.340000 -10.315000
v 35.349998 1.361651 -10.327499
v 36.750000 1.361651 -10.327499
v 35.349998 1.361651 -10.352499
v 36.750000 1.361651 -10.352499
v 17.099997 1.740000 -10.365000
v 33.099998 1.740000 -10.365000
v 17.099997 1.718349 -10.352500
v 33.099998 1.718350 -10.352500
v 17.099997 1.718349 -10.327499
v 33.099998 1.718350 -10.327499
v 17.099997 1.740000 -10.315000
v 33.099998 1.740000 -10.315000
v 17.099997 1.761651 -10.327499
v 33.099998 1.761651 -10.327499
v 17.099997 1.761651 -10.352500
v 33.099998 1.761651 -10.352500
v 17.099997 1.940000 -10.365000
v 33.099998 1.940001 -10.365000
v 17.099997 1.918350 -10.352500
v 33.099998 1.918350 -10.352500
v 17.099997 1.918350 -10.327499
v 33.099998 1.918350 -10.327499
v 17.099997 1.940000 -10.315000
v 33.099998 1.940001 -10.315000
v 17.099997 1.961651 -10.327499
v 33.099998 1.961651 -10.327499
v 17.099997 1.961651 -10.352500
v 33.099998 1.961651 -10.352500
v 17.099997 1.540000 -10.365000
v 33.099998 1.540000 -10.365000
v 17.099997 1.518349 -10.352500
v 33.099998 1.518350 -10.352500
v 17.099997 1.518349 -10.327499
v 33.099998 1.518350 -10.327499
v 17.099997 1.540000 -10.315000
v 33.099998 1.540000 -10.315000
v 17.099997 1.561651 -10.327499
v 33.099998 1.561651 -10.327499
v 17.099997 1.561651 -10.352500
v 33.099998 1.561651 -10.352500
v 17.099997 1.340000 -10.365000
v 33.099998 1.340000 -10.365000
v 17.099997 1.318349 -10.352500
v 33.099998 1.318350 -10.352500
v 17.099997 1.318349 -10.327499
v 33.099998 1.318350 -10.327499
v 17.099997 1.340000 -10.315000
v 33.099998 1.340000 -10.315000
v 17.099997 1.361651 -10.327499
v 33.099998 1.361651 -10.327499
v 17.099997 1.361651 -10.352500
v 33.099998 1.361651 -10.352500
v 33.354996 0.500000 -10.170000
v 33.354996 2.700000 -10.170000
v 33.342499 0.500000 -10.148349
v 33.342499 2.700000 -10.148349
v 33.317497 0.500000 -10.148349
v 33.317497 2.700000 -10.148349
v 33.305000 0.500000 -10.170000
v 33.305000 2.700000 -10.170000
v 33.317497 0.500000 -10.191650
v 33.317497 2.700000 -10.191650
v 33.342499 0.500000 -10.191650
v 33.342499 2.700000 -10.191650
v 33.354996 2.800000 -10.469999
v 33.354996 2.800000 -10.270000
v 33.342499 2.778349 -10.469999
v 33.342499 2.778350 -10.270000
v 33.317497 2.778349 -10.469999
v 33.317497 2.778350 -10.270000
v 33.305000 2.800000 -10.469999
v 33.305000 2.800000 -10.270000
v 33.317497 2.821651 -10.469999
v 33.317497 2.821651 -10.270000
v 33.342499 2.821651 -10.469999
v 33.342499 2.821651 -10.270000
v 33.354996 0.400000 -10.469999
v 33.354996 0.400000 -10.270000
v 33.342499 0.378349 -10.469999
v 33.342499 0.378350 -10.270000
v 33.317497 0.378349 -10.469999
v 33.317497 0.378350 -10.270000
v 33.305000 0.400000 -10.469999
v 33.305000 0.400000 -10.270000
v 33.317497 0.421651 -10.469999
v 33.317497 0.421651 -10.270000
v 33.342499 0.421651 -10.469999
v 33.342499 0.421651 -10.270000
v 33.354996 2.735226 -10.170591
v 33.354996 2.761056 -10.173332
v 33.354996 2.778940 -10.179672
v 33.354996 2.790328 -10.191059
v 33.354996 2.796668 -10.208944
v 33.354996 2.799409 -10.234774
v 33.342499 2.733900 -10.192202
v 33.342499 2.756264 -10.194446
v 33.342499 2.767385 -10.197981
v 33.342499 2.772019 -10.202616
v 33.342499 2.775554 -10.213736
v 33.342499 2.777799 -10.236099
v 33.317497 2.733901 -10.192202
v 33.317497 2.756264 -10.194446
v 33.317497 2.767385 -10.197981
v 33.317497 2.772019 -10.202616
v 33.317497 2.775554 -10.213736
v 33.317497 2.777799 -10.236099
v 33.305000 2.735226 -10.170591
v 33.305000 2.761056 -10.173332
v 33.305000 2.778940 -10.179672
v 33.305000 2.790328 -10.191059
v 33.305000 2.796668 -10.208944
v 33.305000 2.799409 -10.234774
v 33.317497 2.736551 -10.148981
v 33.317497 2.765848 -10.152219
v 33.317497 2.790496 -10.161364
v 33.317497 2.808637 -10.179503
v 33.317497 2.817781 -10.204151
v 33.317497 2.821019 -10.233448
v 33.342499 2.821019 -10.233448
v 33.342499 2.817781 -10.204151
v 33.342499 2.808637 -10.179503
v 33.342499 2.790496 -10.161364
v 33.342499 2.765848 -10.152219
v 33.342499 2.736551 -10.148981
v 33.342499 0.463449 -10.148981
v 33.342499 0.434152 -10.152219
v 33.342499 0.409504 -10.161364
v 33.342499 0.391364 -10.179503
v 33.342499 0.382219 -10.204151
v 33.342499 0.378982 -10.233448
v 33.317497 0.463449 -10.148981
v 33.317497 0.434152 -10.152219
v 33.317497 0.409504 -10.161364
v 33.317497 0.391364 -10.179503
v 33.317497 0.382219 -10.204151
v 33.317497 0.378982 -10.233448
v 33.305000 0.464775 -10.170591
v 33.305000 0.438944 -10.173332
v 33.305000 0.421060 -10.179672
v 33.305000 0.409673 -10.191059
v 33.305000 0.403333 -10.208944
v 33.305000 0.400592 -10.234774
v 33.317497 0.466100 -10.192202
v 33.317497 0.443737 -10.194446
v 33.317497 0.432616 -10.197981
v 33.317497 0.427981 -10.202616
v 33.317497 0.424447 -10.213736
v 33.317497 0.422202 -10.236099
v 33.342499 0.466100 -10.192202
v 33.342499 0.443737 -10.194446
v 33.342499 0.432616 -10.197981
v 33.342499 0.427981 -10.202616
v 33.342499 0.424447 -10.213736
v 33.342499 0.422202 -10.236099
v 33.354996 0.400592 -10.234774
v 33.354996 0.403333 -10.208944
v 33.354996 0.409673 -10.191059
v 33.354996 0.421060 -10.179672
v 33.354996 0.438944 -10.173332
v 33.354996 0.464775 -10.170591
v 35.074997 0.500000 -10.170000
v 35.074997 2.700000 -10.170000
v 35.062500 0.500000 -10.148349
v 35.062500 2.700000 -10.148349
v 35.037498 0.500000 -10.148349
v 35.037498 2.700000 -10.148349
v 35.024994 0.500000 -10.170000
v 35.024994 2.700000 -10.170000
v 35.037498 0.500000 -10.191650
v 35.037498 2.700000 -10.191650
v 35.062500 0.500000 -10.191650
v 35.062500 2.700000 -10.191650
v 35.074997 2.800000 -10.469999
v 35.074997 2.800000 -10.270000
v 35.062500 2.778349 -10.469999
v 35.062500 2.778350 -10.270000
v 35.037498 2.778349 -10.469999
v 35.037498 2.778350 -10.270000
v 35.024994 2.800000 -10.469999
v 35.024994 2.800000 -10.270000
v 35.037498 2.821651 -10.469999
v 35.037498 2.821651 -10.270000
v 35.062500 2.821651 -10.469999
v 35.062500 2.821651 -10.270000
v 35.074997 0.400000 -10.469999
v 35.074997 0.400000 -10.270000
v 35.062500 0.378349 -10.469999
v 35.062500 0.378350 -10.270000
v 35.037498 0.378349 -10.469999
v 35.037498 0.378350 -10.270000
v 35.024994 0.400000 -10.469999
v 35.024994 0.400000 -10.270000
v 35.037498 0.421651 -10.469999
v 35.037498 0.421651 -10.270000
v 35.062500 0.421651 -10.469999
v 35.062500 0.421651 -10.270000
v 35.074997 2.735226 -10.170591
v 35.074997 2.761056 -10.173332
v 35.074997 2.778940 -10.179672
v 35.074997 2.790328 -10.191059
v 35.074997 2.796668 -10.208944
v 35.074997 2.799409 -10.234774
v 35.062500 2.733900 -10.192202
v 35.062500 2.756264 -10.194447
v 35.062500 2.767385 -10.197981
v 35.062500 2.772019 -10.202616
v 35.062500 2.775554 -10.213736
v 35.062500 2.777799 -10.236099
v 35.037498 2.733901 -10.192202
v 35.037498 2.756264 -10.194447
v 35.037498 2.767385 -10.197981
v 35.037498 2.772019 -10.202616
v 35.037498 2.775554 -10.213737
v 35.037498 2.777799 -10.236099
v 35.024994 2.735226 -10.170591
v 35.024994 2.761056 -10.173332
v 35.024994 2.778940 -10.179672
v 35.024994 2.790328 -10.191059
v 35.024994 2.796668 -10.208944
v 35.024994 2.799409 -10.234774
v 35.037498 2.736551 -10.148981
v 35.037498 2.765848 -10.152219
v 35.037498 2.790496 -10.161364
v 35.037498 2.808637 -10.179503
v 35.037498 2.817781 -10.204151
v 35.037498 2.821019 -10.233449
v 35.062500 2.821019 -10.233449
v 35.062500 2.817781 -10.204151
v 35.062500 2.808637 -10.179503
v 35.062500 2.790496 -10.161364
v 35.062500 2.765848 -10.152219
v 35.062500 2.736551 -10.148981
v 35.062500 0.463449 -10.148981
v 35.062500 0.434152 -10.152219
v 35.062500 0.409504 -10.161364
v 35.062500 0.391364 -10.179503
v 35.062500 0.382219 -10.204151
v 35.062500 0.378982 -10.233449
v 35.037498 0.463449 -10.148981
v 35.037498 0.434152 -10.152219
v 35.037498 0.409504 -10.161364
v 35.037498 0.391364 -10.179503
v 35.037498 0.382219 -10.204151
v 35.037498 0.378982 -10.233449
v 35.024994 0.464775 -10.170591
v 35.024994 0.438944 -10.173332
v 35.024994 0.421060 -10.179672
v 35.024994 0.409673 -10.191059
v 35.024994 0.403333 -10.208944
v 35.024994 0.400592 -10.234774
v 35.037498 0.466100 -10.192202
v 35.037498 0.443737 -10.194447
v 35.037498 0.432616 -10.197981
v 35.037498 0.427981 -10.202616
v 35.037498 0.424447 -10.213736
v 35.037498 0.422202 -10.236099
v 35.062500 0.466100 -10.192202
v 35.062500 0.443737 -10.194447
v 35.062500 0.432616 -10.197981
v 35.062500 0.427981 -10.202616
v 35.062500 0.424447 -10.213736
v 35.062500 0.422202 -10.236099
v 35.074997 0.400592 -10.234774
v 35.074997 0.403333 -10.208944
v 35.074997 0.409673 -10.191059
v 35.074997 0.421060 -10.179672
v 35.074997 0.438944 -10.173332
v 35.074997 0.464775 -10.170591
v 25.120018 4.406312 -12.063576
v 25.079975 4.393689 -12.036425
v 26.111732 5.108179 -12.070503
v 26.088261 5.091821 -12.029497
v 25.120018 4.406312 -12.536425
v 25.079975 4.393689 -12.563576
v 26.111732 5.108179 -12.529497
v 26.088261 5.091821 -12.570503
v 25.493767 4.418153 -12.066021
v 25.506226 4.381847 -12.033979
v 26.378258 5.103057 -12.061964
v 26.421734 5.096943 -12.038036
v 25.493767 4.418153 -12.533979
v 25.506226 4.381847 -12.566021
v 26.378258 5.103057 -12.538036
v 26.421734 5.096943 -12.561964
v 25.117447 6.094119 -11.191909
v 25.082546 6.105882 -11.158092
v 25.117447 6.094119 -13.408092
v 25.082546 6.105882 -13.441909
v 25.390995 6.089602 -13.404122
v 25.408997 6.110397 -13.445878
v 25.390995 6.089602 -11.195878
v 25.408997 6.110397 -11.154122
v 25.120478 4.414337 -12.075000
v 26.079515 5.085663 -12.075000
v 26.079515 5.085663 -12.525001
v 25.120478 4.414337 -12.525001
v 25.179306 4.425000 -12.550000
v 26.107876 5.075000 -12.550000
v 26.327133 5.075000 -12.550000
v 25.491419 4.425000 -12.550000
v 25.519730 4.415349 -12.525001
v 26.380262 5.084651 -12.525001
v 26.380262 5.084651 -12.075000
v 25.519730 4.415349 -12.075000
v 25.491419 4.425000 -12.050000
v 26.327133 5.075000 -12.050000
v 26.107876 5.075000 -12.050000
v 25.179306 4.425000 -12.050000
v 25.124996 4.400000 -12.525001
v 25.474997 4.400000 -12.525001
v 25.474997 4.400000 -12.075000
v 25.124996 4.400000 -12.075000
v 26.112471 5.118814 -12.033538
v 26.349894 5.118814 -12.033538
v 25.387524 6.081185 -11.191463
v 25.150101 6.081185 -11.191463
v 25.374996 6.100000 -13.400001
v 25.124996 6.100000 -13.400001
v 25.124996 6.100000 -11.200001
v 25.374996 6.100000 -11.200001
v 26.349894 5.118814 -12.566463
v 26.112471 5.118814 -12.566463
v 25.150101 6.081185 -13.408538
v 25.387524 6.081185 -13.408538
v 26.382318 5.117678 -12.063931
v 26.382318 5.117678 -12.536070
v 25.417675 6.082322 -13.380134
v 25.417675 6.082322 -11.219867
v 26.082319 5.117678 -12.536070
v 26.082319 5.117678 -12.063931
v 25.117674 6.082322 -11.219867
v 25.117674 6.082322 -13.380134
v 34.120018 4.406312 -12.063576
v 34.079971 4.393689 -12.036425
v 35.111732 5.108179 -12.070503
v 35.088261 5.091821 -12.029497
v 34.120018 4.406312 -12.536425
v 34.079971 4.393689 -12.563576
v 35.111732 5.108179 -12.529497
v 35.088261 5.091821 -12.570503
v 34.493767 4.418153 -12.066021
v 34.506226 4.381847 -12.033979
v 35.378258 5.103057 -12.061964
v 35.421734 5.096943 -12.038036
v 34.493767 4.418153 -12.533979
v 34.506226 4.381847 -12.566021
v 35.378258 5.103057 -12.538036
v 35.421734 5.096943 -12.561964
v 34.117447 6.094119 -11.191909
v 34.082546 6.105882 -11.158092
v 34.117447 6.094119 -13.408092
v 34.082546 6.105882 -13.441909
v 34.390999 6.089602 -13.404122
v 34.408997 6.110397 -13.445878
v 34.390999 6.089602 -11.195878
v 34.408997 6.110397 -11.154122
v 34.120476 4.414337 -12.075000
v 35.079514 5.085663 -12.075000
v 35.079514 5.085663 -12.525001
v 34.120476 4.414337 -12.525001
v 34.179306 4.425000 -12.550000
v 35.107880 5.075000 -12.550000
v 35.327133 5.075000 -12.550000
v 34.491417 4.425000 -12.550000
v 34.519730 4.415349 -12.525001
v 35.380264 5.084651 -12.525001
v 35.380264 5.084651 -12.075000
v 34.519730 4.415349 -12.075000
v 34.491417 4.425000 -12.050000
v 35.327133 5.075000 -12.050000
v 35.107880 5.075000 -12.050000
v 34.179306 4.425000 -12.050000
v 34.124996 4.400000 -12.525001
v 34.474998 4.400000 -12.525001
v 34.474998 4.400000 -12.075000
v 34.124996 4.400000 -12.075000
v 35.112473 5.118814 -12.033538
v 35.349892 5.118814 -12.033538
v 34.387520 6.081185 -11.191463
v 34.150101 6.081185 -11.191463
v 34.374996 6.100000 -13.400001
v 34.124996 6.100000 -13.400001
v 34.124996 6.100000 -11.200001
v 34.374996 6.100000 -11.200001
v 35.349892 5.118814 -12.566463
v 35.112473 5.118814 -12.566463
v 34.150101 6.081185 -13.408538
v 34.387520 6.081185 -13.408538
v 35.382317 5.117678 -12.063931
v 35.382317 5.117678 -12.536070
v 34.417671 6.082322 -13.380134
v 34.417671 6.082322 -11.219867
v 35.082321 5.117678 -12.536070
v 35.082321 5.117678 -12.063931
v 34.117676 6.082322 -11.219867
v 34.117676 6.082322 -13.380134
v 15.120018 4.406312 -12.063576
v 15.079975 4.393689 -12.036425
v 16.111732 5.108179 -12.070503
v 16.088261 5.091821 -12.029497
v 15.120018 4.406312 -12.536425
v 15.079975 4.393689 -12.563576
v 16.111732 5.108179 -12.529497
v 16.088261 5.091821 -12.570503
v 15.493767 4.418153 -12.066021
v 15.506226 4.381847 -12.033979
v 16.378258 5.103057 -12.061964
v 16.421734 5.096943 -12.038036
v 15.493767 4.418153 -12.533979
v 15.506226 4.381847 -12.566021
v 16.378258 5.103057 -12.538036
v 16.421734 5.096943 -12.561964
v 15.117447 6.094119 -11.191909
v 15.082546 6.105882 -11.158092
v 15.117447 6.094119 -13.408092
v 15.082546 6.105882 -13.441909
v 15.390995 6.089602 -13.404122
v 15.408997 6.110397 -13.445878
v 15.390995 6.089602 -11.195878
v 15.408997 6.110397 -11.154122
v 15.120478 4.414337 -12.075000
v 16.079515 5.085663 -12.075000
v 16.079515 5.085663 -12.525001
v 15.120478 4.414337 -12.525001
v 15.179306 4.425000 -12.550000
v 16.107876 5.075000 -12.550000
v 16.327133 5.075000 -12.550000
v 15.491419 4.425000 -12.550000
v 15.519730 4.415349 -12.525001
v 16.380262 5.084651 -12.525001
v 16.380262 5.084651 -12.075000
v 15.519730 4.415349 -12.075000
v 15.491419 4.425000 -12.050000
v 16.327133 5.075000 -12.050000
v 16.107876 5.075000 -12.050000
v 15.179306 4.425000 -12.050000
v 15.124996 4.400000 -12.525001
v 15.474997 4.400000 -12.525001
v 15.474997 4.400000 -12.075000
v 15.124996 4.400000 -12.075000
v 16.112471 5.118814 -12.033538
v 16.349894 5.118814 -12.033538
v 15.387524 6.081185 -11.191463
v 15.150101 6.081185 -11.191463
v 15.374996 6.100000 -13.400001
v 15.124996 6.100000 -13.400001
v 15.124996 6.100000 -11.200001
v 15.374996 6.100000 -11.200001
v 16.349894 5.118814 -12.566463
v 16.112471 5.118814 -12.566463
v 15.150101 6.081185 -13.408538
v 15.387524 6.081185 -13.408538
v 16.382318 5.117678 -12.063931
v 16.382318 5.117678 -12.536070
v 15.417675 6.082322 -13.380134
v 15.417675 6.082322 -11.219867
v 16.082319 5.117678 -12.536070
v 16.082319 5.117678 -12.063931
v 15.117674 6.082322 -11.219867
v 15.117674 6.082322 -13.380134
v 13.250000 0.000000 -13.550000
v 12.750000 0.000000 -13.550000
v 13.250000 -0.129904 -13.625000
v 12.750000 -0.129904 -13.625000
v 13.250000 -0.129904 -13.775001
v 12.750000 -0.129904 -13.775000
v 13.250000 -0.000000 -13.850000
v 12.750000 0.000000 -13.850000
v 13.250000 0.129904 -13.775001
v 12.750000 0.129904 -13.775000
v 13.250000 0.129904 -13.625000
v 12.750000 0.129904 -13.625000
v 12.550001 -0.207846 -13.580000
v 12.550001 0.000000 -13.460000
v 12.549999 -0.207846 -13.820000
v 12.549999 0.000000 -13.940001
v 12.550001 0.207846 -13.820001
v 12.550001 0.207846 -13.580000
v 13.250000 0.000000 -11.050000
v 12.750000 0.000000 -11.050000
v 13.250000 -0.129904 -10.975000
v 12.750000 -0.129904 -10.975000
v 13.250000 -0.129904 -10.825000
v 12.750000 -0.129904 -10.825001
v 13.250000 -0.000000 -10.750000
v 12.750000 0.000000 -10.750000
v 13.250000 0.129904 -10.825000
v 12.750000 0.129904 -10.825001
v 13.250000 0.129904 -10.975000
v 12.750000 0.129904 -10.975000
v 12.549999 -0.207846 -11.020000
v 12.549999 0.000000 -11.140000
v 12.549999 -0.207846 -10.780001
v 12.549999 0.000000 -10.660000
v 12.549999 0.207846 -10.780001
v 12.549999 0.207846 -11.020000
vn -0.0000 -0.5000 -0.8660
vn -0.0000 -1.0000 -0.0000
vn -0.0000 -0.5000 0.8660
vn -0.0000 0.5000 0.8660
vn -0.3631 -0.9317 -0.0000
vn -0.0000 1.0000 -0.0000
vn -0.0000 0.5000 -0.8660
vn -1.0000 -0.0000 -0.0000
vn 1.0000 -0.0000 -0.0000
vn -0.3631 0.9317 -0.0000
vn -0.3631 -0.4659 -0.8069
vn -0.3631 -0.4659 0.8069
vn -0.3631 0.4659 -0.8069
vn -0.3631 0.4659 0.8069
vn -0.9417 -0.3363 -0.0000
vn -0.0000 -0.0000 -1.0000
vn 0.9417 -0.3363 -0.0000
vn -0.0000 -0.0000 1.0000
vn -0.7942 -0.0000 0.6076
vn 0.8058 -0.0000 0.5922
vn 0.8661 -0.0000 0.5000
vn -0.8660 -0.0000 0.5000
vn -0.8660 -0.0000 -0.5000
vn 0.8661 -0.0000 -0.5000
vn 0.8660 -0.5000 -0.0000
vn -0.8660 -0.5000 -0.0000
vn -0.8660 0.5000 -0.0000
vn 0.8660 0.5000 -0.0000
vn -0.0000 0.9999 0.0173
vn -0.8659 0.5002 0.0085
vn -0.8659 -0.5002 -0.0082
vn -0.0000 -0.9999 -0.0163
vn 0.8659 -0.5001 -0.0083
vn 0.8659 0.5001 0.0086
vn 0.8652 -0.4988 -0.0516
vn 0.8624 -0.4792 -0.1631
vn 0.8606 -0.3601 -0.3602
vn 0.8624 -0.1631 -0.4792
vn 0.8652 -0.0516 -0.4987
vn 0.8659 -0.0083 -0.5001
vn -0.0000 -0.9950 -0.0999
vn -0.0000 -0.9530 -0.3029
vn -0.0000 -0.7071 -0.7071
vn -0.0000 -0.3029 -0.9530
vn -0.0000 -0.0999 -0.9950
vn -0.0000 -0.0163 -0.9999
vn -0.8651 -0.4989 -0.0516
vn -0.8624 -0.4793 -0.1632
vn -0.8605 -0.3602 -0.3603
vn -0.8624 -0.1632 -0.4793
vn -0.8651 -0.0516 -0.4989
vn -0.8659 -0.0083 -0.5002
vn -0.8652 0.4986 0.0541
vn -0.8626 0.4753 0.1730
vn -0.8605 0.3602 0.3602
vn -0.8626 0.1730 0.4753
vn -0.8652 0.0541 0.4986
vn -0.8659 0.0085 0.5002
vn -0.0000 0.9939 0.1098
vn -0.0000 0.9376 0.3478
vn -0.0000 0.7071 0.7071
vn -0.0000 0.3478 0.9376
vn -0.0000 0.1098 0.9939
vn -0.0000 0.0173 0.9999
vn 0.8652 0.4985 0.0540
vn 0.8627 0.4753 0.1730
vn 0.8606 0.3602 0.3602
vn 0.8627 0.1730 0.4753
vn 0.8652 0.0541 0.4984
vn 0.8659 0.0085 0.5001
vn 0.8659 0.5001 -0.0083
vn -0.0000 0.9999 -0.0163
vn -0.8659 0.5002 -0.0083
vn -0.8659 -0.5002 0.0085
vn -0.0000 -0.9999 0.0173
vn 0.8659 -0.5001 0.0086
vn -0.0000 -0.9940 0.1098
vn -0.0000 -0.9376 0.3478
vn -0.0000 -0.7071 0.7071
vn -0.0000 -0.3478 0.9376
vn -0.0000 -0.1098 0.9939
vn -0.0000 -0.0173 0.9999
vn -0.8652 -0.4985 0.0541
vn -0.8626 -0.4753 0.1730
vn -0.8606 -0.3602 0.3601
vn -0.8626 -0.1730 0.4753
vn -0.8652 -0.0541 0.4986
vn -0.8659 -0.0085 0.5002
vn -0.8651 0.4989 -0.0516
vn -0.8624 0.4793 -0.1631
vn -0.8605 0.3602 -0.3602
vn -0.8624 0.1632 -0.4793
vn -0.8652 0.0516 -0.4988
vn -0.8659 0.0083 -0.5002
vn -0.0000 0.9950 -0.0999
vn -0.0000 0.9530 -0.3029
vn -0.0000 0.7071 -0.7071
vn -0.0000 0.3029 -0.9530
vn -0.0000 0.0999 -0.9950
vn -0.0000 0.0163 -0.9999
vn 0.8652 0.4988 -0.0516
vn 0.8624 0.4792 -0.1631
vn 0.8606 0.3602 -0.3601
vn 0.8624 0.1631 -0.4792
vn 0.8652 0.0516 -0.4988
vn 0.8659 0.0083 -0.5001
vn 0.8652 -0.4985 0.0541
vn 0.8627 -0.4753 0.1730
vn 0.8606 -0.3602 0.3602
vn 0.8627 -0.1730 0.4753
vn 0.8652 -0.0541 0.4985
vn 0.8659 -0.0085 0.5001
vn 0.8660 -0.0000 0.5000
vn 0.8660 -0.0000 -0.5000
vn 0.8659 -0.5002 -0.0082
vn 0.8659 0.5002 0.0085
vn 0.8651 -0.4989 -0.0516
vn 0.8624 -0.4793 -0.1632
vn 0.8605 -0.3602 -0.3603
vn 0.8623 -0.1632 -0.4793
vn 0.8651 -0.0516 -0.4989
vn 0.8659 -0.0083 -0.5002
vn -0.8624 -0.4793 -0.1631
vn -0.8605 -0.3602 -0.3602
vn -0.0000 0.3479 0.9375
vn 0.8652 0.4986 0.0541
vn 0.8626 0.4753 0.1731
vn 0.8606 0.3602 0.3601
vn 0.8626 0.1730 0.4753
vn 0.8652 0.0541 0.4985
vn 0.8659 0.0085 0.5002
vn 0.8659 0.5002 -0.0083
vn -0.8659 0.5002 -0.0082
vn -0.8659 -0.5002 0.0086
vn 0.8659 -0.5002 0.0085
vn -0.8652 -0.4986 0.0541
vn -0.8626 -0.4753 0.1731
vn -0.8605 -0.3602 0.3602
vn -0.8627 -0.1731 0.4753
vn -0.8624 0.4793 -0.1632
vn -0.8605 0.3602 -0.3603
vn -0.8624 0.1632 -0.4792
vn -0.8651 0.0516 -0.4989
vn 0.8651 0.4989 -0.0516
vn 0.8624 0.4793 -0.1632
vn 0.8605 0.3602 -0.3602
vn 0.8624 0.1632 -0.4793
vn 0.8651 0.0516 -0.4989
vn 0.8652 -0.4986 0.0541
vn 0.8626 -0.4753 0.1731
vn 0.8605 -0.3602 0.3602
vn 0.8626 -0.1730 0.4753
vn 0.8652 -0.0541 0.4986
vn -0.8659 0.5001 0.0085
vn -0.8659 -0.5001 -0.0083
vn 0.8659 0.5001 0.0085
vn 0.8606 -0.3602 -0.3602
vn 0.8652 -0.0516 -0.4988
vn -0.8652 -0.4988 -0.0516
vn -0.8624 -0.4792 -0.1631
vn -0.8606 -0.3602 -0.3602
vn -0.8624 -0.1631 -0.4792
vn -0.8652 -0.0516 -0.4988
vn -0.8659 -0.0083 -0.5001
vn -0.8652 0.4985 0.0541
vn -0.8627 0.4753 0.1730
vn -0.8606 0.3602 0.3602
vn -0.8627 0.1730 0.4753
vn -0.8652 0.0541 0.4985
vn -0.8659 0.0085 0.5001
vn 0.8652 0.4985 0.0541
vn -0.8659 0.5001 -0.0083
vn -0.8659 -0.5001 0.0085
vn 0.8659 -0.5001 0.0085
vn -0.8627 -0.4753 0.1730
vn -0.8606 -0.3602 0.3602
vn -0.8627 -0.1730 0.4753
vn -0.8652 -0.0541 0.4985
vn -0.8659 -0.0085 0.5001
vn -0.8652 0.4988 -0.0516
vn -0.8624 0.4792 -0.1631
vn -0.8606 0.3602 -0.3602
vn -0.8624 0.1631 -0.4792
vn -0.8659 0.0083 -0.5001
vn -0.8659 -0.5002 -0.0083
vn 0.8659 -0.5002 -0.0083
vn 0.8605 -0.3602 -0.3602
vn 0.8624 -0.1632 -0.4793
vn -0.0000 -0.0162 -0.9999
vn 0.8626 0.4753 0.1730
vn 0.8605 0.3602 0.3602
vn -0.0000 0.0162 -0.9999
vn 0.8659 0.0083 -0.5002
vn 0.8626 -0.4753 0.1730
vn 0.8659 -0.0085 0.5002
vn 0.5333 -0.7595 -0.3724
vn -0.5696 0.8186 -0.0741
vn 0.5728 -0.8197 -0.0000
vn -0.5757 0.8177 -0.0000
vn 0.5333 -0.7595 0.3724
vn -0.5696 0.8186 0.0740
vn 0.9984 -0.0571 -0.0000
vn -0.4542 0.8909 -0.0000
vn 0.3525 -0.5047 0.7880
vn 0.2967 -0.4306 -0.8524
vn 0.0104 -0.4757 0.8795
vn 0.0177 -0.6619 -0.7494
vn -0.5317 0.6867 0.4956
vn -0.1938 0.2514 -0.9483
vn -0.0156 0.7717 0.6358
vn 0.0028 0.3666 -0.9304
vn -0.3329 0.4314 0.8385
vn 0.5632 -0.7237 0.3988
vn -0.9941 -0.1082 -0.0000
vn 0.2842 -0.9588 -0.0000
vn -0.3329 0.4314 -0.8385
vn 0.5632 -0.7237 -0.3988
vn 0.1074 0.9942 -0.0000
vn 0.9275 -0.3739 -0.0000
vn -0.5317 0.6867 -0.4956
vn -0.1938 0.2514 0.9483
vn 0.0104 -0.4757 -0.8795
vn 0.0177 -0.6619 0.7494
vn 0.3525 -0.5047 -0.7880
vn 0.2967 -0.4306 0.8524
vn -0.0156 0.7717 -0.6358
vn 0.0028 0.3666 0.9304
vn -0.0131 0.6448 0.7642
vn -0.0136 -0.9551 0.2959
vn -0.6952 0.7188 -0.0000
vn -0.5026 -0.8645 -0.0000
vn -0.0131 0.6448 -0.7642
vn -0.0136 -0.9551 -0.2959
vn 0.7852 0.6192 -0.0000
vn 0.1388 -0.9903 -0.0000
vn 0.0157 0.9295 -0.3685
vn 0.0149 0.0051 0.9999
vn -0.7263 -0.1361 -0.6738
vn -0.1709 -0.7396 0.6510
vn -0.0096 -0.2345 -0.9721
vn 0.0021 -0.7946 0.6071
vn 0.4708 0.8005 -0.3710
vn 0.3569 -0.3832 0.8519
vn -0.0113 -0.6038 0.7970
vn -0.0064 0.9831 0.1829
vn 0.6145 -0.7889 -0.0000
vn 0.1373 0.9905 -0.0000
vn -0.0112 -0.6038 -0.7970
vn -0.0064 0.9831 -0.1829
vn -0.5449 -0.8385 -0.0000
vn -0.2924 0.9563 -0.0000
vn 0.0157 0.9295 0.3685
vn 0.0149 0.0051 -0.9999
vn 0.4708 0.8005 0.3710
vn 0.3569 -0.3832 -0.8519
vn -0.0096 -0.2345 0.9721
vn 0.0021 -0.7946 -0.6071
vn -0.7263 -0.1361 0.6738
vn -0.1709 -0.7396 -0.6510
vn -0.9635 0.2676 -0.0000
vn 0.4656 0.8850 -0.0000
vn -0.6478 0.0195 0.7616
vn 0.5651 0.7854 0.2525
vn -0.2633 -0.9647 -0.0000
vn 0.9554 0.2953 -0.0000
vn -0.6478 0.0195 -0.7616
vn 0.5651 0.7854 -0.2525
vn 0.3073 0.9516 -0.0000
vn -0.9746 -0.2239 -0.0000
vn 0.3226 0.7876 -0.5250
vn -0.7861 -0.5644 -0.2520
vn 0.9998 0.0192 -0.0000
vn -0.5570 -0.8305 -0.0000
vn 0.3226 0.7876 0.5250
vn -0.7861 -0.5644 0.2520
vn 0.5333 -0.7595 -0.3725
vn 0.5333 -0.7595 0.3725
vn -0.5696 0.8186 0.0741
vn 0.3525 -0.5048 0.7880
vn -0.5318 0.6867 0.4956
vn -0.5318 0.6867 -0.4956
vn 0.3525 -0.5048 -0.7880
vn -0.7263 -0.1361 -0.6737
vn -0.7263 -0.1361 0.6737
vn 0.9984 -0.0572 -0.0000
vn -0.5318 0.6868 0.4956
vn -0.3328 0.4314 0.8385
vn -0.9941 -0.1083 -0.0000
vn -0.3328 0.4314 -0.8385
vn -0.5318 0.6868 -0.4956
vn 0.7852 0.6193 -0.0000
vn -0.7263 -0.1362 -0.6737
vn -0.1710 -0.7396 0.6510
vn -0.7263 -0.1362 0.6737
vn -0.6477 0.0196 0.7616
vn -0.6477 0.0196 -0.7616
vn -0.7861 -0.5644 -0.2519
vn -0.7861 -0.5644 0.2519
vn 0.3631 -0.9317 -0.0000
vn 0.3631 0.9317 -0.0000
vn 0.3631 -0.4659 0.8069
vn 0.3631 -0.4659 -0.8069
vn 0.3631 0.4659 0.8069
vn 0.3631 0.4659 -0.8069
vn 0.6273 -0.6437 -0.4383
vn -0.6918 0.7164 -0.0900
vn 0.6962 -0.7178 -0.0000
vn -0.6990 0.7151 -0.0000
vn 0.6273 -0.6437 0.4383
vn -0.6918 0.7164 0.0900
vn 0.9992 -0.0411 -0.0000
vn -0.5776 0.8163 -0.0000
vn 0.3763 -0.3882 0.8412
vn 0.3108 -0.3251 -0.8932
vn 0.0111 -0.3631 0.9317
vn 0.0199 -0.5368 -0.8435
vn -0.6047 0.5627 0.5636
vn -0.1968 0.1840 -0.9630
vn -0.0185 0.6582 0.7526
vn 0.0029 0.2731 -0.9620
vn -0.3488 0.3257 0.8788
vn 0.6512 -0.6029 0.4610
vn -0.9969 -0.0783 -0.0000
vn 0.3805 -0.9248 -0.0000
vn -0.3488 0.3257 -0.8788
vn 0.6512 -0.6029 -0.4610
vn 0.1483 0.9889 -0.0000
vn 0.9603 -0.2789 -0.0000
vn -0.6047 0.5627 -0.5636
vn -0.1968 0.1840 0.9630
vn 0.0111 -0.3631 -0.9317
vn 0.0199 -0.5368 0.8435
vn 0.3763 -0.3882 -0.8412
vn 0.3108 -0.3251 0.8932
vn -0.0185 0.6582 -0.7526
vn 0.0029 0.2731 0.9620
vn -0.0147 0.5194 0.8544
vn -0.0182 -0.9185 0.3950
vn -0.8019 0.5974 -0.0000
vn -0.6279 -0.7783 -0.0000
vn -0.0147 0.5194 -0.8544
vn -0.0182 -0.9185 -0.3950
vn 0.8696 0.4938 -0.0000
vn 0.1910 -0.9816 -0.0000
vn 0.0205 0.8759 -0.4820
vn 0.0149 0.0037 0.9999
vn -0.7296 -0.0985 -0.6767
vn -0.1991 -0.6207 0.7583
vn -0.0098 -0.1712 -0.9852
vn 0.0025 -0.6861 0.7275
vn 0.5660 0.6934 -0.4460
vn 0.3702 -0.2864 0.8837
vn -0.0124 -0.4791 0.8777
vn -0.0088 0.9682 0.2500
vn 0.7343 -0.6789 -0.0000
vn 0.1889 0.9820 -0.0000
vn -0.0124 -0.4791 -0.8777
vn -0.0088 0.9682 -0.2500
vn -0.6698 -0.7426 -0.0000
vn -0.3907 0.9205 -0.0000
vn 0.0205 0.8759 0.4820
vn 0.0149 0.0037 -0.9999
vn 0.5660 0.6934 0.4460
vn 0.3702 -0.2864 -0.8837
vn -0.0098 -0.1712 0.9852
vn 0.0025 -0.6861 -0.7275
vn -0.7296 -0.0985 0.6767
vn -0.1991 -0.6207 -0.7583
vn -0.9806 0.1961 -0.0000
vn 0.5897 0.8076 -0.0000
vn -0.6478 0.0141 0.7617
vn 0.6738 0.6748 0.3010
vn -0.3542 -0.9352 -0.0000
vn 0.9761 0.2173 -0.0000
vn -0.6478 0.0141 -0.7617
vn 0.6738 0.6748 -0.3010
vn 0.4090 0.9125 -0.0000
vn -0.9866 -0.1632 -0.0000
vn 0.3852 0.6775 -0.6267
vn -0.8543 -0.4418 -0.2739
vn 0.9999 0.0140 -0.0000
vn -0.6813 -0.7320 -0.0000
vn 0.3852 0.6775 0.6266
vn -0.8543 -0.4418 0.2739
vn 0.6274 -0.6437 -0.4382
vn -0.6918 0.7164 -0.0899
vn 0.6963 -0.7178 -0.0000
vn -0.6989 0.7152 -0.0000
vn 0.6274 -0.6437 0.4382
vn -0.6918 0.7164 0.0899
vn 0.9991 -0.0412 -0.0000
vn 0.3763 -0.3883 0.8412
vn 0.3109 -0.3251 -0.8931
vn -0.6048 0.5627 0.5635
vn -0.3488 0.3258 0.8788
vn 0.6511 -0.6028 0.4611
vn -0.9969 -0.0782 -0.0000
vn 0.3804 -0.9248 -0.0000
vn -0.3488 0.3258 -0.8788
vn 0.6511 -0.6028 -0.4611
vn -0.6048 0.5627 -0.5635
vn 0.3763 -0.3883 -0.8412
vn 0.3109 -0.3251 0.8931
vn 0.8694 0.4941 -0.0000
vn -0.7297 -0.0986 -0.6766
vn 0.5659 0.6933 -0.4461
vn 0.7341 -0.6791 -0.0000
vn 0.5659 0.6933 0.4461
vn -0.7297 -0.0986 0.6766
vn -0.9806 0.1962 -0.0000
vn 0.9761 0.2174 -0.0000
vn -0.9866 -0.1633 -0.0000
vn 0.3851 0.6774 -0.6267
vn -0.8543 -0.4419 -0.2738
vn 0.9999 0.0139 -0.0000
vn -0.6814 -0.7320 -0.0000
vn 0.3852 0.6774 0.6267
vn -0.8543 -0.4419 0.2738
vn 0.3108 -0.3251 -0.8931
vn -0.3489 0.3258 0.8787
vn -0.3489 0.3258 -0.8787
vn 0.3108 -0.3251 0.8931
vn -0.6477 0.0141 0.7617
vn -0.6477 0.0141 -0.7617
vn 0.3852 0.6774 -0.6267
vn -0.8624 0.1631 -0.4793
vn 0.8606 0.3602 -0.3602
vn -0.0000 -0.1098 0.9940
vn 0.8624 0.4793 -0.1631
vn 0.8624 0.1632 -0.4792
vn -0.8661 -0.0000 0.4999
vn -0.8661 -0.0000 -0.4999
vn -0.8661 -0.4999 -0.0000
vn -0.8661 0.4999 -0.0000
vn -0.8660 0.5000 0.0085
vn -0.8660 -0.5001 -0.0083
vn -0.8624 -0.4791 -0.1632
vn -0.8606 -0.3601 -0.3601
vn -0.8660 -0.0083 -0.5000
vn -0.8652 0.4984 0.0540
vn -0.8627 0.4752 0.1730
vn -0.8606 0.3601 0.3602
vn -0.8627 0.1730 0.4752
vn -0.8652 0.0541 0.4984
vn -0.8660 0.0085 0.5000
vn -0.0000 0.9940 0.1098
vn 0.8652 0.4986 0.0540
vn 0.8659 0.5002 -0.0082
vn -0.8660 0.5001 -0.0083
vn -0.8660 -0.5000 0.0085
vn -0.8652 -0.4984 0.0541
vn -0.8627 -0.4752 0.1730
vn -0.8606 -0.3601 0.3602
vn -0.8627 -0.1730 0.4752
vn -0.8652 -0.0541 0.4984
vn -0.8652 0.4988 -0.0517
vn -0.8624 0.4791 -0.1632
vn -0.8606 0.3601 -0.3601
vn -0.8652 0.0516 -0.4987
vn 0.8660 -0.0000 0.5001
vn -0.8660 -0.0000 0.5001
vn -0.8660 -0.0000 -0.5001
vn 0.8660 -0.0000 -0.5001
vn -0.8652 0.4986 0.0540
vn -0.8626 0.4753 0.1731
vn -0.0000 0.1098 0.9940
vn 0.8626 0.1730 0.4754
vn 0.5333 -0.7595 -0.3726
vn 0.5333 -0.7595 0.3726
vn 0.9984 -0.0569 -0.0000
vn 0.9274 -0.3739 -0.0000
vn -0.6952 0.7189 -0.0000
vn 0.7853 0.6191 -0.0000
vn -0.7262 -0.1360 -0.6738
vn 0.4708 0.8004 -0.3710
vn -0.7262 -0.1360 0.6738
vn -0.9636 0.2675 -0.0000
vn -0.7264 -0.1362 -0.6737
vn -0.7264 -0.1362 0.6737
vn 0.3226 0.7876 0.5249
vt 0.258904 -0.000000
vt 0.258904 0.326215
vt 0.209115 0.342147
vt 0.209115 0.015931
vt 0.109536 0.342147
vt 0.109536 0.015931
vt 0.059747 0.326216
vt 0.059747 -0.000000
vt 0.697050 0.482191
vt 0.697050 0.155976
vt 0.746839 0.140045
vt 0.746839 0.466260
vt 0.238988 0.482191
vt 0.079663 0.482192
vt 0.846418 0.140045
vt 0.846418 0.466260
vt 0.896207 0.155976
vt 0.896207 0.482192
vt 0.491127 0.950211
vt 0.404889 1.000000
vt 0.318651 0.950211
vt 0.318651 0.850632
vt 0.404889 0.800843
vt 0.491127 0.850632
vt 0.318651 0.721180
vt 0.318651 0.561854
vt 0.456632 0.482192
vt 0.594612 0.561854
vt 0.594612 0.721180
vt 0.456631 0.800843
vt 0.716966 0.000000
vt 0.876291 0.000000
vt 0.318651 0.456702
vt -0.000000 0.456702
vt 0.955954 0.025490
vt 0.637303 0.025490
vt 0.378398 0.000000
vt 0.428188 0.015931
vt 0.428188 0.342147
vt 0.378399 0.326216
vt 0.527766 0.015931
vt 0.527766 0.342147
vt 0.577556 -0.000000
vt 0.577556 0.326216
vt 0.258904 0.964383
vt 0.209115 0.948452
vt 0.209115 0.622236
vt 0.258904 0.638168
vt 0.557640 0.482192
vt 0.398314 0.482192
vt 0.109536 0.948452
vt 0.109536 0.622236
vt 0.059747 0.964383
vt 0.059747 0.638168
vt 0.491127 0.950211
vt 0.491127 0.850632
vt 0.577364 0.800843
vt 0.663602 0.850632
vt 0.663602 0.950211
vt 0.577364 1.000000
vt 0.870572 0.721180
vt 0.732592 0.800843
vt 0.594612 0.721180
vt 0.594612 0.561854
vt 0.732592 0.482191
vt 0.870572 0.561854
vt 0.079663 0.482191
vt 0.238989 0.482191
vt 0.318651 0.456702
vt 0.637303 0.456702
vt 0.000000 0.507681
vt 0.318651 0.507681
vt 0.973884 0.750000
vt 0.850000 0.750000
vt 0.850000 0.500000
vt 0.973884 0.500000
vt 0.616667 0.791667
vt 0.500000 0.833333
vt 0.500000 0.500000
vt 0.616667 0.541667
vt 0.990551 0.500000
vt 0.866667 0.500000
vt 0.866667 0.250000
vt 0.990551 0.250000
vt 0.733333 0.791667
vt 0.616667 0.833333
vt 0.616667 0.500000
vt 0.733333 0.541667
vt 0.750000 0.000000
vt 0.750000 0.250000
vt 0.500000 0.250000
vt 0.500000 -0.000000
vt 0.250000 0.000000
vt 0.250000 0.333333
vt -0.000000 0.333333
vt 0.000000 0.000000
vt 0.990551 0.000000
vt 0.866667 0.250000
vt 0.866667 0.000000
vt 0.850000 0.541667
vt 0.850000 0.791667
vt 0.733333 0.833333
vt 0.733333 0.500000
vt 0.973884 1.000000
vt 0.850000 1.000000
vt 0.866667 0.041667
vt 0.866667 0.291667
vt 0.750000 0.333333
vt 0.750000 -0.000000
vt 0.750000 0.500000
vt 0.500000 0.500000
vt 0.500000 0.250000
vt 0.750000 0.250000
vt 0.500000 0.333333
vt 0.250000 0.333333
vt 0.250000 -0.000000
vt 0.123884 0.916667
vt 0.000000 0.916667
vt 0.000000 0.666667
vt 0.123884 0.666667
vt 0.366667 0.875000
vt 0.250000 0.916667
vt 0.250000 0.583333
vt 0.366667 0.625000
vt 0.247768 0.916667
vt 0.123884 0.916667
vt 0.123884 0.666667
vt 0.247768 0.666667
vt 0.483333 0.875000
vt 0.366667 0.916667
vt 0.366667 0.583333
vt 0.483333 0.625000
vt 0.500000 0.333333
vt 0.500000 0.583333
vt 0.250000 0.583333
vt 0.250000 0.333333
vt 0.250000 0.333333
vt 0.250000 0.666667
vt -0.000000 0.666667
vt 0.000000 0.333333
vt 0.375000 0.500000
vt 0.375000 0.000000
vt 0.689764 0.000000
vt 0.689764 0.500000
vt 0.000000 0.500000
vt 0.000000 0.000000
vt 0.608107 0.814764
vt 0.310265 0.586915
vt 0.608107 0.500000
vt 0.905949 0.586915
vt 0.608107 0.814764
vt 0.608107 0.500000
vt 0.000000 0.500000
vt 0.310265 0.500000
vt 0.310265 1.000000
vt 0.000000 1.000000
vt -0.000000 1.000000
vt 0.000000 0.000000
vt 0.111683 0.000000
vt 0.111683 1.000000
vt 0.227273 0.895419
vt 0.111683 0.895419
vt 0.111683 0.009766
vt 0.227273 0.009766
vt 0.263637 0.227273
vt 0.281818 0.227273
vt 0.281818 0.340909
vt 0.263637 0.340909
vt 0.309091 0.000000
vt 0.309091 0.113636
vt 0.263637 0.113636
vt 0.263637 0.000000
vt 0.263637 0.227273
vt 0.263637 0.113636
vt 0.309091 0.113636
vt 0.309091 0.227273
vt 0.263637 0.568182
vt 0.263637 0.454545
vt 0.272727 0.454545
vt 0.272727 0.568182
vt 0.245455 1.000000
vt 0.227273 1.000000
vt 0.227273 0.954545
vt 0.236364 0.954545
vt 0.236364 0.045455
vt 0.227273 0.045455
vt 0.227273 0.000000
vt 0.245455 0.000000
vt 0.263636 1.000000
vt 0.245455 1.000000
vt 0.245455 0.954545
vt 0.254546 0.954545
vt 0.254546 0.045455
vt 0.245455 0.045455
vt 0.245455 0.000000
vt 0.263637 0.000000
vt 0.272727 0.681818
vt 0.263637 0.681818
vt 0.281818 0.454545
vt 0.124107 0.842332
vt 0.124107 0.041779
vt 0.133071 0.044232
vt 0.133071 0.844786
vt 0.266142 0.955058
vt 0.266142 0.044942
vt 0.276484 0.044942
vt 0.276484 0.955058
vt 0.133071 0.849833
vt 0.133071 0.049279
vt 0.142035 0.051733
vt 0.142035 0.852286
vt 0.150984 0.049267
vt 0.150984 0.849820
vt 0.276484 0.939910
vt 0.276484 0.029793
vt 0.286826 0.029793
vt 0.286826 0.939910
vt 0.115158 0.844798
vt 0.115158 0.044245
vt 0.000000 0.005476
vt 0.082738 0.005419
vt 0.082745 0.015757
vt 0.000008 0.015814
vt 0.082760 0.020677
vt 0.000023 0.020734
vt 0.266134 0.020676
vt 0.183396 0.020734
vt 0.183404 0.015315
vt 0.266142 0.015258
vt 0.183396 0.004977
vt 0.266134 0.004920
vt 0.183381 0.000057
vt 0.266119 0.000000
vt 0.000008 0.000058
vt 0.082745 0.000000
vt 0.295783 -0.000000
vt 0.304740 0.005171
vt 0.304740 0.015513
vt 0.295783 0.020684
vt 0.286826 0.015513
vt 0.286826 0.005171
vt 0.000000 0.878807
vt 0.082738 0.878749
vt 0.082745 0.889088
vt 0.000008 0.889145
vt 0.082760 0.894007
vt 0.000023 0.894065
vt 0.266134 0.894007
vt 0.183396 0.894065
vt 0.183404 0.888646
vt 0.266142 0.888589
vt 0.183396 0.878308
vt 0.266134 0.878251
vt 0.183381 0.873388
vt 0.266119 0.873331
vt 0.000008 0.873388
vt 0.082745 0.873331
vt 0.295783 0.020684
vt 0.304740 0.025856
vt 0.304740 0.036198
vt 0.295783 0.041369
vt 0.286826 0.036198
vt 0.286826 0.025856
vt 0.168276 0.005217
vt 0.168261 0.000298
vt 0.168832 0.015541
vt 0.169372 0.020944
vt 0.096769 0.015948
vt 0.096784 0.020867
vt 0.097310 0.005624
vt 0.097866 0.000220
vt 0.107996 0.006614
vt 0.106021 0.016758
vt 0.115394 0.008916
vt 0.110621 0.018041
vt 0.120105 0.013056
vt 0.112539 0.019726
vt 0.122728 0.019562
vt 0.114001 0.023772
vt 0.123862 0.028961
vt 0.114930 0.031909
vt 0.106036 0.021678
vt 0.110636 0.022961
vt 0.276484 0.000000
vt 0.286826 0.000000
vt 0.286826 0.001917
vt 0.276484 0.001917
vt 0.286826 0.006518
vt 0.276484 0.006518
vt 0.286826 0.015769
vt 0.276484 0.015769
vt 0.160121 0.021767
vt 0.158146 0.016545
vt 0.155520 0.023057
vt 0.150747 0.018858
vt 0.153603 0.024745
vt 0.146036 0.023005
vt 0.152141 0.028792
vt 0.143414 0.029514
vt 0.151212 0.036931
vt 0.142280 0.038914
vt 0.156156 0.006404
vt 0.145959 0.009739
vt 0.138455 0.016345
vt 0.134672 0.025317
vt 0.133332 0.035978
vt 0.156141 0.001484
vt 0.145944 0.004819
vt 0.266142 0.000000
vt 0.276484 0.000000
vt 0.276484 0.007504
vt 0.266142 0.007504
vt 0.276484 0.017701
vt 0.266142 0.017701
vt 0.276484 0.029821
vt 0.266142 0.029821
vt 0.109986 0.001389
vt 0.120183 0.004710
vt 0.127687 0.011306
vt 0.131470 0.020272
vt 0.132809 0.030932
vt 0.096769 0.873121
vt 0.097310 0.878524
vt 0.169372 0.878117
vt 0.169357 0.873198
vt 0.168832 0.888441
vt 0.168276 0.893845
vt 0.097866 0.888847
vt 0.097881 0.893767
vt 0.109986 0.887661
vt 0.110001 0.892580
vt 0.120183 0.884326
vt 0.120198 0.889246
vt 0.276484 1.000000
vt 0.266142 1.000000
vt 0.266142 0.992496
vt 0.276484 0.992496
vt 0.266142 0.982299
vt 0.276484 0.982299
vt 0.266142 0.970179
vt 0.276484 0.970179
vt 0.156156 0.892676
vt 0.158146 0.887451
vt 0.145959 0.889355
vt 0.150747 0.885149
vt 0.138455 0.882759
vt 0.146036 0.881009
vt 0.134672 0.873793
vt 0.143414 0.874503
vt 0.133332 0.863133
vt 0.142280 0.865104
vt 0.160121 0.877307
vt 0.155520 0.876024
vt 0.153603 0.874339
vt 0.152141 0.870293
vt 0.151212 0.862156
vt 0.160106 0.872387
vt 0.155505 0.871104
vt 0.286826 0.969704
vt 0.276484 0.969704
vt 0.276484 0.967786
vt 0.286826 0.967786
vt 0.276484 0.963186
vt 0.286826 0.963186
vt 0.276484 0.953934
vt 0.286826 0.953934
vt 0.106021 0.872297
vt 0.107996 0.877519
vt 0.110621 0.871008
vt 0.115394 0.875207
vt 0.112539 0.869320
vt 0.120105 0.871060
vt 0.114001 0.865272
vt 0.122728 0.864550
vt 0.114930 0.857134
vt 0.123862 0.855150
vt 0.127687 0.877720
vt 0.131470 0.868748
vt 0.132809 0.858086
vt 1.593126 0.627048
vt 2.221668 0.627048
vt 2.221668 0.638272
vt 1.593126 0.638272
vt 2.221668 0.643884
vt 1.593126 0.643884
vt 0.964585 0.621436
vt 1.593126 0.621436
vt 0.964585 0.627048
vt 0.964585 0.638272
vt 0.785000 0.631156
vt 0.790612 0.621436
vt 0.801836 0.621436
vt 0.807448 0.631156
vt 0.801836 0.640876
vt 0.790612 0.640876
vt 0.964585 0.643884
vt 2.221668 0.621436
vt 0.768164 0.621436
vt 0.779388 0.621436
vt 0.779388 0.640876
vt 0.768164 0.640876
vt 0.762553 0.631156
vt -2.178130 0.604600
vt -1.549588 0.604600
vt -1.549588 0.615824
vt -2.178130 0.615824
vt -1.549588 0.621436
vt -2.178130 0.621436
vt -2.806672 0.598988
vt -2.178130 0.598988
vt -2.806672 0.604600
vt -2.806672 0.615824
vt 0.515624 0.631156
vt 0.521236 0.621436
vt 0.532460 0.621436
vt 0.538072 0.631156
vt 0.532460 0.640876
vt 0.521236 0.640876
vt -2.806672 0.621436
vt -1.549588 0.598988
vt 0.835508 0.621436
vt 0.846732 0.621436
vt 0.852344 0.631156
vt 0.846732 0.640876
vt 0.835508 0.640876
vt 0.829896 0.631156
vt 3.478751 0.627048
vt 4.107293 0.627048
vt 4.107293 0.638271
vt 3.478751 0.638271
vt 4.107293 0.643883
vt 3.478751 0.643884
vt 2.850211 0.621436
vt 3.478751 0.621436
vt 2.850211 0.627048
vt 2.850211 0.638271
vt 0.740105 0.631156
vt 0.745717 0.621436
vt 0.756940 0.621436
vt 0.756940 0.640876
vt 0.745717 0.640876
vt 2.850211 0.643884
vt 4.107293 0.621436
vt 0.498789 0.621436
vt 0.510012 0.621436
vt 0.515625 0.631156
vt 0.510012 0.640876
vt 0.498789 0.640876
vt 0.493176 0.631156
vt 3.478753 0.604600
vt 4.107293 0.604600
vt 4.107293 0.615823
vt 3.478751 0.615824
vt 4.107293 0.621435
vt 2.850211 0.638272
vt 0.925300 0.640876
vt 0.919688 0.631156
vt 0.925300 0.621436
vt 0.936524 0.621436
vt 0.942136 0.631156
vt 0.936524 0.640876
vt 3.478751 0.598988
vt 4.107293 0.598988
vt 0.813060 0.621436
vt 0.824284 0.621436
vt 0.829896 0.631156
vt 0.824284 0.640876
vt 0.813060 0.640876
vt -0.921045 0.604600
vt -0.292502 0.604600
vt -0.292502 0.615824
vt -0.921045 0.615824
vt -0.292502 0.621436
vt -0.921045 0.621436
vt -1.549588 0.598988
vt -0.921045 0.598988
vt -1.549588 0.604600
vt -1.549588 0.615824
vt 0.717656 0.631156
vt 0.723268 0.621436
vt 0.734492 0.621436
vt 0.740105 0.631156
vt 0.734492 0.640876
vt 0.723268 0.640876
vt -1.549588 0.621436
vt -0.292502 0.598988
vt 0.700820 0.621436
vt 0.712044 0.621436
vt 0.717656 0.631156
vt 0.712044 0.640876
vt 0.700820 0.640876
vt 0.695208 0.631156
vt 2.850210 0.604600
vt 3.478753 0.615823
vt 2.850210 0.615823
vt 3.478753 0.621436
vt 2.850210 0.621436
vt 2.221667 0.598988
vt 2.850210 0.598988
vt 2.221667 0.604600
vt 2.221667 0.615824
vt 0.678372 0.640876
vt 0.672760 0.631156
vt 0.678372 0.621436
vt 0.689596 0.621436
vt 0.695208 0.631156
vt 0.689596 0.640876
vt 2.221667 0.621436
vt 3.478753 0.598988
vt 0.453892 0.621436
vt 0.465116 0.621436
vt 0.470728 0.631156
vt 0.465116 0.640876
vt 0.453892 0.640876
vt 0.448280 0.631156
vt 1.593124 0.604600
vt 1.593124 0.615824
vt 1.593124 0.621436
vt 0.964582 0.598988
vt 1.593124 0.598988
vt 0.964582 0.604600
vt 0.964582 0.615824
vt 0.425833 0.631156
vt 0.431445 0.621436
vt 0.442668 0.621436
vt 0.448280 0.631156
vt 0.442668 0.640876
vt 0.431445 0.640876
vt 0.964582 0.621436
vt 0.650312 0.631156
vt 0.655924 0.621436
vt 0.667148 0.621436
vt 0.667148 0.640876
vt 0.655924 0.640876
vt 0.336039 0.604600
vt 0.336039 0.615824
vt 0.336039 0.621436
vt -0.292503 0.598988
vt 0.336039 0.598988
vt 0.336039 0.604600
vt -0.292503 0.604600
vt -0.292503 0.615824
vt 0.902852 0.640876
vt 0.897240 0.631156
vt 0.902852 0.621436
vt 0.914076 0.621436
vt 0.914076 0.640876
vt -0.292503 0.621436
vt 0.874793 0.631156
vt 0.880404 0.621436
vt 0.891628 0.621436
vt 0.891628 0.640876
vt 0.880404 0.640876
vt -3.076043 0.469912
vt 4.107293 0.469912
vt 4.107293 0.481136
vt -3.076043 0.481137
vt 4.107293 0.486748
vt -3.076043 0.486749
vt -3.076043 0.486749
vt 4.107293 0.492360
vt -3.076043 0.492360
vt 4.107293 0.503584
vt -3.076043 0.503585
vt 0.470728 0.631156
vt 0.476340 0.621436
vt 0.487564 0.621436
vt 0.493177 0.631156
vt 0.487564 0.640876
vt 0.476340 0.640876
vt 4.107293 0.509196
vt -3.076043 0.509197
vt -3.076043 0.464301
vt 4.107293 0.464300
vt 0.627865 0.631156
vt 0.633477 0.621436
vt 0.644700 0.621436
vt 0.644700 0.640876
vt 0.633477 0.640876
vt -3.076043 0.425016
vt 4.107293 0.425016
vt 4.107293 0.436240
vt -3.076043 0.436241
vt 4.107293 0.441852
vt -3.076043 0.441853
vt -3.076043 0.441853
vt 4.107293 0.447464
vt -3.076043 0.447465
vt 4.107293 0.458688
vt -3.076043 0.458689
vt 0.611028 0.640876
vt 0.605416 0.631156
vt 0.611028 0.621436
vt 0.622252 0.621436
vt 0.622252 0.640876
vt -3.076043 0.464301
vt -3.076043 0.419405
vt 4.107293 0.419404
vt 0.582968 0.631156
vt 0.588580 0.621436
vt 0.599804 0.621436
vt 0.599804 0.640876
vt 0.588580 0.640876
vt -3.076043 0.514808
vt 4.107293 0.514808
vt 4.107293 0.526032
vt -3.076043 0.526032
vt 4.107293 0.531644
vt -3.076043 0.531645
vt -3.076043 0.531645
vt 4.107293 0.537256
vt -3.076043 0.537256
vt 4.107293 0.548480
vt -3.076043 0.548480
vt 0.566132 0.640876
vt 0.560520 0.631156
vt 0.566132 0.621436
vt 0.577356 0.621436
vt 0.577356 0.640876
vt 4.107293 0.554092
vt -3.076043 0.554092
vt -3.076043 0.509197
vt 0.538072 0.631156
vt 0.543684 0.621436
vt 0.554908 0.621436
vt 0.554908 0.640876
vt 0.543684 0.640876
vt -3.076043 0.559704
vt 4.107293 0.559704
vt 4.107293 0.570928
vt -3.076041 0.570928
vt 4.107293 0.576540
vt -3.076043 0.576540
vt -3.076043 0.576540
vt 4.107293 0.582152
vt -3.076043 0.582152
vt 4.107293 0.593375
vt -3.076043 0.593376
vt 0.857957 0.640876
vt 0.852344 0.631156
vt 0.857957 0.621436
vt 0.869181 0.621436
vt 0.869181 0.640876
vt -3.076043 0.598988
vt -3.076043 0.554092
vt 0.947748 0.621436
vt 0.958972 0.621436
vt 0.964585 0.631156
vt 0.958972 0.640876
vt 0.947748 0.640876
vt 0.070623 0.817896
vt 0.070623 0.922986
vt 0.070039 0.926517
vt 0.069138 0.818042
vt 0.858076 0.820461
vt 0.858076 0.928434
vt 0.853063 0.932009
vt 0.852163 0.819472
vt 0.129100 0.922986
vt 0.129685 0.926517
vt 0.916553 0.820461
vt 0.922466 0.819472
vt 0.129100 0.817896
vt 0.130585 0.818042
vt 0.916553 0.928434
vt 0.921566 0.932009
vt 0.817139 0.580046
vt 0.817139 0.521569
vt 0.818183 0.520084
vt 0.818183 0.581531
vt 0.790210 0.821877
vt 0.790210 0.880355
vt 0.785715 0.885367
vt 0.785715 0.816865
vt 0.940212 0.991074
vt 0.954079 0.844462
vt 0.957957 0.841893
vt 0.942150 0.998969
vt 0.902014 0.202642
vt 0.760297 0.162597
vt 0.749066 0.154961
vt 0.902236 0.198936
vt 0.940212 0.819660
vt 0.940355 0.812076
vt 0.920130 0.224534
vt 0.930234 0.231977
vt 0.319816 0.822656
vt 0.320315 0.925056
vt 0.318238 0.925888
vt 0.318238 0.817896
vt 0.786085 0.193760
vt 0.783119 0.198434
vt 0.584600 0.278339
vt 0.584868 0.238893
vt 0.586679 0.231977
vt 0.586679 0.278857
vt 0.772437 0.959684
vt 0.772816 0.818069
vt 0.774581 0.816865
vt 0.774581 0.962169
vt 0.063808 0.911353
vt 0.063808 0.818763
vt 0.069138 0.817896
vt 0.068611 0.916324
vt 0.792418 0.521778
vt 0.792418 0.580255
vt 0.790110 0.581949
vt 0.790110 0.520084
vt 0.005331 0.911353
vt 0.000527 0.916324
vt 0.772058 0.818069
vt 0.772437 0.959684
vt 0.770293 0.962169
vt 0.770293 0.816865
vt 0.005331 0.818763
vt 0.000000 0.817896
vt 0.806787 0.521251
vt 0.806787 0.579728
vt 0.803421 0.580895
vt 0.803421 0.520084
vt 0.799019 0.880672
vt 0.799019 0.822195
vt 0.803423 0.816865
vt 0.803423 0.886003
vt 0.320315 0.925056
vt 0.320815 0.822656
vt 0.322393 0.817896
vt 0.322393 0.925888
vt 0.191273 0.810453
vt 0.325318 0.779679
vt 0.328283 0.784354
vt 0.181168 0.817896
vt 0.462328 0.820692
vt 0.448461 0.845494
vt 0.444582 0.842925
vt 0.462184 0.813108
vt 0.209389 0.788562
vt 0.209166 0.784855
vt 0.462328 0.992106
vt 0.460389 1.000000
vt 0.351106 0.748516
vt 0.362337 0.740881
vt 0.584333 0.238893
vt 0.584601 0.278339
vt 0.582522 0.278857
vt 0.582522 0.231977
vt 0.579820 0.279923
vt 0.578353 0.234587
vt 0.580444 0.231977
vt 0.580444 0.280432
vt 0.526042 0.886999
vt 0.481443 0.886999
vt 0.475868 0.881986
vt 0.530484 0.881668
vt 0.809542 0.521251
vt 0.809542 0.579728
vt 0.806787 0.580895
vt 0.806787 0.520084
vt 0.526042 0.945476
vt 0.530484 0.950807
vt 0.569988 0.234587
vt 0.568520 0.279923
vt 0.567897 0.280432
vt 0.567897 0.231977
vt 0.481443 0.945476
vt 0.475868 0.950489
vt 0.819003 0.521569
vt 0.819003 0.580046
vt 0.818183 0.581531
vt 0.818183 0.520084
vt 0.155231 0.109427
vt 0.185238 0.109427
vt 0.189299 0.113121
vt 0.155459 0.114231
vt 0.184882 0.808867
vt 0.204499 0.785161
vt 0.308094 0.967086
vt 0.308351 0.818256
vt 0.309591 0.817896
vt 0.309591 0.970727
vt 0.957444 0.035978
vt 0.974293 0.218591
vt 0.969738 0.227188
vt 0.952264 0.035153
vt 0.605790 0.232396
vt 0.605790 0.263166
vt 0.604117 0.267385
vt 0.604627 0.231977
vt 0.973189 0.010145
vt 0.974293 0.000000
vt 0.004518 0.000000
vt 0.000000 0.000058
vt 0.181169 0.595292
vt 0.184018 0.585919
vt 0.600639 0.234076
vt 0.600639 0.266475
vt 0.599737 0.267385
vt 0.599227 0.231977
vt 0.409002 0.877770
vt 0.440599 0.877770
vt 0.444582 0.883731
vt 0.403459 0.883216
vt 0.992039 0.286940
vt 0.992039 0.001051
vt 0.992851 0.000000
vt 0.992851 0.287991
vt 0.409002 0.591881
vt 0.403459 0.586435
vt 0.603215 0.266475
vt 0.603215 0.234076
vt 0.440599 0.591881
vt 0.444582 0.585919
vt 0.987074 0.574531
vt 0.987074 0.288643
vt 0.989378 0.288107
vt 0.989378 0.575067
vt 0.185238 0.178680
vt 0.155231 0.178680
vt 0.155459 0.173877
vt 0.189299 0.174986
vt 0.906904 0.199242
vt 0.926521 0.222947
vt 0.004518 0.288107
vt 0.000000 0.288049
vt 0.930234 0.009372
vt 0.927384 -0.000000
vt 0.598064 0.263166
vt 0.598064 0.232396
vt 0.947084 0.035978
vt 0.931339 0.010145
vt 0.930234 0.000000
vt 0.310831 0.818256
vt 0.311088 0.967086
vt 0.309591 0.970727
vt 0.309591 0.817896
vt 0.930234 0.218591
vt 0.934789 0.227188
vt 0.788147 0.581694
vt 0.788147 0.520340
vt 0.470259 0.467690
vt 0.470259 0.406336
vt 0.475867 0.402971
vt 0.475867 0.471055
vt 0.964768 0.973731
vt 0.964687 0.814769
vt 0.966525 0.812076
vt 0.966525 0.974660
vt 0.319190 0.577376
vt 0.317245 0.585919
vt 0.992963 0.291225
vt 0.992963 0.571950
vt 0.993773 0.593431
vt 0.993773 0.874157
vt 0.990160 0.882700
vt 0.990160 0.584888
vt 0.964687 0.814769
vt 0.964606 0.973731
vt 0.962848 0.974660
vt 0.962848 0.812076
vt 0.319190 0.296651
vt 0.317245 0.288107
vt 0.151454 0.174731
vt 0.151454 0.113377
vt 0.856637 0.816302
vt 0.917992 0.816302
vt 0.000385 0.003691
vt 0.778799 0.296135
vt 0.631288 0.405821
vt 0.629872 0.401346
vt 0.783876 0.288107
vt 0.474032 0.589552
vt 0.474032 0.870278
vt 0.472501 0.873911
vt 0.472501 0.585919
vt 0.778799 0.576860
vt 0.783876 0.584888
vt 0.000385 0.284416
vt 0.631288 0.467175
vt 0.629872 0.471649
vt 0.132070 0.817896
vt 0.132070 0.922986
vt 0.131485 0.926517
vt 0.130585 0.818042
vt 0.858076 0.589047
vt 0.858076 0.697020
vt 0.853063 0.700595
vt 0.852163 0.588058
vt 0.190547 0.922986
vt 0.191131 0.926517
vt 0.916553 0.589047
vt 0.922466 0.588058
vt 0.190547 0.817896
vt 0.192031 0.818042
vt 0.916553 0.697020
vt 0.921566 0.700595
vt 0.815051 0.580046
vt 0.815051 0.521569
vt 0.816095 0.520084
vt 0.816095 0.581531
vt 0.781220 0.821877
vt 0.781220 0.880355
vt 0.776725 0.885367
vt 0.776725 0.816865
vt 0.966525 0.950778
vt 0.980392 0.804167
vt 0.984271 0.801597
vt 0.968464 0.958673
vt 0.720846 0.202642
vt 0.579129 0.162597
vt 0.567897 0.154961
vt 0.721068 0.198936
vt 0.966525 0.779365
vt 0.966669 0.771780
vt 0.738961 0.224534
vt 0.749066 0.231977
vt 0.315660 0.822656
vt 0.316160 0.925056
vt 0.314082 0.925888
vt 0.314082 0.817896
vt 0.604917 0.193760
vt 0.601951 0.198434
vt 0.580444 0.278339
vt 0.580711 0.238893
vt 0.582522 0.231977
vt 0.582522 0.278857
vt 0.957957 0.954896
vt 0.958336 0.813280
vt 0.960102 0.812076
vt 0.960102 0.957381
vt 0.762818 0.910321
vt 0.762818 0.817732
vt 0.768149 0.816865
vt 0.767621 0.915292
vt 0.796689 0.521778
vt 0.796689 0.580255
vt 0.794381 0.581949
vt 0.794381 0.520084
vt 0.704341 0.910321
vt 0.699537 0.915292
vt 0.466233 0.814311
vt 0.466612 0.955927
vt 0.464468 0.958412
vt 0.464468 0.813107
vt 0.704341 0.817732
vt 0.699010 0.816865
vt 0.800055 0.521251
vt 0.800055 0.579728
vt 0.796689 0.580895
vt 0.796689 0.520084
vt 0.790210 0.880672
vt 0.790210 0.822195
vt 0.794615 0.816865
vt 0.794615 0.886003
vt 0.316160 0.925056
vt 0.316660 0.822656
vt 0.639976 0.809422
vt 0.774021 0.778648
vt 0.776987 0.783322
vt 0.629872 0.816865
vt 0.992039 0.007584
vt 0.978172 0.032386
vt 0.974293 0.029817
vt 0.991895 0.000000
vt 0.658092 0.787530
vt 0.657870 0.783824
vt 0.992039 0.178998
vt 0.990101 0.186892
vt 0.799809 0.747485
vt 0.811040 0.739849
vt 0.592647 0.238893
vt 0.592914 0.278339
vt 0.590836 0.278857
vt 0.590836 0.231977
vt 0.571456 0.279923
vt 0.569988 0.234587
vt 0.572079 0.231977
vt 0.572079 0.280432
vt 0.303652 0.823227
vt 0.259054 0.823227
vt 0.253478 0.818214
vt 0.308094 0.817896
vt 0.815051 0.521251
vt 0.815051 0.579728
vt 0.812296 0.580895
vt 0.812296 0.520084
vt 0.303652 0.881704
vt 0.308094 0.887035
vt 0.578353 0.234587
vt 0.576885 0.279923
vt 0.576262 0.280432
vt 0.576262 0.231977
vt 0.259054 0.881704
vt 0.253478 0.886717
vt 0.819823 0.521569
vt 0.819823 0.580046
vt 0.819003 0.581531
vt 0.819003 0.520084
vt 0.344530 0.109427
vt 0.374537 0.109427
vt 0.378598 0.113121
vt 0.344758 0.114231
vt 0.633585 0.807835
vt 0.653202 0.784130
vt 0.808046 0.966054
vt 0.808303 0.817225
vt 0.809543 0.816865
vt 0.809543 0.969695
vt 0.970224 0.324086
vt 0.987074 0.506698
vt 0.982519 0.515295
vt 0.965044 0.323261
vt 0.598064 0.232396
vt 0.598064 0.263166
vt 0.596392 0.267385
vt 0.596902 0.231977
vt 0.985969 0.298252
vt 0.987074 0.288107
vt 0.193817 0.000000
vt 0.189299 0.000058
vt 0.629872 0.594260
vt 0.632722 0.584888
vt 0.608365 0.234076
vt 0.608365 0.266475
vt 0.607462 0.267385
vt 0.606952 0.231977
vt 0.816583 0.876738
vt 0.848180 0.876738
vt 0.852163 0.882700
vt 0.811040 0.882184
vt 0.998198 0.585939
vt 0.998198 0.871828
vt 0.997386 0.872879
vt 0.997386 0.584888
vt 0.816583 0.590850
vt 0.811040 0.585404
vt 0.595489 0.266475
vt 0.595489 0.234076
vt 0.848180 0.590850
vt 0.852163 0.584888
vt 0.984271 0.871312
vt 0.984271 0.585424
vt 0.986575 0.584888
vt 0.986575 0.871848
vt 0.374537 0.178680
vt 0.344530 0.178680
vt 0.344758 0.173877
vt 0.378598 0.174986
vt 0.725736 0.199242
vt 0.745352 0.222947
vt 0.193817 0.288107
vt 0.189299 0.288049
vt 0.749066 0.009372
vt 0.746216 0.000000
vt 0.605790 0.263166
vt 0.605790 0.232396
vt 0.961346 0.620866
vt 0.945600 0.595033
vt 0.944496 0.584888
vt 0.966525 0.620041
vt 0.810783 0.817225
vt 0.811040 0.966054
vt 0.809543 0.969695
vt 0.809543 0.816865
vt 0.944496 0.803479
vt 0.949051 0.812076
vt 0.792418 0.581694
vt 0.792418 0.520340
vt 0.311637 0.467690
vt 0.311637 0.406336
vt 0.317245 0.402971
vt 0.317245 0.471055
vt 0.462710 0.974762
vt 0.462629 0.815800
vt 0.464468 0.813108
vt 0.464468 0.975691
vt 0.160568 0.577376
vt 0.158623 0.585919
vt 0.990160 0.588005
vt 0.990160 0.868730
vt 0.996576 0.285798
vt 0.996576 0.566524
vt 0.992963 0.575067
vt 0.992963 0.277255
vt 0.805262 0.819557
vt 0.805181 0.978520
vt 0.803423 0.979449
vt 0.803423 0.816865
vt 0.160568 0.296651
vt 0.158623 0.288107
vt 0.340754 0.174731
vt 0.340754 0.113377
vt 0.856637 0.584888
vt 0.917992 0.584888
vt 0.189684 0.003691
vt 0.480944 0.873641
vt 0.628455 0.763955
vt 0.629872 0.768430
vt 0.475867 0.881668
vt 0.475563 0.589552
vt 0.475563 0.870278
vt 0.474032 0.873911
vt 0.474032 0.585919
vt 0.480944 0.592915
vt 0.475867 0.584888
vt 0.189684 0.284416
vt 0.628455 0.702601
vt 0.629872 0.698126
vt 0.193516 0.817896
vt 0.193516 0.922986
vt 0.192932 0.926517
vt 0.192031 0.818042
vt 0.858076 0.704754
vt 0.858076 0.812727
vt 0.853063 0.816302
vt 0.852163 0.703765
vt 0.251993 0.922986
vt 0.252578 0.926517
vt 0.916553 0.704754
vt 0.922466 0.703765
vt 0.251993 0.817896
vt 0.253478 0.818042
vt 0.916553 0.812727
vt 0.921566 0.816302
vt 0.816095 0.580046
vt 0.816095 0.521569
vt 0.817139 0.520084
vt 0.817139 0.581531
vt 0.785715 0.821877
vt 0.785715 0.880355
vt 0.781220 0.885367
vt 0.781220 0.816865
vt 0.966525 0.763886
vt 0.980392 0.617274
vt 0.984271 0.614705
vt 0.968464 0.771780
vt 0.936824 0.490749
vt 0.795107 0.450704
vt 0.783876 0.443069
vt 0.937046 0.487043
vt 0.966525 0.592472
vt 0.966669 0.584888
vt 0.954940 0.512641
vt 0.965044 0.520084
vt 0.323971 0.822656
vt 0.324471 0.925056
vt 0.322393 0.925888
vt 0.322393 0.817896
vt 0.820895 0.481867
vt 0.817929 0.486542
vt 0.586679 0.278339
vt 0.586946 0.238893
vt 0.588757 0.231977
vt 0.588757 0.278857
vt 0.768149 0.959684
vt 0.768527 0.818069
vt 0.770293 0.816865
vt 0.770293 0.962169
vt 0.693680 0.910321
vt 0.693680 0.817732
vt 0.699010 0.816865
vt 0.698483 0.915292
vt 0.788147 0.521778
vt 0.788147 0.580255
vt 0.785839 0.581949
vt 0.785839 0.520084
vt 0.635202 0.910321
vt 0.630399 0.915292
vt 0.776346 0.818069
vt 0.776725 0.959684
vt 0.774581 0.962169
vt 0.774581 0.816865
vt 0.635202 0.817732
vt 0.629872 0.816865
vt 0.803421 0.521251
vt 0.803421 0.579728
vt 0.800055 0.580895
vt 0.800055 0.520084
vt 0.794615 0.880672
vt 0.794615 0.822195
vt 0.799019 0.816865
vt 0.799019 0.886003
vt 0.324471 0.925056
vt 0.324971 0.822656
vt 0.326549 0.817896
vt 0.326549 0.925888
vt 0.010104 0.810453
vt 0.144149 0.779679
vt 0.147115 0.784354
vt -0.000000 0.817896
vt 0.940212 0.819660
vt 0.926345 0.844462
vt 0.922466 0.841893
vt 0.940068 0.812076
vt 0.028220 0.788561
vt 0.027998 0.784855
vt 0.940212 0.991074
vt 0.938273 0.998968
vt 0.169937 0.748516
vt 0.181168 0.740881
vt 0.590568 0.238893
vt 0.590836 0.278339
vt 0.588757 0.278857
vt 0.588757 0.231977
vt 0.573547 0.279923
vt 0.572079 0.234587
vt 0.574170 0.231977
vt 0.574170 0.280432
vt 0.580659 0.886999
vt 0.536060 0.886999
vt 0.530484 0.881986
vt 0.585100 0.881668
vt 0.812296 0.521251
vt 0.812296 0.579728
vt 0.809542 0.580895
vt 0.809542 0.520084
vt 0.580659 0.945476
vt 0.585100 0.950807
vt 0.576262 0.234587
vt 0.574794 0.279923
vt 0.574170 0.231977
vt 0.536060 0.945476
vt 0.530484 0.950489
vt 0.820643 0.521569
vt 0.820643 0.580046
vt 0.819823 0.581531
vt 0.819823 0.520084
vt 0.533829 0.109427
vt 0.563836 0.109427
vt 0.567897 0.113121
vt 0.534057 0.114231
vt 0.003713 0.808867
vt 0.023330 0.785161
vt 0.311088 0.967086
vt 0.311345 0.818256
vt 0.312585 0.817896
vt 0.312585 0.970727
vt 0.927646 0.620866
vt 0.944496 0.803479
vt 0.939941 0.812076
vt 0.922466 0.620041
vt 0.603215 0.232396
vt 0.603215 0.263166
vt 0.601542 0.267385
vt 0.602052 0.231977
vt 0.943391 0.595033
vt 0.944496 0.584888
vt 0.383116 0.000000
vt 0.378598 0.000058
vt -0.000000 0.595292
vt 0.002850 0.585919
vt 0.595489 0.234076
vt 0.595489 0.266475
vt 0.594587 0.267385
vt 0.594077 0.231977
vt 0.367880 0.877770
vt 0.399477 0.877770
vt 0.403459 0.883731
vt 0.362337 0.883216
vt 0.998919 0.278307
vt 0.998919 0.564195
vt 0.998107 0.565246
vt 0.998107 0.277255
vt 0.367880 0.591881
vt 0.362337 0.586435
vt 0.600640 0.266475
vt 0.600640 0.234076
vt 0.399477 0.591881
vt 0.403459 0.585919
vt 0.466612 0.872343
vt 0.466612 0.586455
vt 0.468915 0.585919
vt 0.468915 0.872879
vt 0.563836 0.178680
vt 0.533829 0.178680
vt 0.534057 0.173877
vt 0.567897 0.174986
vt 0.941714 0.487349
vt 0.961331 0.511055
vt 0.383116 0.288107
vt 0.378598 0.288049
vt 0.965044 0.297480
vt 0.962194 0.288107
vt 0.592914 0.263166
vt 0.592914 0.232396
vt 0.461432 0.621898
vt 0.445687 0.596064
vt 0.444582 0.585919
vt 0.466612 0.621073
vt 0.313825 0.818256
vt 0.314082 0.967086
vt 0.312585 0.970727
vt 0.312585 0.817896
vt 0.444582 0.804510
vt 0.449137 0.813108
vt 0.783876 0.581694
vt 0.783876 0.520340
vt 0.153014 0.467690
vt 0.153014 0.406336
vt 0.158623 0.402971
vt 0.158623 0.471055
vt 0.805342 0.978520
vt 0.805262 0.819557
vt 0.807100 0.816865
vt 0.807100 0.979449
vt 0.001945 0.577376
vt -0.000000 0.585919
vt 0.472501 0.589037
vt 0.472501 0.869762
vt 0.997386 0.593431
vt 0.997386 0.874157
vt 0.993773 0.882700
vt 0.993773 0.584888
vt 0.962848 0.814769
vt 0.962768 0.973731
vt 0.961010 0.974660
vt 0.961010 0.812076
vt 0.001945 0.296651
vt -0.000000 0.288107
vt 0.530053 0.174731
vt 0.530053 0.113377
vt 0.856637 0.700595
vt 0.917992 0.700595
vt 0.378983 0.003691
vt 0.480944 0.576860
vt 0.628455 0.467175
vt 0.629872 0.471649
vt 0.998107 0.280888
vt 0.998107 0.561613
vt 0.996576 0.565246
vt 0.996576 0.277255
vt 0.480944 0.296135
vt 0.475867 0.288107
vt 0.378983 0.284416
vt 0.628455 0.405821
vt 0.205450 0.060286
vt 0.205450 0.357894
vt 0.114604 0.357894
vt 0.114604 0.060287
vt 0.069181 0.343360
vt 0.069181 0.045753
vt 0.711954 0.439196
vt 0.711955 0.163517
vt 0.754030 0.150054
vt 0.754030 0.425732
vt 0.838182 0.150054
vt 0.838182 0.425733
vt 0.087350 0.485658
vt 0.014673 0.462403
vt 0.880259 0.163517
vt 0.880258 0.439196
vt 0.250873 0.045753
vt 0.250873 0.343360
vt 0.823014 0.704306
vt 0.733591 0.755934
vt 0.644169 0.704306
vt 0.644169 0.601050
vt 0.733591 0.549422
vt 0.823014 0.601050
vt 0.318649 0.721176
vt 0.318649 0.561850
vt 0.456629 0.482187
vt 0.594609 0.561850
vt 0.594609 0.721176
vt 0.456629 0.800839
vt 0.863428 0.031704
vt 0.930750 0.053245
vt 0.232703 0.485658
vt 0.661463 0.053245
vt 0.728785 0.031704
vt 0.305380 0.462403
vt 0.117239 0.931992
vt 0.072576 0.946282
vt 0.072576 0.653650
vt 0.117239 0.639360
vt 0.402408 0.055744
vt 0.441506 0.068254
vt 0.441506 0.324422
vt 0.402408 0.311912
vt 0.519703 0.068254
vt 0.519703 0.324422
vt 0.558801 0.055744
vt 0.558801 0.311912
vt 0.418047 0.434396
vt 0.355490 0.414380
vt 0.251230 0.946282
vt 0.206566 0.931991
vt 0.206566 0.639359
vt 0.251230 0.653650
vt 0.362758 0.593689
vt 0.452180 0.542061
vt 0.541602 0.593690
vt 0.541602 0.696946
vt 0.452180 0.748574
vt 0.362758 0.696945
vt 0.870575 0.721175
vt 0.732595 0.800838
vt 0.594615 0.721175
vt 0.594615 0.561850
vt 0.732595 0.482187
vt 0.870575 0.561850
vt 0.233364 0.513732
vt 0.304826 0.536598
vt 0.018979 0.536597
vt 0.090441 0.513731
vt 0.543161 0.434395
vt 0.605719 0.414380
vt 0.278857 0.773666
vt 0.131518 0.773666
vt 0.131518 0.476334
vt 0.278857 0.476334
vt 0.615867 0.792469
vt 0.497307 0.834812
vt 0.497307 0.496070
vt 0.615867 0.538413
vt 0.425567 0.348752
vt 0.278228 0.348752
vt 0.278228 0.051420
vt 0.425567 0.051420
vt 0.731836 0.790067
vt 0.618162 0.830665
vt 0.618162 0.505883
vt 0.731836 0.546480
vt 0.600937 0.033413
vt 0.600938 0.330743
vt 0.303606 0.330743
vt 0.303605 0.033414
vt 0.273666 1.996024
vt 0.273666 2.392466
vt -0.023666 2.392466
vt -0.023666 1.996024
vt 1.744324 -0.023666
vt 1.744324 0.273666
vt 1.596985 0.273666
vt 1.596985 -0.023666
vt 0.850885 0.541173
vt 0.850885 0.795230
vt 0.732325 0.837572
vt 0.732325 0.498830
vt 0.193953 0.726334
vt 0.193953 1.023666
vt 0.046614 1.023666
vt 0.046614 0.726334
vt 0.865638 0.045453
vt 0.865638 0.289041
vt 0.751963 0.329638
vt 0.751964 0.004855
vt 0.600937 0.328307
vt 0.303605 0.328307
vt 0.303605 0.030974
vt 0.600937 0.030975
vt 0.523666 2.644903
vt 0.226334 2.644903
vt 0.226334 2.248460
vt 0.523666 2.248460
vt 0.322432 0.415591
vt 0.175093 0.415590
vt 0.175093 0.118259
vt 0.322432 0.118259
vt 0.365670 0.875840
vt 0.247110 0.918183
vt 0.247110 0.579442
vt 0.365670 0.621784
vt 0.439074 0.458137
vt 0.291736 0.458137
vt 0.291736 0.160805
vt 0.439074 0.160805
vt 0.615624 0.786206
vt 0.501950 0.826802
vt 0.501950 0.502019
vt 0.615623 0.542618
vt 0.350937 0.240528
vt 0.350937 0.537860
vt 0.053605 0.537859
vt 0.053605 0.240527
vt 0.273666 2.455575
vt 0.273666 2.852017
vt -0.023666 2.852017
vt -0.023666 2.455575
vt 0.732882 -1.391973
vt 0.741955 -1.277260
vt 0.741754 -1.273247
vt 0.731212 -1.392034
vt 0.715372 2.872994
vt 0.717447 2.994441
vt 0.712465 2.998715
vt 0.709480 2.871590
vt 0.070852 -1.086294
vt 0.129324 -1.086287
vt 0.129903 -1.082311
vt 0.070263 -1.082319
vt 0.906546 2.893780
vt 0.846886 2.893955
vt 0.840915 2.892775
vt 0.912651 2.892551
vt -0.542666 -1.278173
vt -0.533482 -1.392702
vt -0.531786 -1.392722
vt -0.542458 -1.274158
vt 1.057183 2.994446
vt 1.059260 2.872998
vt 1.065155 2.871599
vt 1.062167 2.998723
vt 1.114712 0.580540
vt 1.114702 0.521948
vt 1.116156 0.520467
vt 1.116163 0.582032
vt -1.613344 0.822924
vt -1.613213 0.881369
vt -1.617980 0.886405
vt -1.618133 0.817940
vt 1.984653 4.008688
vt 2.018630 3.844917
vt 2.023576 3.841487
vt 1.985967 4.017065
vt -1.463500 -2.065323
vt -1.628406 -2.090418
vt -1.640879 -2.097152
vt -1.462716 -2.069656
vt 2.607283 3.942696
vt 2.593404 3.917646
vt 2.593533 3.907749
vt 2.611211 3.937239
vt -1.142494 -2.149695
vt -1.160123 -2.170461
vt -1.174216 -2.192242
vt -1.147937 -2.161514
vt 1.225717 2.562181
vt 1.214782 2.683880
vt 1.212731 2.685034
vt 1.224499 2.556431
vt -1.594534 -2.139585
vt -1.436536 -2.125738
vt -1.425560 -2.118926
vt -1.599058 -2.133675
vt 0.626173 -3.117579
vt 0.625485 -3.156691
vt 0.628203 -3.164639
vt 0.627918 -3.117577
vt -1.547554 -2.507528
vt -1.521603 -2.476127
vt -1.528231 -2.473195
vt -1.561581 -2.516465
vt 2.061220 3.816025
vt 2.077974 3.654417
vt 2.080388 3.652718
vt 2.063253 3.818457
vt -0.699597 -1.170323
vt -0.689885 -1.273204
vt -0.684053 -1.274617
vt -0.694990 -1.165138
vt 0.491714 0.521843
vt 0.491696 0.580313
vt 0.488491 0.582002
vt 0.488510 0.520143
vt 0.005368 -2.071601
vt 0.063845 -2.071814
vt 0.068648 -2.066706
vt 0.000564 -2.066457
vt -0.533159 3.652889
vt -0.516287 3.814384
vt -0.518337 3.816797
vt -0.535600 3.651165
vt 0.759030 -1.273205
vt 0.768737 -1.170337
vt 0.764129 -1.165149
vt 0.753197 -1.274614
vt -2.634711 0.522756
vt -2.634683 0.581306
vt -2.638213 0.582500
vt -2.638238 0.521613
vt 2.110464 0.880181
vt 2.110519 0.821764
vt 2.116360 0.816423
vt 2.116294 0.885490
vt -0.574127 2.683781
vt -0.585138 2.562109
vt -0.583916 2.556355
vt -0.572068 2.684927
vt 2.546453 -1.538671
vt 2.704806 -1.552876
vt 2.709446 -1.547065
vt 2.535549 -1.531917
vt -1.191032 3.919044
vt -1.204911 3.944084
vt -1.208824 3.938591
vt -1.191148 3.909113
vt 2.733257 -2.131558
vt 2.707897 -2.101632
vt 2.681502 -2.075734
vt 2.720751 -2.121833
vt -0.616473 3.847576
vt -0.582484 4.010900
vt -0.583802 4.019310
vt -0.621429 3.844181
vt 2.739432 -1.504220
vt 2.574250 -1.478795
vt 2.573412 -1.483072
vt 2.751869 -1.510920
vt 0.543798 -3.156544
vt 0.543112 -3.117437
vt 0.541368 -3.117428
vt 0.541084 -3.164486
vt 2.616919 -1.870711
vt 2.642776 -1.901995
vt 2.655725 -1.909627
vt 2.622126 -1.866056
vt 0.604478 3.768394
vt 0.603792 3.723053
vt 0.605986 3.720272
vt 0.605628 3.768875
vt -2.280637 0.842248
vt -2.299510 0.841821
vt -2.211008 0.837350
vt -2.167147 0.836858
vt 2.907768 0.521746
vt 2.907768 0.580388
vt 2.904500 0.581549
vt 2.904495 0.520566
vt -2.278731 0.945480
vt -2.279015 0.887040
vt -2.274128 0.881713
vt -2.273795 0.950806
vt 0.544478 3.723011
vt 0.543799 3.768379
vt 0.542651 3.768867
vt 0.542286 3.720245
vt -2.963350 0.993372
vt -2.922756 0.992859
vt -2.927084 0.998738
vt -2.975064 0.998258
vt -0.811878 0.522598
vt -0.811939 0.580936
vt -0.812935 0.582439
vt -0.812872 0.521137
vt -2.799933 0.889954
vt -2.799949 0.948478
vt -2.805583 0.953562
vt -2.805563 0.885005
vt -3.249469 0.157391
vt -3.219419 0.156958
vt -3.215496 0.161169
vt -3.249218 0.162123
vt 2.436836 -1.826404
vt 2.456500 -1.850266
vt 2.461112 -1.848277
vt 2.432987 -1.815591
vt -0.859838 -0.282109
vt -0.823045 -0.459527
vt -0.821473 -0.460128
vt -0.858981 -0.278147
vt 3.070534 -2.663991
vt 3.101624 -2.460344
vt 3.097488 -2.451258
vt 3.064871 -2.665547
vt 0.617064 3.755432
vt 0.616973 3.786537
vt 0.614675 3.785305
vt 0.615486 3.751160
vt 2.760105 -2.906829
vt 2.744375 -2.880970
vt 2.738850 -2.882710
vt 2.761021 -2.917727
vt -2.934993 0.613092
vt -2.762258 0.737140
vt -2.761905 0.741839
vt -2.939562 0.613203
vt 2.492613 -1.384682
vt 2.433377 -1.597328
vt 2.435256 -1.607029
vt 2.498274 -1.384589
vt 0.606676 3.670853
vt 0.606518 3.701771
vt 0.605254 3.698277
vt 0.605000 3.662945
vt -3.028136 0.875699
vt -2.989067 0.875676
vt -2.991243 0.881794
vt -3.041447 0.881149
vt 2.779999 0.282557
vt 2.774837 -0.004729
vt 2.775590 -0.005822
vt 2.780769 0.283572
vt -3.027569 0.591509
vt -3.027575 0.876836
vt -3.033113 0.882257
vt -3.033110 0.586054
vt 0.598941 3.404049
vt 0.598527 3.419651
vt 0.600104 3.428776
vt 0.600156 3.409668
vt -2.283422 0.594842
vt -2.250024 0.594907
vt -2.347247 0.589350
vt -2.403678 0.588576
vt -1.718885 0.571908
vt -1.715867 0.286605
vt -1.713350 0.286107
vt -1.716387 0.572479
vt -2.448892 0.878525
vt -2.446859 0.592749
vt -2.442694 0.586773
vt -2.444796 0.884469
vt -3.221064 0.131138
vt -3.251112 0.130706
vt -3.251243 0.125970
vt -3.217484 0.126924
vt -1.345497 -2.436876
vt -1.325835 -2.413017
vt -1.322020 -2.402250
vt -1.350148 -2.434946
vt -2.762153 -0.449131
vt -2.934929 -0.325053
vt -2.939486 -0.325167
vt -2.761807 -0.453835
vt -1.322372 -2.183550
vt -1.381280 -1.970014
vt -1.386939 -1.969897
vt -1.324262 -2.193263
vt 0.586889 3.777161
vt 0.586806 3.746075
vt 0.588383 3.742687
vt 0.589187 3.777187
vt -0.839757 -2.880901
vt -0.855479 -2.906757
vt -0.856407 -2.917667
vt -0.834248 -2.882654
vt 1.442743 -0.454187
vt 1.479902 -0.275128
vt 1.479041 -0.271248
vt 1.441158 -0.454885
vt -1.198645 -2.460152
vt -1.167197 -2.663799
vt -1.161484 -2.665357
vt -1.194477 -2.451068
vt 1.781164 0.582124
vt 1.781325 0.520507
vt 1.784028 0.520259
vt 1.783865 0.582390
vt -2.490343 0.467806
vt -2.490343 0.406469
vt -2.484257 0.403101
vt -2.484258 0.471166
vt 2.521427 -0.172056
vt 2.485106 -0.362691
vt 2.486790 -0.365693
vt 2.523754 -0.170583
vt -2.339881 0.074145
vt -2.163772 -0.045056
vt -2.157633 -0.041913
vt -2.342627 0.082990
vt -2.358768 0.291302
vt -2.358738 0.571905
vt -2.362417 0.575021
vt -2.362437 0.288186
vt 0.031482 0.593290
vt 0.031701 0.874063
vt 0.026795 0.882596
vt 0.026563 0.584735
vt -0.556925 -0.363767
vt -0.593432 -0.173155
vt -0.595786 -0.171696
vt -0.558628 -0.366782
vt -2.165212 0.919112
vt -2.341562 0.799778
vt -2.344250 0.790931
vt -2.159005 0.915971
vt -3.132235 0.174517
vt -3.132191 0.113175
vt -3.128137 0.114033
vt -3.128180 0.173667
vt 0.856654 0.154094
vt 0.917976 0.154095
vt 0.922449 0.158459
vt 0.852183 0.158458
vt -3.079339 0.744942
vt -3.248170 0.615645
vt -3.248504 0.612157
vt -3.075138 0.745574
vt 2.380917 -0.398231
vt 2.205986 -0.295367
vt 2.203703 -0.300072
vt 2.386770 -0.406050
vt 0.421166 0.589534
vt 0.421183 0.870338
vt 0.419061 0.873971
vt 0.419042 0.585898
vt 3.444653 0.576658
vt 3.444646 0.295823
vt 3.450339 0.287784
vt 3.450344 0.584679
vt -3.236432 -0.325393
vt -3.067051 -0.454327
vt -3.062958 -0.454978
vt -3.236955 -0.321943
vt 2.205986 1.168366
vt 2.380969 1.271239
vt 2.386812 1.279057
vt 2.203691 1.173069
vt 0.794662 -1.392182
vt 0.803848 -1.277427
vt 0.803641 -1.273414
vt 0.792964 -1.392234
vt 0.715372 2.641582
vt 0.717452 2.763032
vt 0.712468 2.767308
vt 0.709477 2.640181
vt 0.132251 -1.081827
vt 0.190723 -1.081827
vt 0.191303 -1.077964
vt 0.131663 -1.077963
vt 0.900182 2.606625
vt 0.842225 2.606995
vt 0.836477 2.606230
vt 0.906145 2.605808
vt -0.481178 -1.277166
vt -0.471986 -1.392020
vt -0.470288 -1.392086
vt -0.480968 -1.273151
vt 1.057181 2.763031
vt 1.059260 2.641583
vt 1.065158 2.640182
vt 1.062166 2.767306
vt 1.111708 0.580192
vt 1.111694 0.521741
vt 1.113136 0.520258
vt 1.113146 0.581677
vt -1.627424 0.822217
vt -1.627422 0.880687
vt -1.632311 0.885709
vt -1.632313 0.817213
vt 2.011348 3.968811
vt 2.045244 3.805308
vt 2.050205 3.801915
vt 2.012662 3.977209
vt -1.643129 -2.064054
vt -1.808244 -2.089309
vt -1.820657 -2.095994
vt -1.642271 -2.068330
vt 2.601123 3.843670
vt 2.587489 3.819067
vt 2.590137 3.813726
vt 2.608107 3.843735
vt -1.525926 -2.389301
vt -1.544257 -2.410904
vt -1.544654 -2.416462
vt -1.516698 -2.383744
vt 1.221782 2.562093
vt 1.210774 2.683916
vt 1.208708 2.685080
vt 1.220553 2.556343
vt -1.774897 -2.139182
vt -1.616584 -2.125105
vt -1.605657 -2.118320
vt -1.779509 -2.133327
vt 0.623393 -2.680794
vt 0.622677 -2.727221
vt 0.625471 -2.711422
vt 0.625187 -2.665392
vt -1.684079 -2.453435
vt -1.658451 -2.422422
vt -1.661188 -2.414771
vt -1.695135 -2.458771
vt 2.246273 3.810860
vt 2.263028 3.648871
vt 2.265447 3.647120
vt 2.248304 3.813253
vt -0.000629 -1.171346
vt 0.009080 -1.274228
vt 0.014915 -1.275649
vt 0.003981 -1.166167
vt 0.495841 0.521738
vt 0.495840 0.580234
vt 0.492647 0.581931
vt 0.492648 0.520046
vt 0.704288 -2.070747
vt 0.762863 -2.070606
vt 0.767673 -2.065512
vt 0.699475 -2.065678
vt -0.839276 3.649446
vt -0.822377 3.811122
vt -0.824442 3.813536
vt -0.841730 3.647720
vt 1.458072 -1.274332
vt 1.467780 -1.171472
vt 1.463170 -1.166274
vt 1.452239 -1.275729
vt -2.627026 0.521249
vt -2.627027 0.579752
vt -2.630329 0.580916
vt -2.630328 0.520079
vt 2.102266 0.880812
vt 2.102259 0.822335
vt 2.108115 0.817009
vt 2.108125 0.886147
vt -0.578315 2.683706
vt -0.589320 2.561969
vt -0.588100 2.556223
vt -0.576257 2.684866
vt 2.996305 -1.540518
vt 3.154429 -1.554525
vt 3.158980 -1.548648
vt 2.985340 -1.533720
vt -0.628677 3.046947
vt -0.642295 3.071538
vt -0.649292 3.071629
vt -0.631341 3.041629
vt 2.955252 -1.864087
vt 2.936804 -1.842347
vt 2.925253 -1.834035
vt 2.953489 -1.867078
vt -0.086563 3.032589
vt -0.052456 3.196129
vt -0.053783 3.204515
vt -0.091550 3.029195
vt 3.187511 -1.504916
vt 3.022005 -1.479566
vt 3.021123 -1.483850
vt 3.199914 -1.511620
vt 0.550593 -2.726999
vt 0.549882 -2.680555
vt 0.548085 -2.665140
vt 0.547794 -2.711185
vt 3.037454 -1.837402
vt 3.063085 -1.868419
vt 3.074144 -1.873747
vt 3.040194 -1.829741
vt 0.596201 3.774761
vt 0.595520 3.729454
vt 0.597711 3.726416
vt 0.597350 3.775108
vt -3.125962 0.775857
vt -3.170644 0.775323
vt -3.176085 0.770457
vt -3.121563 0.770009
vt 2.908211 0.521273
vt 2.908215 0.579716
vt 2.905041 0.580883
vt 2.905041 0.520107
vt -2.502204 0.880198
vt -2.501919 0.821709
vt -2.496964 0.816429
vt -2.497300 0.885581
vt 0.552884 3.729824
vt 0.552207 3.775150
vt 0.551057 3.775496
vt 0.550690 3.726772
vt -2.579799 0.927141
vt -2.544045 0.926643
vt -2.421083 0.931998
vt -2.486998 0.931598
vt -0.815821 0.520747
vt -0.815709 0.579898
vt -0.816761 0.581375
vt -0.816877 0.519219
vt -3.023738 0.823555
vt -3.023687 0.882020
vt -3.029337 0.887036
vt -3.029401 0.818547
vt -3.593753 0.160552
vt -3.520957 0.159866
vt -3.547816 0.164260
vt -3.633482 0.165521
vt 2.885365 -1.827360
vt 2.905017 -1.851213
vt 2.909624 -1.849223
vt 2.881516 -1.816553
vt -0.367270 -0.286907
vt -0.327708 -0.463127
vt -0.326063 -0.463685
vt -0.366425 -0.282929
vt 3.085392 -2.379055
vt 3.116589 -2.175356
vt 3.112391 -2.166179
vt 3.079664 -2.380513
vt 0.609303 3.801678
vt 0.609238 3.809113
vt 0.606968 3.774715
vt 0.607746 3.777107
vt 2.669678 -2.449037
vt 2.660793 -2.434424
vt 2.672024 -2.463709
vt 2.682646 -2.479757
vt -2.748926 0.613824
vt -2.576877 0.738045
vt -2.576668 0.742769
vt -2.753571 0.613951
vt 2.944758 -1.388607
vt 2.884466 -1.601057
vt 2.886374 -1.610807
vt 2.950504 -1.388586
vt 0.613463 3.512077
vt 0.613360 3.555374
vt 0.611913 3.519432
vt 0.611544 3.459526
vt -2.574638 0.874581
vt -2.543059 0.874571
vt -2.539428 0.880683
vt -2.580595 0.880022
vt -0.776987 0.599461
vt -0.777007 0.878850
vt -0.777693 0.879948
vt -0.777676 0.598494
vt -2.622507 0.589646
vt -2.622803 0.875982
vt -2.628399 0.881409
vt -2.628103 0.584170
vt 0.589564 3.703686
vt 0.589407 3.672588
vt 0.591074 3.664852
vt 0.590827 3.700325
vt -2.543409 0.592997
vt -2.574973 0.592983
vt -2.580731 0.587541
vt -2.539557 0.586885
vt -1.718599 0.874938
vt -1.721637 0.588912
vt -1.719127 0.588327
vt -1.716070 0.875423
vt -2.038277 0.875022
vt -2.039109 0.590939
vt -2.035023 0.585027
vt -2.034172 0.880969
vt -2.930602 0.131750
vt -2.889535 0.131739
vt -2.982538 0.126455
vt -3.019438 0.126990
vt -1.540905 -2.453999
vt -1.523216 -2.432526
vt -1.522026 -2.424940
vt -1.547863 -2.454857
vt -2.576230 -0.449523
vt -2.749159 -0.325468
vt -2.753784 -0.325588
vt -2.575975 -0.454234
vt -1.504932 -2.182617
vt -1.564455 -1.969666
vt -1.570168 -1.969548
vt -1.506846 -2.192315
vt 0.594684 3.777569
vt 0.594604 3.746513
vt 0.596170 3.743008
vt 0.596973 3.777473
vt -0.789629 -2.237010
vt -0.805898 -2.263774
vt -0.818669 -2.294181
vt -0.797539 -2.260853
vt 1.946167 -0.458495
vt 1.984839 -0.279625
vt 1.983936 -0.275631
vt 1.944523 -0.459122
vt -1.183455 -1.875683
vt -1.152428 -2.079728
vt -1.146745 -2.081278
vt -1.179294 -1.866571
vt 1.783070 0.582164
vt 1.783041 0.520873
vt 1.785684 0.520628
vt 1.785717 0.582431
vt -2.649097 0.467843
vt -2.649098 0.406473
vt -2.643006 0.403106
vt -2.643005 0.471207
vt 2.007528 -0.167137
vt 1.973300 -0.358475
vt 1.974854 -0.361436
vt 2.009697 -0.165612
vt -2.499190 0.074286
vt -2.322940 -0.045011
vt -2.316778 -0.041872
vt -2.501915 0.083129
vt -2.362663 0.589623
vt -2.362250 0.869989
vt -2.365912 0.873129
vt -2.366338 0.586533
vt 0.034703 0.285859
vt 0.034318 0.566457
vt 0.029405 0.574995
vt 0.029812 0.277318
vt -0.708186 -0.361152
vt -0.742579 -0.169301
vt -0.744783 -0.167838
vt -0.709779 -0.364192
vt -2.324067 0.919138
vt -2.500577 0.799871
vt -2.503254 0.791024
vt -2.317845 0.915996
vt -2.947411 0.174730
vt -2.947385 0.113371
vt -2.943220 0.114225
vt -2.943249 0.173875
vt 0.856625 -0.077362
vt 0.917950 -0.077362
vt 0.922421 -0.073024
vt 0.852150 -0.073023
vt -2.877651 0.742054
vt -3.047170 0.613069
vt -3.047692 0.609625
vt -2.873582 0.742711
vt -1.121170 1.568036
vt -0.946250 1.465137
vt -0.943966 1.469831
vt -1.127023 1.575851
vt 0.422754 0.589538
vt 0.422740 0.870280
vt 0.420613 0.873915
vt 0.420628 0.585906
vt -2.186749 0.593118
vt -2.186813 0.873959
vt -2.192579 0.881999
vt -2.192506 0.585096
vt -3.045933 -0.327653
vt -2.876932 -0.456740
vt -2.872889 -0.457368
vt -3.046486 -0.324171
vt -0.946247 0.001418
vt -1.121100 -0.101421
vt -1.126961 -0.109243
vt -0.943979 -0.003290
vt 0.855411 -1.392492
vt 0.864309 -1.277811
vt 0.864108 -1.273797
vt 0.853769 -1.392532
vt 0.715383 2.757298
vt 0.717460 2.878748
vt 0.712476 2.883026
vt 0.709487 2.755900
vt 0.193226 -1.086209
vt 0.251733 -1.086215
vt 0.252325 -1.082247
vt 0.192648 -1.082241
vt 0.911009 2.762798
vt 0.853544 2.762859
vt 0.847754 2.761730
vt 0.916845 2.761684
vt -0.419302 -1.277754
vt -0.410216 -1.392516
vt -0.408539 -1.392557
vt -0.419095 -1.273735
vt 1.057167 2.878744
vt 1.059245 2.757295
vt 1.065140 2.755893
vt 1.062152 2.883019
vt 1.114765 0.580325
vt 1.114798 0.521852
vt 1.116261 0.520370
vt 1.116226 0.581816
vt -1.623348 0.821157
vt -1.623401 0.879671
vt -1.628313 0.884670
vt -1.628250 0.816123
vt 2.011714 3.782368
vt 2.045849 3.618700
vt 2.050846 3.615297
vt 2.013051 3.790766
vt -1.427191 -1.776170
vt -1.592701 -1.801613
vt -1.605103 -1.808301
vt -1.426295 -1.780435
vt 2.633890 3.716061
vt 2.620007 3.691000
vt 2.620118 3.681070
vt 2.637797 3.710571
vt -1.342659 -2.140119
vt -1.361113 -2.161865
vt -1.359293 -2.164789
vt -1.331060 -2.131739
vt 1.230346 2.562401
vt 1.219233 2.684131
vt 1.217156 2.685291
vt 1.229117 2.556658
vt -1.559736 -1.851491
vt -1.401746 -1.837573
vt -1.390765 -1.830765
vt -1.564256 -1.845593
vt 0.628170 -3.120869
vt 0.627485 -3.159925
vt 0.630200 -3.168064
vt 0.629911 -3.120989
vt -1.496598 -2.199852
vt -1.470744 -2.168566
vt -1.475955 -2.163918
vt -1.509550 -2.207488
vt 2.057335 3.815174
vt 2.074108 3.653541
vt 2.076541 3.651806
vt 2.059381 3.817581
vt -0.069778 -1.171415
vt -0.060065 -1.274281
vt -0.054228 -1.275686
vt -0.065166 -1.166224
vt 0.487185 0.521820
vt 0.487182 0.580335
vt 0.483986 0.582025
vt 0.483988 0.520120
vt 0.634472 -2.073430
vt 0.692984 -2.073487
vt 0.697807 -2.068346
vt 0.629681 -2.068283
vt -0.529078 3.653980
vt -0.512039 3.815442
vt -0.514107 3.817876
vt -0.531540 3.652273
vt 1.388923 -1.274196
vt 1.398643 -1.171273
vt 1.394033 -1.166093
vt 1.383087 -1.275618
vt -2.631944 0.522781
vt -2.631959 0.581313
vt -2.635403 0.582504
vt -2.635391 0.521634
vt 2.106781 0.880557
vt 2.106778 0.822021
vt 2.112647 0.816680
vt 2.112650 0.885887
vt -0.570454 2.684361
vt -0.581602 2.562742
vt -0.580365 2.556977
vt -0.568369 2.685493
vt 2.366410 -1.539439
vt 2.524488 -1.553457
vt 2.529035 -1.547582
vt 2.355450 -1.532641
vt -0.713410 3.918624
vt -0.727308 3.943704
vt -0.731210 3.938172
vt -0.713514 3.908661
vt 2.383469 -1.931945
vt 2.369683 -1.915730
vt 2.352716 -1.900990
vt 2.374161 -1.925990
vt -0.138027 3.846155
vt -0.104275 4.009733
vt -0.105571 4.018150
vt -0.142930 3.842796
vt 2.558009 -1.503711
vt 2.393023 -1.478533
vt 2.392207 -1.482832
vt 2.570454 -1.510412
vt 0.550139 -3.160324
vt 0.549454 -3.121279
vt 0.547716 -3.121407
vt 0.547431 -3.168474
vt 2.429687 -1.863409
vt 2.454603 -1.893555
vt 2.467165 -1.900723
vt 2.434821 -1.858670
vt 0.608611 4.227440
vt 0.607805 4.176445
vt 0.609586 4.155499
vt 0.609557 4.218864
vt -2.849437 0.839674
vt -2.895911 0.839133
vt -2.900198 0.834279
vt -2.843174 0.833841
vt 2.913824 0.521824
vt 2.913725 0.580284
vt 2.910403 0.581441
vt 2.910507 0.520646
vt -2.221434 0.946063
vt -2.221459 0.887404
vt -2.216650 0.882039
vt -2.216623 0.951393
vt 0.540634 4.177265
vt 0.539819 4.228245
vt 0.538871 4.219658
vt 0.538847 4.156288
vt -2.613895 0.992189
vt -2.475116 0.991264
vt -2.284954 0.996338
vt -2.487193 0.996503
vt -0.810705 0.521344
vt -0.810755 0.580822
vt -0.811742 0.582328
vt -0.811689 0.519830
vt -2.745499 0.886277
vt -2.745516 0.944848
vt -2.751143 0.949849
vt -2.751124 0.881236
vt -2.810325 0.157027
vt -2.806022 0.156747
vt -2.835926 0.161159
vt -2.844108 0.161961
vt 2.255662 -1.826515
vt 2.275327 -1.850374
vt 2.279942 -1.848396
vt 2.251813 -1.815708
vt -0.858679 -0.283430
vt -0.821381 -0.460649
vt -0.819780 -0.461224
vt -0.857788 -0.279430
vt 3.040116 -2.079510
vt 3.071434 -1.875882
vt 3.067335 -1.866786
vt 3.034466 -2.081052
vt 0.614463 3.753223
vt 0.614376 3.784275
vt 0.612080 3.783237
vt 0.612886 3.749115
vt 2.630393 -2.157719
vt 2.621295 -2.142743
vt 2.631990 -2.171147
vt 2.642981 -2.187809
vt -2.562838 0.614554
vt -2.388721 0.738476
vt -2.388459 0.743202
vt -2.567507 0.614690
vt 2.311519 -1.382400
vt 2.252264 -1.595858
vt 2.254146 -1.605541
vt 2.317183 -1.382241
vt 0.601488 3.669140
vt 0.601330 3.700027
vt 0.600062 3.696331
vt 0.599812 3.660965
vt -3.053183 0.875646
vt -3.016454 0.875630
vt -3.017723 0.881751
vt -3.065001 0.881097
vt -0.821838 0.280292
vt -0.811233 0.562365
vt -0.812176 0.563410
vt -0.822840 0.279255
vt -3.070248 0.591476
vt -3.070104 0.877539
vt -3.075662 0.882980
vt -3.075819 0.586020
vt 0.594703 3.702888
vt 0.594551 3.671921
vt 0.596217 3.664135
vt 0.595964 3.699493
vt -2.991584 0.594043
vt -3.023157 0.594031
vt -3.029179 0.588586
vt -2.988025 0.587927
vt -2.240522 0.875267
vt -2.232733 0.590703
vt -2.230217 0.590118
vt -2.238028 0.875750
vt -2.492661 0.880565
vt -2.490879 0.593958
vt -2.486663 0.587937
vt -2.488497 0.886490
vt -2.872989 0.130983
vt -2.927302 0.130409
vt -2.894832 0.125868
vt -2.837049 0.126961
vt -1.310447 -2.148414
vt -1.290798 -2.124569
vt -1.286974 -2.113793
vt -1.315083 -2.146465
vt -2.386092 -0.449989
vt -2.559168 -0.326118
vt -2.563773 -0.326248
vt -2.385803 -0.454703
vt -1.290978 -1.897244
vt -1.349967 -1.683880
vt -1.355712 -1.683820
vt -1.292931 -1.906991
vt 0.581807 3.812172
vt 0.581723 3.780838
vt 0.583297 3.774250
vt 0.584097 3.807621
vt -1.361101 -2.353755
vt -1.376277 -2.378722
vt -1.365415 -2.370232
vt -1.342236 -2.333529
vt 1.446421 -0.463299
vt 1.483911 -0.286549
vt 1.483031 -0.282481
vt 1.444820 -0.463823
vt -1.683726 -1.874484
vt -1.652094 -2.077999
vt -1.646400 -2.079553
vt -1.679586 -1.865402
vt 1.777517 0.581859
vt 1.777419 0.520690
vt 1.780120 0.520442
vt 1.780220 0.582119
vt -2.810037 0.468066
vt -2.810019 0.406723
vt -2.803867 0.403348
vt -2.803885 0.471420
vt 2.349533 -0.165928
vt 2.316142 -0.356580
vt 2.317694 -0.359567
vt 2.351673 -0.164441
vt -2.657676 0.074698
vt -2.481405 -0.044580
vt -2.475249 -0.041460
vt -2.660409 0.083524
vt -2.878836 0.589221
vt -2.878149 0.868694
vt -2.881801 0.871797
vt -2.882504 0.586106
vt 0.035818 0.593676
vt 0.035441 0.874127
vt 0.030570 0.882673
vt 0.030968 0.585152
vt -0.549019 -0.359838
vt -0.584093 -0.167907
vt -0.586296 -0.166372
vt -0.550591 -0.362802
vt -2.482379 0.919181
vt -2.659001 0.799910
vt -2.661682 0.791058
vt -2.476157 0.916033
vt -2.752860 0.174495
vt -2.752818 0.113199
vt -2.748793 0.114056
vt -2.748837 0.173646
vt 0.856670 0.038324
vt 0.918009 0.038389
vt 0.922498 0.042737
vt 0.852212 0.042663
vt -2.700328 0.744607
vt -2.868146 0.615485
vt -2.868516 0.612001
vt -2.696168 0.745236
vt -1.121135 1.271225
vt -0.946243 1.168369
vt -0.943968 1.173077
vt -1.126995 1.279048
vt 0.945311 0.280890
vt 0.945340 0.561643
vt 0.943210 0.565275
vt 0.943178 0.277256
vt -2.185607 0.296165
vt -2.185606 0.577076
vt -2.191331 0.585114
vt -2.191330 0.288138
vt -2.859634 -0.325637
vt -2.692950 -0.454784
vt -2.688888 -0.455432
vt -2.860080 -0.322180
vt -0.946242 -0.295370
vt -1.121136 -0.398224
vt -1.126993 -0.406044
vt -0.943966 -0.300075
s 0
usemtl joints.001
f 1529/3167/223 1530/3168/223 1532/3169/223 1531/3170/223
f 1531/3170/224 1532/3169/224 1534/3171/224 1533/3172/224
f 1533/3172/225 1534/3171/225 1536/3173/225 1535/3174/225
f 1535/3175/226 1536/3176/226 1538/3177/226 1537/3178/226
f 1534/3171/227 1532/3169/227 1541/3179/227 1543/3180/227
f 1537/3178/228 1538/3177/228 1540/3181/228 1539/3182/228
f 1539/3182/229 1540/3181/229 1530/3183/229 1529/3184/229
f 1529/3185/230 1531/3186/230 1533/3187/230 1535/3188/230 1537/3189/230 1539/3190/230
f 1541/3191/231 1542/3192/231 1546/3193/231 1545/3194/231 1544/3195/231 1543/3196/231
f 1540/3181/232 1538/3177/232 1545/3197/232 1546/3198/232
f 1532/3169/233 1530/3168/233 1542/3199/233 1541/3179/233
f 1536/3173/234 1534/3171/234 1543/3180/234 1544/3200/234
f 1530/3183/235 1540/3181/235 1546/3198/235 1542/3201/235
f 1538/3177/236 1536/3176/236 1544/3202/236 1545/3197/236
f 1547/3203/225 1549/3204/225 1550/3205/225 1548/3206/225
f 1549/3204/224 1551/3207/224 1552/3208/224 1550/3205/224
f 1551/3207/223 1553/3209/223 1554/3210/223 1552/3208/223
f 1553/3211/229 1555/3212/229 1556/3213/229 1554/3214/229
f 1552/3208/227 1561/3215/227 1559/3216/227 1550/3205/227
f 1555/3212/228 1557/3217/228 1558/3218/228 1556/3213/228
f 1557/3217/226 1547/3219/226 1548/3220/226 1558/3218/226
f 1547/3221/230 1557/3222/230 1555/3223/230 1553/3224/230 1551/3225/230 1549/3226/230
f 1559/3227/231 1561/3228/231 1562/3229/231 1563/3230/231 1564/3231/231 1560/3232/231
f 1558/3218/232 1564/3233/232 1563/3234/232 1556/3213/232
f 1550/3205/234 1559/3216/234 1560/3235/234 1548/3206/234
f 1554/3210/233 1562/3236/233 1561/3215/233 1552/3208/233
f 1548/3220/236 1560/3237/236 1564/3233/236 1558/3218/236
f 1556/3213/235 1563/3234/235 1562/3238/235 1554/3214/235
f 2431/4501/223 2432/4502/223 2434/4503/223 2433/4504/223
f 2433/4504/224 2434/4503/224 2436/4505/224 2435/4506/224
f 2435/4507/225 2436/4508/225 2438/4509/225 2437/4510/225
f 2437/4510/226 2438/4509/226 2440/4511/226 2439/4512/226
f 2436/4505/227 2434/4503/227 2443/4513/227 2445/4514/227
f 2439/4512/228 2440/4511/228 2442/4515/228 2441/4516/228
f 2441/4517/229 2442/4518/229 2432/4502/229 2431/4501/229
f 2431/4519/230 2433/4520/230 2435/4521/230 2437/4522/230 2439/4523/230 2441/4524/230
f 2443/4525/231 2444/4526/231 2448/4527/231 2447/4528/231 2446/4529/231 2445/4530/231
f 2442/4515/232 2440/4511/232 2447/4531/232 2448/4532/232
f 2434/4503/233 2432/4502/233 2444/4533/233 2443/4513/233
f 2438/4509/234 2436/4508/234 2445/4534/234 2446/4535/234
f 2432/4502/235 2442/4518/235 2448/4536/235 2444/4533/235
f 2440/4511/236 2438/4509/236 2446/4535/236 2447/4531/236
f 2449/4537/225 2451/4538/225 2452/4539/225 2450/4540/225
f 2451/4541/224 2453/4542/224 2454/4543/224 2452/4544/224
f 2453/4542/223 2455/4545/223 2456/4546/223 2454/4543/223
f 2455/4545/229 2457/4547/229 2458/4548/229 2456/4546/229
f 2454/4543/227 2463/4549/227 2461/4550/227 2452/4544/227
f 2457/4551/228 2459/4552/228 2460/4553/228 2458/4554/228
f 2459/4552/226 2449/4537/226 2450/4540/226 2460/4553/226
f 2449/4555/230 2459/4556/230 2457/4557/230 2455/4558/230 2453/4559/230 2451/4560/230
f 2461/4561/231 2463/4562/231 2464/4563/231 2465/4564/231 2466/4565/231 2462/4566/231
f 2460/4553/232 2466/4567/232 2465/4568/232 2458/4554/232
f 2452/4539/234 2461/4569/234 2462/4570/234 2450/4540/234
f 2456/4546/233 2464/4571/233 2463/4549/233 2454/4543/233
f 2450/4540/236 2462/4570/236 2466/4567/236 2460/4553/236
f 2458/4548/235 2465/4572/235 2464/4571/235 2456/4546/235
usemtl train_wheels
f 1565/3239/237 1566/3240/237 1568/3241/237 1567/3242/237
f 1567/3243/238 1568/3244/238 1572/3245/238 1571/3246/238
f 1571/3247/239 1572/3248/239 1570/3249/239 1569/3250/239
f 1569/3251/240 1570/3252/240 1566/3253/240 1565/3254/240
f 1567/3255/224 1571/3256/224 1569/3257/224 1565/3258/224
f 1572/3259/228 1568/3260/228 1566/3261/228 1570/3262/228
f 1573/3263/239 1575/3250/239 1576/3264/239 1574/3265/239
f 1575/3266/238 1579/3267/238 1580/3268/238 1576/3269/238
f 1579/3239/237 1577/3270/237 1578/3271/237 1580/3240/237
f 1577/3272/240 1573/3273/240 1574/3274/240 1578/3275/240
f 1575/3276/224 1573/3277/224 1577/3278/224 1579/3279/224
f 1580/3280/228 1578/3281/228 1574/3282/228 1576/3258/228
f 1581/3283/237 1582/3284/237 1584/3285/237 1583/3286/237
f 1583/3287/238 1584/3288/238 1588/3289/238 1587/3290/238
f 1587/3291/239 1588/3292/239 1586/3293/239 1585/3294/239
f 1585/3295/240 1586/3296/240 1582/3297/240 1581/3298/240
f 1583/3299/224 1587/3300/224 1585/3301/224 1581/3302/224
f 1588/3303/228 1584/3304/228 1582/3305/228 1586/3306/228
f 2467/4573/237 2468/4574/237 2470/4575/237 2469/4576/237
f 2469/4577/238 2470/4578/238 2474/4579/238 2473/4580/238
f 2473/4581/239 2474/4582/239 2472/4583/239 2471/4584/239
f 2471/4585/240 2472/4586/240 2468/4587/240 2467/4588/240
f 2469/4589/224 2473/4590/224 2471/4591/224 2467/4592/224
f 2474/4593/228 2470/4594/228 2468/4595/228 2472/4596/228
f 2475/4597/239 2477/4598/239 2478/4599/239 2476/4600/239
f 2477/4601/238 2481/4602/238 2482/4603/238 2478/4604/238
f 2481/4605/237 2479/4606/237 2480/4607/237 2482/4608/237
f 2479/4609/240 2475/4610/240 2476/4611/240 2480/4612/240
f 2477/4613/224 2475/4614/224 2479/4615/224 2481/4616/224
f 2482/4617/228 2480/4618/228 2476/4619/228 2478/4620/228
f 2483/4621/237 2484/4622/237 2486/4623/237 2485/4624/237
f 2485/4625/238 2486/4626/238 2490/4627/238 2489/4628/238
f 2489/4629/239 2490/4630/239 2488/4631/239 2487/4632/239
f 2487/4633/240 2488/4634/240 2484/4635/240 2483/4636/240
f 2485/4637/224 2489/4638/224 2487/4639/224 2483/4640/224
f 2490/4641/228 2486/4642/228 2484/4643/228 2488/4644/228
usemtl coach_no
f 1589/3307/241 1590/3308/241 1592/3309/241 1591/3310/241
f 1591/3311/238 1592/3312/238 1594/3308/238 1593/3307/238
f 1591/3313/224 1593/3314/224 1589/3315/224
f 1594/3316/228 1592/3317/228 1590/3318/228
f 1594/3319/242 1590/3320/242 1589/3321/242 1593/3322/242
usemtl train_name
f 1602/3323/238 1599/3324/238 1600/3325/238 1601/3326/238
f 1597/3327/240 1598/3328/240 1596/3329/240 1595/3330/240
f 1599/3331/231 1607/3332/231 1608/3333/231 1600/3334/231
f 1605/3335/240 1606/3336/240 1608/3337/240 1607/3338/240
f 1603/3339/240 1604/3340/240 1610/3341/240 1609/3342/240
f 1595/3343/231 1596/3344/231 1604/3345/231 1603/3346/231
f 1602/3347/228 1610/3348/228 1604/3349/228 1596/3350/228 1598/3351/228 1605/3352/228 1607/3353/228 1599/3354/228
f 1600/3355/224 1608/3356/224 1606/3357/224 1597/3358/224 1595/3359/224 1603/3360/224 1609/3361/224 1601/3362/224
f 1598/3346/230 1597/3363/230 1606/3364/230 1605/3343/230
f 1601/3365/230 1609/3344/230 1610/3334/230 1602/3333/230
usemtl train_name.001
f 1618/3323/238 1615/3324/238 1616/3325/238 1617/3326/238
f 1613/3327/240 1614/3328/240 1612/3329/240 1611/3330/240
f 1615/3331/231 1623/3332/231 1624/3333/231 1616/3334/231
f 1621/3335/240 1622/3336/240 1624/3337/240 1623/3338/240
f 1619/3339/240 1620/3340/240 1626/3341/240 1625/3342/240
f 1611/3343/231 1612/3344/231 1620/3345/231 1619/3346/231
f 1618/3347/228 1626/3348/228 1620/3349/228 1612/3350/228 1614/3351/228 1621/3352/228 1623/3353/228 1615/3354/228
f 1616/3355/224 1624/3356/224 1622/3357/224 1613/3358/224 1611/3359/224 1619/3360/224 1625/3361/224 1617/3362/224
f 1614/3346/230 1613/3363/230 1622/3364/230 1621/3343/230
f 1617/3365/230 1625/3344/230 1626/3334/230 1618/3333/230
usemtl train_handlebar
f 1627/3366/243 1628/3367/243 1630/3368/243 1629/3369/243
f 1629/3370/240 1630/3371/240 1632/3372/240 1631/3373/240
f 1631/3374/244 1632/3375/244 1634/3376/244 1633/3377/244
f 1633/3377/245 1634/3376/245 1636/3378/245 1635/3379/245
f 1635/3380/238 1636/3381/238 1638/3382/238 1637/3383/238
f 1637/3384/246 1638/3385/246 1628/3367/246 1627/3366/246
f 1639/3386/247 1640/3387/247 1642/3388/247 1641/3389/247
f 1641/3389/224 1642/3388/224 1644/3390/224 1643/3391/224
f 1643/3392/248 1644/3393/248 1646/3394/248 1645/3395/248
f 1645/3395/249 1646/3394/249 1648/3396/249 1647/3397/249
f 1647/3397/228 1648/3396/228 1650/3398/228 1649/3399/228
f 1649/3400/250 1650/3401/250 1640/3387/250 1639/3386/250
f 1639/3402/238 1641/3403/238 1643/3404/238 1645/3405/238 1647/3406/238 1649/3407/238
f 1651/3408/247 1652/3409/247 1654/3410/247 1653/3411/247
f 1653/3411/224 1654/3410/224 1656/3412/224 1655/3413/224
f 1655/3414/248 1656/3415/248 1658/3416/248 1657/3417/248
f 1657/3417/249 1658/3416/249 1660/3418/249 1659/3419/249
f 1659/3419/228 1660/3418/228 1662/3420/228 1661/3421/228
f 1661/3422/250 1662/3423/250 1652/3409/250 1651/3408/250
f 1651/3424/238 1653/3425/238 1655/3426/238 1657/3427/238 1659/3428/238 1661/3429/238
f 1650/3398/251 1648/3396/251 1692/3430/251 1693/3431/251
f 1648/3396/252 1646/3394/252 1686/3432/252 1692/3430/252
f 1646/3394/253 1644/3393/253 1680/3433/253 1686/3432/253
f 1644/3390/254 1642/3388/254 1674/3434/254 1680/3435/254
f 1642/3388/255 1640/3387/255 1668/3436/255 1674/3434/255
f 1640/3387/256 1650/3401/256 1693/3437/256 1668/3436/256
f 1674/3434/257 1668/3436/257 1667/3438/257 1673/3439/257
f 1673/3439/258 1667/3438/258 1666/3440/258 1672/3441/258
f 1672/3441/259 1666/3440/259 1665/3442/259 1671/3443/259
f 1671/3443/260 1665/3442/260 1664/3444/260 1670/3445/260
f 1670/3445/261 1664/3444/261 1663/3446/261 1669/3447/261
f 1669/3447/262 1663/3446/262 1628/3367/262 1638/3385/262
f 1680/3435/263 1674/3434/263 1673/3439/263 1679/3448/263
f 1679/3448/264 1673/3439/264 1672/3441/264 1678/3449/264
f 1678/3450/265 1672/3451/265 1671/3452/265 1677/3453/265
f 1677/3453/266 1671/3452/266 1670/3454/266 1676/3455/266
f 1676/3455/267 1670/3454/267 1669/3456/267 1675/3457/267
f 1675/3457/268 1669/3456/268 1638/3382/268 1636/3381/268
f 1686/3432/269 1680/3433/269 1679/3458/269 1685/3459/269
f 1685/3459/270 1679/3458/270 1678/3460/270 1684/3461/270
f 1684/3461/271 1678/3460/271 1677/3462/271 1683/3463/271
f 1683/3463/272 1677/3462/272 1676/3464/272 1682/3465/272
f 1682/3465/273 1676/3464/273 1675/3466/273 1681/3467/273
f 1681/3467/274 1675/3466/274 1636/3378/274 1634/3376/274
f 1692/3430/275 1686/3432/275 1685/3459/275 1691/3468/275
f 1691/3468/276 1685/3459/276 1684/3461/276 1690/3469/276
f 1690/3469/277 1684/3461/277 1683/3463/277 1689/3470/277
f 1689/3470/278 1683/3463/278 1682/3465/278 1688/3471/278
f 1688/3471/279 1682/3465/279 1681/3467/279 1687/3472/279
f 1687/3472/280 1681/3467/280 1634/3376/280 1632/3375/280
f 1693/3431/281 1692/3430/281 1691/3468/281 1694/3473/281
f 1694/3473/282 1691/3468/282 1690/3469/282 1695/3474/282
f 1695/3475/283 1690/3476/283 1689/3477/283 1696/3478/283
f 1696/3478/284 1689/3477/284 1688/3479/284 1697/3480/284
f 1697/3480/285 1688/3479/285 1687/3481/285 1698/3482/285
f 1698/3482/286 1687/3481/286 1632/3372/286 1630/3371/286
f 1668/3436/287 1693/3437/287 1694/3483/287 1667/3438/287
f 1667/3438/288 1694/3483/288 1695/3484/288 1666/3440/288
f 1666/3440/289 1695/3484/289 1696/3485/289 1665/3442/289
f 1665/3442/290 1696/3485/290 1697/3486/290 1664/3444/290
f 1664/3444/291 1697/3486/291 1698/3487/291 1663/3446/291
f 1663/3446/292 1698/3487/292 1630/3368/292 1628/3367/292
f 1652/3409/293 1662/3423/293 1728/3488/293 1729/3489/293
f 1662/3420/294 1660/3418/294 1722/3490/294 1728/3491/294
f 1660/3418/295 1658/3416/295 1716/3492/295 1722/3490/295
f 1658/3416/296 1656/3415/296 1710/3493/296 1716/3492/296
f 1656/3412/297 1654/3410/297 1704/3494/297 1710/3495/297
f 1654/3410/298 1652/3409/298 1729/3489/298 1704/3494/298
f 1710/3495/299 1704/3494/299 1703/3496/299 1709/3497/299
f 1709/3497/300 1703/3496/300 1702/3498/300 1708/3499/300
f 1708/3500/301 1702/3501/301 1701/3502/301 1707/3503/301
f 1707/3503/302 1701/3502/302 1700/3504/302 1706/3505/302
f 1706/3505/303 1700/3504/303 1699/3506/303 1705/3507/303
f 1705/3507/304 1699/3506/304 1629/3370/304 1631/3373/304
f 1716/3492/305 1710/3493/305 1709/3508/305 1715/3509/305
f 1715/3509/306 1709/3508/306 1708/3510/306 1714/3511/306
f 1714/3511/307 1708/3510/307 1707/3512/307 1713/3513/307
f 1713/3513/308 1707/3512/308 1706/3514/308 1712/3515/308
f 1712/3515/309 1706/3514/309 1705/3516/309 1711/3517/309
f 1711/3517/310 1705/3516/310 1631/3374/310 1633/3377/310
f 1722/3490/311 1716/3492/311 1715/3509/311 1721/3518/311
f 1721/3518/312 1715/3509/312 1714/3511/312 1720/3519/312
f 1720/3519/313 1714/3511/313 1713/3513/313 1719/3520/313
f 1719/3520/314 1713/3513/314 1712/3515/314 1718/3521/314
f 1718/3521/315 1712/3515/315 1711/3517/315 1717/3522/315
f 1717/3522/316 1711/3517/316 1633/3377/316 1635/3379/316
f 1728/3491/317 1722/3490/317 1721/3518/317 1727/3523/317
f 1727/3523/318 1721/3518/318 1720/3519/318 1726/3524/318
f 1726/3525/319 1720/3526/319 1719/3527/319 1725/3528/319
f 1725/3528/320 1719/3527/320 1718/3529/320 1724/3530/320
f 1724/3530/321 1718/3529/321 1717/3531/321 1723/3532/321
f 1723/3532/322 1717/3531/322 1635/3380/322 1637/3383/322
f 1729/3489/323 1728/3488/323 1727/3533/323 1730/3534/323
f 1730/3534/324 1727/3533/324 1726/3535/324 1731/3536/324
f 1731/3536/325 1726/3535/325 1725/3537/325 1732/3538/325
f 1732/3538/326 1725/3537/326 1724/3539/326 1733/3540/326
f 1733/3540/327 1724/3539/327 1723/3541/327 1734/3542/327
f 1734/3542/328 1723/3541/328 1637/3384/328 1627/3366/328
f 1704/3494/329 1729/3489/329 1730/3534/329 1703/3496/329
f 1703/3496/330 1730/3534/330 1731/3536/330 1702/3498/330
f 1702/3498/331 1731/3536/331 1732/3538/331 1701/3543/331
f 1701/3543/332 1732/3538/332 1733/3540/332 1700/3544/332
f 1700/3544/333 1733/3540/333 1734/3542/333 1699/3545/333
f 1699/3545/334 1734/3542/334 1627/3366/334 1629/3369/334
usemtl train_handlebar.001
f 1735/3366/335 1736/3367/335 1738/3368/335 1737/3369/335
f 1737/3370/240 1738/3371/240 1740/3372/240 1739/3373/240
f 1739/3374/244 1740/3375/244 1742/3376/244 1741/3377/244
f 1741/3377/245 1742/3376/245 1744/3378/245 1743/3379/245
f 1743/3380/238 1744/3381/238 1746/3382/238 1745/3383/238
f 1745/3384/336 1746/3385/336 1736/3367/336 1735/3366/336
f 1747/3386/247 1748/3387/247 1750/3388/247 1749/3389/247
f 1749/3389/224 1750/3388/224 1752/3390/224 1751/3391/224
f 1751/3392/248 1752/3393/248 1754/3394/248 1753/3395/248
f 1753/3395/249 1754/3394/249 1756/3396/249 1755/3397/249
f 1755/3397/228 1756/3396/228 1758/3398/228 1757/3399/228
f 1757/3400/250 1758/3401/250 1748/3387/250 1747/3386/250
f 1747/3402/238 1749/3403/238 1751/3404/238 1753/3405/238 1755/3406/238 1757/3407/238
f 1759/3408/247 1760/3409/247 1762/3410/247 1761/3411/247
f 1761/3411/224 1762/3410/224 1764/3412/224 1763/3413/224
f 1763/3414/248 1764/3415/248 1766/3416/248 1765/3417/248
f 1765/3417/249 1766/3416/249 1768/3418/249 1767/3419/249
f 1767/3419/228 1768/3418/228 1770/3420/228 1769/3421/228
f 1769/3422/250 1770/3423/250 1760/3409/250 1759/3408/250
f 1759/3424/238 1761/3425/238 1763/3426/238 1765/3427/238 1767/3428/238 1769/3429/238
f 1758/3398/251 1756/3396/251 1800/3430/251 1801/3431/251
f 1756/3396/252 1754/3394/252 1794/3432/252 1800/3430/252
f 1754/3394/253 1752/3393/253 1788/3433/253 1794/3432/253
f 1752/3390/254 1750/3388/254 1782/3434/254 1788/3435/254
f 1750/3388/337 1748/3387/337 1776/3436/337 1782/3434/337
f 1748/3387/338 1758/3401/338 1801/3437/338 1776/3436/338
f 1782/3434/339 1776/3436/339 1775/3438/339 1781/3439/339
f 1781/3439/340 1775/3438/340 1774/3440/340 1780/3441/340
f 1780/3441/341 1774/3440/341 1773/3442/341 1779/3443/341
f 1779/3443/342 1773/3442/342 1772/3444/342 1778/3445/342
f 1778/3445/343 1772/3444/343 1771/3446/343 1777/3447/343
f 1777/3447/344 1771/3446/344 1736/3367/344 1746/3385/344
f 1788/3435/263 1782/3434/263 1781/3439/263 1787/3448/263
f 1787/3448/264 1781/3439/264 1780/3441/264 1786/3449/264
f 1786/3450/265 1780/3451/265 1779/3452/265 1785/3453/265
f 1785/3453/266 1779/3452/266 1778/3454/266 1784/3455/266
f 1784/3455/267 1778/3454/267 1777/3456/267 1783/3457/267
f 1783/3457/268 1777/3456/268 1746/3382/268 1744/3381/268
f 1794/3432/269 1788/3433/269 1787/3458/269 1793/3459/269
f 1793/3459/345 1787/3458/345 1786/3460/345 1792/3461/345
f 1792/3461/346 1786/3460/346 1785/3462/346 1791/3463/346
f 1791/3463/272 1785/3462/272 1784/3464/272 1790/3465/272
f 1790/3465/273 1784/3464/273 1783/3466/273 1789/3467/273
f 1789/3467/274 1783/3466/274 1744/3378/274 1742/3376/274
f 1800/3430/275 1794/3432/275 1793/3459/275 1799/3468/275
f 1799/3468/276 1793/3459/276 1792/3461/276 1798/3469/276
f 1798/3469/277 1792/3461/277 1791/3463/277 1797/3470/277
f 1797/3470/278 1791/3463/278 1790/3465/278 1796/3471/278
f 1796/3471/279 1790/3465/279 1789/3467/279 1795/3472/279
f 1795/3472/280 1789/3467/280 1742/3376/280 1740/3375/280
f 1801/3431/281 1800/3430/281 1799/3468/281 1802/3473/281
f 1802/3473/282 1799/3468/282 1798/3469/282 1803/3474/282
f 1803/3475/283 1798/3476/283 1797/3477/283 1804/3478/283
f 1804/3478/347 1797/3477/347 1796/3479/347 1805/3480/347
f 1805/3480/285 1796/3479/285 1795/3481/285 1806/3482/285
f 1806/3482/286 1795/3481/286 1740/3372/286 1738/3371/286
f 1776/3436/348 1801/3437/348 1802/3483/348 1775/3438/348
f 1775/3438/349 1802/3483/349 1803/3484/349 1774/3440/349
f 1774/3440/350 1803/3484/350 1804/3485/350 1773/3442/350
f 1773/3442/351 1804/3485/351 1805/3486/351 1772/3444/351
f 1772/3444/352 1805/3486/352 1806/3487/352 1771/3446/352
f 1771/3446/353 1806/3487/353 1738/3368/353 1736/3367/353
f 1760/3409/354 1770/3423/354 1836/3488/354 1837/3489/354
f 1770/3420/294 1768/3418/294 1830/3490/294 1836/3491/294
f 1768/3418/355 1766/3416/355 1824/3492/355 1830/3490/355
f 1766/3416/356 1764/3415/356 1818/3493/356 1824/3492/356
f 1764/3412/297 1762/3410/297 1812/3494/297 1818/3495/297
f 1762/3410/357 1760/3409/357 1837/3489/357 1812/3494/357
f 1818/3495/299 1812/3494/299 1811/3496/299 1817/3497/299
f 1817/3497/300 1811/3496/300 1810/3498/300 1816/3499/300
f 1816/3500/301 1810/3501/301 1809/3502/301 1815/3503/301
f 1815/3503/302 1809/3502/302 1808/3504/302 1814/3505/302
f 1814/3505/303 1808/3504/303 1807/3506/303 1813/3507/303
f 1813/3507/304 1807/3506/304 1737/3370/304 1739/3373/304
f 1824/3492/358 1818/3493/358 1817/3508/358 1823/3509/358
f 1823/3509/359 1817/3508/359 1816/3510/359 1822/3511/359
f 1822/3511/360 1816/3510/360 1815/3512/360 1821/3513/360
f 1821/3513/361 1815/3512/361 1814/3514/361 1820/3515/361
f 1820/3515/309 1814/3514/309 1813/3516/309 1819/3517/309
f 1819/3517/310 1813/3516/310 1739/3374/310 1741/3377/310
f 1830/3490/311 1824/3492/311 1823/3509/311 1829/3518/311
f 1829/3518/362 1823/3509/362 1822/3511/362 1828/3519/362
f 1828/3519/363 1822/3511/363 1821/3513/363 1827/3520/363
f 1827/3520/364 1821/3513/364 1820/3515/364 1826/3521/364
f 1826/3521/365 1820/3515/365 1819/3517/365 1825/3522/365
f 1825/3522/316 1819/3517/316 1741/3377/316 1743/3379/316
f 1836/3491/317 1830/3490/317 1829/3518/317 1835/3523/317
f 1835/3523/318 1829/3518/318 1828/3519/318 1834/3524/318
f 1834/3525/319 1828/3526/319 1827/3527/319 1833/3528/319
f 1833/3528/320 1827/3527/320 1826/3529/320 1832/3530/320
f 1832/3530/321 1826/3529/321 1825/3531/321 1831/3532/321
f 1831/3532/322 1825/3531/322 1743/3380/322 1745/3383/322
f 1837/3489/366 1836/3488/366 1835/3533/366 1838/3534/366
f 1838/3534/367 1835/3533/367 1834/3535/367 1839/3536/367
f 1839/3536/368 1834/3535/368 1833/3537/368 1840/3538/368
f 1840/3538/369 1833/3537/369 1832/3539/369 1841/3540/369
f 1841/3540/370 1832/3539/370 1831/3541/370 1842/3542/370
f 1842/3542/328 1831/3541/328 1745/3384/328 1735/3366/328
f 1812/3494/371 1837/3489/371 1838/3534/371 1811/3496/371
f 1811/3496/372 1838/3534/372 1839/3536/372 1810/3498/372
f 1810/3498/373 1839/3536/373 1840/3538/373 1809/3543/373
f 1809/3543/374 1840/3538/374 1841/3540/374 1808/3544/374
f 1808/3544/375 1841/3540/375 1842/3542/375 1807/3545/375
f 1807/3545/334 1842/3542/334 1735/3366/334 1737/3369/334
usemtl train_base
f 1843/3546/223 1844/3547/223 1846/3548/223 1845/3549/223
f 1845/3549/224 1846/3548/224 1848/3550/224 1847/3551/224
f 1847/3552/225 1848/3553/225 1850/3546/225 1849/3554/225
f 1849/3554/226 1850/3546/226 1852/3549/226 1851/3555/226
f 1846/3556/231 1844/3557/231 1854/3558/231 1852/3559/231 1850/3560/231 1848/3561/231
f 1851/3555/228 1852/3549/228 1854/3551/228 1853/3562/228
f 1853/3553/229 1854/3563/229 1844/3547/229 1843/3546/229
f 1843/3564/230 1845/3565/230 1847/3556/230 1849/3566/230 1851/3567/230 1853/3568/230
f 1855/3569/223 1856/3570/223 1858/3571/223 1857/3572/223
f 1857/3572/224 1858/3571/224 1860/3573/224 1859/3574/224
f 1859/3575/225 1860/3576/225 1862/3569/225 1861/3577/225
f 1861/3577/226 1862/3569/226 1864/3572/226 1863/3578/226
f 1858/3579/231 1856/3580/231 1866/3581/231 1864/3582/231 1862/3583/231 1860/3584/231
f 1863/3578/228 1864/3572/228 1866/3574/228 1865/3585/228
f 1865/3576/229 1866/3586/229 1856/3570/229 1855/3569/229
f 1855/3587/230 1857/3588/230 1859/3589/230 1861/3590/230 1863/3591/230 1865/3592/230
f 1867/3593/223 1868/3594/223 1870/3595/223 1869/3596/223
f 1869/3596/224 1870/3595/224 1872/3597/224 1871/3598/224
f 1871/3599/225 1872/3600/225 1874/3593/225 1873/3601/225
f 1873/3601/226 1874/3593/226 1876/3596/226 1875/3602/226
f 1870/3603/231 1868/3604/231 1878/3605/231 1876/3568/231 1874/3606/231 1872/3607/231
f 1875/3602/228 1876/3596/228 1878/3598/228 1877/3608/228
f 1877/3600/229 1878/3609/229 1868/3594/229 1867/3593/229
f 1867/3610/230 1869/3611/230 1871/3612/230 1873/3613/230 1875/3614/230 1877/3615/230
f 1879/3616/223 1880/3617/223 1882/3618/223 1881/3619/223
f 1881/3619/224 1882/3618/224 1884/3620/224 1883/3600/224
f 1883/3563/225 1884/3599/225 1886/3601/225 1885/3547/225
f 1885/3547/226 1886/3601/226 1888/3621/226 1887/3548/226
f 1882/3622/231 1880/3623/231 1890/3624/231 1888/3625/231 1886/3626/231 1884/3627/231
f 1887/3548/228 1888/3621/228 1890/3608/228 1889/3550/228
f 1889/3628/229 1890/3629/229 1880/3617/229 1879/3616/229
f 1879/3630/230 1881/3631/230 1883/3632/230 1885/3633/230 1887/3634/230 1889/3559/230
f 1891/3635/223 1892/3636/223 1894/3637/223 1893/3638/223
f 1893/3638/224 1894/3637/224 1896/3639/224 1895/3640/224
f 1895/3641/225 1896/3642/225 1898/3635/225 1897/3643/225
f 1897/3643/226 1898/3635/226 1900/3638/226 1899/3644/226
f 1894/3645/231 1892/3646/231 1902/3647/231 1900/3648/231 1898/3649/231 1896/3650/231
f 1899/3644/228 1900/3638/228 1902/3640/228 1901/3651/228
f 1901/3642/229 1902/3652/229 1892/3636/229 1891/3635/229
f 1891/3653/230 1893/3654/230 1895/3655/230 1897/3656/230 1899/3657/230 1901/3658/230
f 1903/3659/223 1904/3616/223 1906/3660/223 1905/3661/223
f 1905/3661/224 1906/3660/224 1908/3662/224 1907/3663/224
f 1907/3664/225 1908/3665/225 1910/3659/225 1909/3666/225
f 1909/3666/226 1910/3659/226 1912/3661/226 1911/3667/226
f 1906/3668/231 1904/3669/231 1914/3670/231 1912/3671/231 1910/3672/231 1908/3673/231
f 1911/3667/228 1912/3661/228 1914/3663/228 1913/3674/228
f 1913/3665/229 1914/3675/229 1904/3616/229 1903/3659/229
f 1903/3676/230 1905/3677/230 1907/3678/230 1909/3679/230 1911/3680/230 1913/3681/230
f 1915/3682/223 1916/3666/223 1918/3667/223 1917/3683/223
f 1917/3683/224 1918/3667/224 1920/3674/224 1919/3684/224
f 1919/3685/225 1920/3686/225 1922/3682/225 1921/3687/225
f 1921/3687/226 1922/3682/226 1924/3683/226 1923/3688/226
f 1918/3689/231 1916/3690/231 1926/3691/231 1924/3692/231 1922/3693/231 1920/3694/231
f 1923/3688/228 1924/3683/228 1926/3684/228 1925/3695/228
f 1925/3686/229 1926/3664/229 1916/3666/229 1915/3682/229
f 1915/3696/230 1917/3697/230 1919/3698/230 1921/3669/230 1923/3699/230 1925/3700/230
f 1927/3701/223 1928/3687/223 1930/3688/223 1929/3702/223
f 1929/3702/224 1930/3688/224 1932/3695/224 1931/3703/224
f 1931/3704/225 1932/3705/225 1934/3706/225 1933/3707/225
f 1933/3707/226 1934/3706/226 1936/3702/226 1935/3708/226
f 1930/3709/231 1928/3710/231 1938/3711/231 1936/3712/231 1934/3623/231 1932/3713/231
f 1935/3708/228 1936/3702/228 1938/3703/228 1937/3714/228
f 1937/3705/229 1938/3685/229 1928/3687/229 1927/3701/229
f 1927/3715/230 1929/3716/230 1931/3717/230 1933/3710/230 1935/3718/230 1937/3719/230
f 1939/3720/223 1940/3721/223 1942/3722/223 1941/3723/223
f 1941/3723/224 1942/3722/224 1944/3724/224 1943/3725/224
f 1943/3726/225 1944/3724/225 1946/3727/225 1945/3728/225
f 1945/3728/226 1946/3727/226 1948/3729/226 1947/3730/226
f 1942/3731/231 1940/3732/231 1950/3733/231 1948/3734/231 1946/3735/231 1944/3736/231
f 1947/3730/228 1948/3729/228 1950/3737/228 1949/3738/228
f 1949/3739/229 1950/3740/229 1940/3721/229 1939/3720/229
f 1939/3741/230 1941/3742/230 1943/3743/230 1945/3696/230 1947/3744/230 1949/3745/230
f 1951/3746/223 1952/3747/223 1954/3748/223 1953/3749/223
f 1953/3749/224 1954/3748/224 1956/3750/224 1955/3751/224
f 1955/3752/225 1956/3750/225 1958/3753/225 1957/3754/225
f 1957/3754/226 1958/3753/226 1960/3755/226 1959/3756/226
f 1954/3757/231 1952/3758/231 1962/3759/231 1960/3760/231 1958/3741/231 1956/3761/231
f 1959/3756/228 1960/3755/228 1962/3740/228 1961/3762/228
f 1961/3763/229 1962/3764/229 1952/3747/229 1951/3746/229
f 1951/3765/230 1953/3766/230 1955/3767/230 1957/3758/230 1959/3768/230 1961/3769/230
f 1963/3770/223 1964/3771/223 1966/3772/223 1965/3773/223
f 1965/3773/224 1966/3772/224 1968/3774/224 1967/3775/224
f 1967/3776/225 1968/3774/225 1970/3777/225 1969/3778/225
f 1969/3778/226 1970/3777/226 1972/3779/226 1971/3780/226
f 1966/3781/231 1964/3782/231 1974/3783/231 1972/3784/231 1970/3765/231 1968/3785/231
f 1971/3780/228 1972/3779/228 1974/3786/228 1973/3787/228
f 1973/3788/229 1974/3737/229 1964/3771/229 1963/3770/229
f 1963/3789/230 1965/3790/230 1967/3791/230 1969/3782/230 1971/3792/230 1973/3793/230
f 1975/3794/223 1976/3795/223 1978/3796/223 1977/3797/223
f 1977/3797/224 1978/3796/224 1980/3798/224 1979/3799/224
f 1979/3800/225 1980/3798/225 1982/3801/225 1981/3802/225
f 1981/3802/226 1982/3801/226 1984/3803/226 1983/3804/226
f 1978/3805/231 1976/3806/231 1986/3807/231 1984/3808/231 1982/3715/231 1980/3809/231
f 1983/3804/228 1984/3803/228 1986/3629/228 1985/3810/228
f 1985/3811/229 1986/3786/229 1976/3795/229 1975/3794/229
f 1975/3812/230 1977/3813/230 1979/3814/230 1981/3815/230 1983/3816/230 1985/3626/230
usemtl train_handlebar.003
f 1987/3366/335 1988/3367/335 1990/3368/335 1989/3369/335
f 1989/3370/240 1990/3371/240 1992/3372/240 1991/3373/240
f 1991/3374/244 1992/3375/244 1994/3376/244 1993/3377/244
f 1993/3377/245 1994/3376/245 1996/3378/245 1995/3379/245
f 1995/3380/238 1996/3381/238 1998/3382/238 1997/3383/238
f 1997/3384/336 1998/3385/336 1988/3367/336 1987/3366/336
f 1999/3386/247 2000/3387/247 2002/3388/247 2001/3389/247
f 2001/3389/224 2002/3388/224 2004/3390/224 2003/3391/224
f 2003/3392/248 2004/3393/248 2006/3394/248 2005/3395/248
f 2005/3395/249 2006/3394/249 2008/3396/249 2007/3397/249
f 2007/3397/228 2008/3396/228 2010/3398/228 2009/3399/228
f 2009/3400/250 2010/3401/250 2000/3387/250 1999/3386/250
f 1999/3402/238 2001/3403/238 2003/3404/238 2005/3405/238 2007/3406/238 2009/3407/238
f 2011/3408/247 2012/3409/247 2014/3410/247 2013/3411/247
f 2013/3411/224 2014/3410/224 2016/3412/224 2015/3413/224
f 2015/3414/248 2016/3415/248 2018/3416/248 2017/3417/248
f 2017/3417/249 2018/3416/249 2020/3418/249 2019/3419/249
f 2019/3419/228 2020/3418/228 2022/3420/228 2021/3421/228
f 2021/3422/250 2022/3423/250 2012/3409/250 2011/3408/250
f 2011/3424/238 2013/3425/238 2015/3426/238 2017/3427/238 2019/3428/238 2021/3429/238
f 2010/3398/251 2008/3396/251 2052/3430/251 2053/3431/251
f 2008/3396/376 2006/3394/376 2046/3432/376 2052/3430/376
f 2006/3394/377 2004/3393/377 2040/3433/377 2046/3432/377
f 2004/3390/254 2002/3388/254 2034/3434/254 2040/3435/254
f 2002/3388/255 2000/3387/255 2028/3436/255 2034/3434/255
f 2000/3387/378 2010/3401/378 2053/3437/378 2028/3436/378
f 2034/3434/257 2028/3436/257 2027/3438/257 2033/3439/257
f 2033/3439/258 2027/3438/258 2026/3440/258 2032/3441/258
f 2032/3441/379 2026/3440/379 2025/3442/379 2031/3443/379
f 2031/3443/260 2025/3442/260 2024/3444/260 2030/3445/260
f 2030/3445/380 2024/3444/380 2023/3446/380 2029/3447/380
f 2029/3447/262 2023/3446/262 1988/3367/262 1998/3385/262
f 2040/3435/263 2034/3434/263 2033/3439/263 2039/3448/263
f 2039/3448/264 2033/3439/264 2032/3441/264 2038/3449/264
f 2038/3450/265 2032/3451/265 2031/3452/265 2037/3453/265
f 2037/3453/266 2031/3452/266 2030/3454/266 2036/3455/266
f 2036/3455/267 2030/3454/267 2029/3456/267 2035/3457/267
f 2035/3457/268 2029/3456/268 1998/3382/268 1996/3381/268
f 2046/3432/381 2040/3433/381 2039/3458/381 2045/3459/381
f 2045/3459/382 2039/3458/382 2038/3460/382 2044/3461/382
f 2044/3461/383 2038/3460/383 2037/3462/383 2043/3463/383
f 2043/3463/384 2037/3462/384 2036/3464/384 2042/3465/384
f 2042/3465/385 2036/3464/385 2035/3466/385 2041/3467/385
f 2041/3467/386 2035/3466/386 1996/3378/386 1994/3376/386
f 2052/3430/387 2046/3432/387 2045/3459/387 2051/3468/387
f 2051/3468/388 2045/3459/388 2044/3461/388 2050/3469/388
f 2050/3469/389 2044/3461/389 2043/3463/389 2049/3470/389
f 2049/3470/390 2043/3463/390 2042/3465/390 2048/3471/390
f 2048/3471/391 2042/3465/391 2041/3467/391 2047/3472/391
f 2047/3472/392 2041/3467/392 1994/3376/392 1992/3375/392
f 2053/3431/281 2052/3430/281 2051/3468/281 2054/3473/281
f 2054/3473/282 2051/3468/282 2050/3469/282 2055/3474/282
f 2055/3475/283 2050/3476/283 2049/3477/283 2056/3478/283
f 2056/3478/284 2049/3477/284 2048/3479/284 2057/3480/284
f 2057/3480/285 2048/3479/285 2047/3481/285 2058/3482/285
f 2058/3482/286 2047/3481/286 1992/3372/286 1990/3371/286
f 2028/3436/393 2053/3437/393 2054/3483/393 2027/3438/393
f 2027/3438/288 2054/3483/288 2055/3484/288 2026/3440/288
f 2026/3440/289 2055/3484/289 2056/3485/289 2025/3442/289
f 2025/3442/290 2056/3485/290 2057/3486/290 2024/3444/290
f 2024/3444/352 2057/3486/352 2058/3487/352 2023/3446/352
f 2023/3446/292 2058/3487/292 1990/3368/292 1988/3367/292
f 2012/3409/293 2022/3423/293 2088/3488/293 2089/3489/293
f 2022/3420/294 2020/3418/294 2082/3490/294 2088/3491/294
f 2020/3418/394 2018/3416/394 2076/3492/394 2082/3490/394
f 2018/3416/395 2016/3415/395 2070/3493/395 2076/3492/395
f 2016/3412/297 2014/3410/297 2064/3494/297 2070/3495/297
f 2014/3410/396 2012/3409/396 2089/3489/396 2064/3494/396
f 2070/3495/299 2064/3494/299 2063/3496/299 2069/3497/299
f 2069/3497/300 2063/3496/300 2062/3498/300 2068/3499/300
f 2068/3500/301 2062/3501/301 2061/3502/301 2067/3503/301
f 2067/3503/302 2061/3502/302 2060/3504/302 2066/3505/302
f 2066/3505/303 2060/3504/303 2059/3506/303 2065/3507/303
f 2065/3507/304 2059/3506/304 1989/3370/304 1991/3373/304
f 2076/3492/305 2070/3493/305 2069/3508/305 2075/3509/305
f 2075/3509/397 2069/3508/397 2068/3510/397 2074/3511/397
f 2074/3511/398 2068/3510/398 2067/3512/398 2073/3513/398
f 2073/3513/399 2067/3512/399 2066/3514/399 2072/3515/399
f 2072/3515/400 2066/3514/400 2065/3516/400 2071/3517/400
f 2071/3517/401 2065/3516/401 1991/3374/401 1993/3377/401
f 2082/3490/402 2076/3492/402 2075/3509/402 2081/3518/402
f 2081/3518/403 2075/3509/403 2074/3511/403 2080/3519/403
f 2080/3519/404 2074/3511/404 2073/3513/404 2079/3520/404
f 2079/3520/405 2073/3513/405 2072/3515/405 2078/3521/405
f 2078/3521/315 2072/3515/315 2071/3517/315 2077/3522/315
f 2077/3522/406 2071/3517/406 1993/3377/406 1995/3379/406
f 2088/3491/317 2082/3490/317 2081/3518/317 2087/3523/317
f 2087/3523/318 2081/3518/318 2080/3519/318 2086/3524/318
f 2086/3525/319 2080/3526/319 2079/3527/319 2085/3528/319
f 2085/3528/320 2079/3527/320 2078/3529/320 2084/3530/320
f 2084/3530/321 2078/3529/321 2077/3531/321 2083/3532/321
f 2083/3532/322 2077/3531/322 1995/3380/322 1997/3383/322
f 2089/3489/323 2088/3488/323 2087/3533/323 2090/3534/323
f 2090/3534/324 2087/3533/324 2086/3535/324 2091/3536/324
f 2091/3536/325 2086/3535/325 2085/3537/325 2092/3538/325
f 2092/3538/326 2085/3537/326 2084/3539/326 2093/3540/326
f 2093/3540/327 2084/3539/327 2083/3541/327 2094/3542/327
f 2094/3542/328 2083/3541/328 1997/3384/328 1987/3366/328
f 2064/3494/329 2089/3489/329 2090/3534/329 2063/3496/329
f 2063/3496/330 2090/3534/330 2091/3536/330 2062/3498/330
f 2062/3498/331 2091/3536/331 2092/3538/331 2061/3543/331
f 2061/3543/332 2092/3538/332 2093/3540/332 2060/3544/332
f 2060/3544/333 2093/3540/333 2094/3542/333 2059/3545/333
f 2059/3545/334 2094/3542/334 1987/3366/334 1989/3369/334
usemtl train_handlebar.002
f 2095/3366/335 2096/3367/335 2098/3368/335 2097/3369/335
f 2097/3370/240 2098/3371/240 2100/3372/240 2099/3373/240
f 2099/3374/244 2100/3375/244 2102/3376/244 2101/3377/244
f 2101/3377/245 2102/3376/245 2104/3378/245 2103/3379/245
f 2103/3380/238 2104/3381/238 2106/3382/238 2105/3383/238
f 2105/3384/336 2106/3385/336 2096/3367/336 2095/3366/336
f 2107/3386/247 2108/3387/247 2110/3388/247 2109/3389/247
f 2109/3389/224 2110/3388/224 2112/3390/224 2111/3391/224
f 2111/3392/248 2112/3393/248 2114/3394/248 2113/3395/248
f 2113/3395/249 2114/3394/249 2116/3396/249 2115/3397/249
f 2115/3397/228 2116/3396/228 2118/3398/228 2117/3399/228
f 2117/3400/250 2118/3401/250 2108/3387/250 2107/3386/250
f 2107/3402/238 2109/3403/238 2111/3404/238 2113/3405/238 2115/3406/238 2117/3407/238
f 2119/3408/247 2120/3409/247 2122/3410/247 2121/3411/247
f 2121/3411/224 2122/3410/224 2124/3412/224 2123/3413/224
f 2123/3414/248 2124/3415/248 2126/3416/248 2125/3417/248
f 2125/3417/249 2126/3416/249 2128/3418/249 2127/3419/249
f 2127/3419/228 2128/3418/228 2130/3420/228 2129/3421/228
f 2129/3422/250 2130/3423/250 2120/3409/250 2119/3408/250
f 2119/3424/238 2121/3425/238 2123/3426/238 2125/3427/238 2127/3428/238 2129/3429/238
f 2118/3398/251 2116/3396/251 2160/3430/251 2161/3431/251
f 2116/3396/252 2114/3394/252 2154/3432/252 2160/3430/252
f 2114/3394/407 2112/3393/407 2148/3433/407 2154/3432/407
f 2112/3390/254 2110/3388/254 2142/3434/254 2148/3435/254
f 2110/3388/408 2108/3387/408 2136/3436/408 2142/3434/408
f 2108/3387/338 2118/3401/338 2161/3437/338 2136/3436/338
f 2142/3434/339 2136/3436/339 2135/3438/339 2141/3439/339
f 2141/3439/340 2135/3438/340 2134/3440/340 2140/3441/340
f 2140/3441/409 2134/3440/409 2133/3442/409 2139/3443/409
f 2139/3443/410 2133/3442/410 2132/3444/410 2138/3445/410
f 2138/3445/343 2132/3444/343 2131/3446/343 2137/3447/343
f 2137/3447/344 2131/3446/344 2096/3367/344 2106/3385/344
f 2148/3435/263 2142/3434/263 2141/3439/263 2147/3448/263
f 2147/3448/264 2141/3439/264 2140/3441/264 2146/3449/264
f 2146/3450/265 2140/3451/265 2139/3452/265 2145/3453/265
f 2145/3453/266 2139/3452/266 2138/3454/266 2144/3455/266
f 2144/3455/267 2138/3454/267 2137/3456/267 2143/3457/267
f 2143/3457/411 2137/3456/411 2106/3382/411 2104/3381/411
f 2154/3432/269 2148/3433/269 2147/3458/269 2153/3459/269
f 2153/3459/270 2147/3458/270 2146/3460/270 2152/3461/270
f 2152/3461/346 2146/3460/346 2145/3462/346 2151/3463/346
f 2151/3463/272 2145/3462/272 2144/3464/272 2150/3465/272
f 2150/3465/273 2144/3464/273 2143/3466/273 2149/3467/273
f 2149/3467/274 2143/3466/274 2104/3378/274 2102/3376/274
f 2160/3430/275 2154/3432/275 2153/3459/275 2159/3468/275
f 2159/3468/276 2153/3459/276 2152/3461/276 2158/3469/276
f 2158/3469/277 2152/3461/277 2151/3463/277 2157/3470/277
f 2157/3470/278 2151/3463/278 2150/3465/278 2156/3471/278
f 2156/3471/391 2150/3465/391 2149/3467/391 2155/3472/391
f 2155/3472/280 2149/3467/280 2102/3376/280 2100/3375/280
f 2161/3431/281 2160/3430/281 2159/3468/281 2162/3473/281
f 2162/3473/282 2159/3468/282 2158/3469/282 2163/3474/282
f 2163/3475/283 2158/3476/283 2157/3477/283 2164/3478/283
f 2164/3478/284 2157/3477/284 2156/3479/284 2165/3480/284
f 2165/3480/285 2156/3479/285 2155/3481/285 2166/3482/285
f 2166/3482/286 2155/3481/286 2100/3372/286 2098/3371/286
f 2136/3436/348 2161/3437/348 2162/3483/348 2135/3438/348
f 2135/3438/412 2162/3483/412 2163/3484/412 2134/3440/412
f 2134/3440/413 2163/3484/413 2164/3485/413 2133/3442/413
f 2133/3442/351 2164/3485/351 2165/3486/351 2132/3444/351
f 2132/3444/352 2165/3486/352 2166/3487/352 2131/3446/352
f 2131/3446/353 2166/3487/353 2098/3368/353 2096/3367/353
f 2120/3409/354 2130/3423/354 2196/3488/354 2197/3489/354
f 2130/3420/294 2128/3418/294 2190/3490/294 2196/3491/294
f 2128/3418/295 2126/3416/295 2184/3492/295 2190/3490/295
f 2126/3416/296 2124/3415/296 2178/3493/296 2184/3492/296
f 2124/3412/297 2122/3410/297 2172/3494/297 2178/3495/297
f 2122/3410/357 2120/3409/357 2197/3489/357 2172/3494/357
f 2178/3495/299 2172/3494/299 2171/3496/299 2177/3497/299
f 2177/3497/300 2171/3496/300 2170/3498/300 2176/3499/300
f 2176/3500/301 2170/3501/301 2169/3502/301 2175/3503/301
f 2175/3503/302 2169/3502/302 2168/3504/302 2174/3505/302
f 2174/3505/303 2168/3504/303 2167/3506/303 2173/3507/303
f 2173/3507/304 2167/3506/304 2097/3370/304 2099/3373/304
f 2184/3492/305 2178/3493/305 2177/3508/305 2183/3509/305
f 2183/3509/306 2177/3508/306 2176/3510/306 2182/3511/306
f 2182/3511/360 2176/3510/360 2175/3512/360 2181/3513/360
f 2181/3513/308 2175/3512/308 2174/3514/308 2180/3515/308
f 2180/3515/400 2174/3514/400 2173/3516/400 2179/3517/400
f 2179/3517/310 2173/3516/310 2099/3374/310 2101/3377/310
f 2190/3490/311 2184/3492/311 2183/3509/311 2189/3518/311
f 2189/3518/362 2183/3509/362 2182/3511/362 2188/3519/362
f 2188/3519/313 2182/3511/313 2181/3513/313 2187/3520/313
f 2187/3520/314 2181/3513/314 2180/3515/314 2186/3521/314
f 2186/3521/365 2180/3515/365 2179/3517/365 2185/3522/365
f 2185/3522/316 2179/3517/316 2101/3377/316 2103/3379/316
f 2196/3491/317 2190/3490/317 2189/3518/317 2195/3523/317
f 2195/3523/318 2189/3518/318 2188/3519/318 2194/3524/318
f 2194/3525/319 2188/3526/319 2187/3527/319 2193/3528/319
f 2193/3528/320 2187/3527/320 2186/3529/320 2192/3530/320
f 2192/3530/321 2186/3529/321 2185/3531/321 2191/3532/321
f 2191/3532/414 2185/3531/414 2103/3380/414 2105/3383/414
f 2197/3489/366 2196/3488/366 2195/3533/366 2198/3534/366
f 2198/3534/367 2195/3533/367 2194/3535/367 2199/3536/367
f 2199/3536/368 2194/3535/368 2193/3537/368 2200/3538/368
f 2200/3538/369 2193/3537/369 2192/3539/369 2201/3540/369
f 2201/3540/370 2192/3539/370 2191/3541/370 2202/3542/370
f 2202/3542/415 2191/3541/415 2105/3384/415 2095/3366/415
f 2172/3494/329 2197/3489/329 2198/3534/329 2171/3496/329
f 2171/3496/416 2198/3534/416 2199/3536/416 2170/3498/416
f 2170/3498/373 2199/3536/373 2200/3538/373 2169/3543/373
f 2169/3543/374 2200/3538/374 2201/3540/374 2168/3544/374
f 2168/3544/375 2201/3540/375 2202/3542/375 2167/3545/375
f 2167/3545/417 2202/3542/417 2095/3366/417 2097/3369/417
usemtl antenna
f 2227/3817/418 2228/3818/418 2205/3819/418 2203/3820/418
f 2228/3821/419 2227/3822/419 2204/3823/419 2206/3824/419
f 2228/3818/420 2229/3825/420 2209/3826/420 2205/3819/420
f 2229/3827/421 2228/3821/421 2206/3824/421 2210/3828/421
f 2229/3825/422 2230/3829/422 2207/3830/422 2209/3826/422
f 2230/3831/423 2229/3827/423 2210/3828/423 2208/3832/423
f 2230/3833/424 2227/3834/424 2203/3835/424 2207/3836/424
f 2227/3837/425 2230/3838/425 2208/3839/425 2204/3840/425
f 2231/3841/426 2232/3842/426 2209/3843/426 2207/3844/426
f 2232/3845/427 2231/3846/427 2208/3847/427 2210/3848/427
f 2232/3842/428 2233/3849/428 2217/3850/428 2209/3843/428
f 2233/3851/429 2232/3845/429 2210/3848/429 2218/3852/429
f 2233/3853/430 2234/3854/430 2215/3855/430 2217/3856/430
f 2234/3857/431 2233/3851/431 2218/3852/431 2216/3858/431
f 2234/3859/432 2231/3860/432 2207/3861/432 2215/3862/432
f 2231/3846/433 2234/3857/433 2216/3858/433 2208/3847/433
f 2235/3863/434 2236/3864/434 2217/3865/434 2215/3866/434
f 2236/3867/435 2235/3868/435 2216/3869/435 2218/3870/435
f 2236/3871/436 2237/3872/436 2213/3873/436 2217/3874/436
f 2237/3875/437 2236/3867/437 2218/3870/437 2214/3876/437
f 2237/3877/438 2238/3878/438 2211/3879/438 2213/3880/438
f 2238/3881/439 2237/3875/439 2214/3876/439 2212/3882/439
f 2238/3883/440 2235/3884/440 2215/3885/440 2211/3886/440
f 2235/3887/441 2238/3888/441 2212/3889/441 2216/3890/441
f 2239/3891/442 2240/3892/442 2213/3893/442 2211/3894/442
f 2240/3895/443 2239/3896/443 2212/3897/443 2214/3898/443
f 2240/3899/444 2241/3900/444 2205/3901/444 2213/3902/444
f 2241/3903/445 2240/3895/445 2214/3898/445 2206/3904/445
f 2241/3900/446 2242/3905/446 2203/3906/446 2205/3901/446
f 2242/3907/447 2241/3903/447 2206/3904/447 2204/3908/447
f 2242/3909/448 2239/3910/448 2211/3911/448 2203/3912/448
f 2239/3896/449 2242/3907/449 2204/3908/449 2212/3897/449
f 2243/3913/450 2244/3914/450 2215/3915/450 2207/3916/450
f 2244/3917/451 2243/3918/451 2208/3919/451 2216/3920/451
f 2244/3921/452 2245/3922/452 2211/3923/452 2215/3924/452
f 2245/3925/453 2244/3917/453 2216/3920/453 2212/3926/453
f 2245/3927/454 2246/3928/454 2203/3929/454 2211/3930/454
f 2246/3931/455 2245/3925/455 2212/3926/455 2204/3932/455
f 2246/3933/456 2243/3934/456 2207/3935/456 2203/3936/456
f 2243/3918/457 2246/3931/457 2204/3932/457 2208/3919/457
f 2247/3937/458 2248/3938/458 2213/3939/458 2205/3940/458
f 2248/3941/459 2247/3942/459 2206/3904/459 2214/3898/459
f 2248/3943/460 2249/3944/460 2225/3945/460 2213/3946/460
f 2249/3947/461 2248/3948/461 2214/3949/461 2226/3950/461
f 2249/3951/462 2250/3952/462 2219/3953/462 2225/3954/462
f 2250/3955/463 2249/3947/463 2226/3950/463 2220/3956/463
f 2250/3957/464 2247/3937/464 2205/3940/464 2219/3958/464
f 2247/3942/465 2250/3959/465 2220/3960/465 2206/3904/465
f 2251/3961/466 2252/3962/466 2221/3963/466 2223/3964/466
f 2252/3965/467 2251/3966/467 2224/3967/467 2222/3968/467
f 2252/3969/468 2253/3970/468 2219/3971/468 2221/3972/468
f 2253/3973/469 2252/3965/469 2222/3968/469 2220/3974/469
f 2253/3975/470 2254/3976/470 2225/3954/470 2219/3953/470
f 2254/3977/471 2253/3973/471 2220/3974/471 2226/3978/471
f 2254/3979/472 2251/3980/472 2223/3981/472 2225/3982/472
f 2251/3966/473 2254/3977/473 2226/3978/473 2224/3967/473
f 2255/3983/474 2256/3984/474 2209/3985/474 2217/3986/474
f 2256/3987/475 2255/3988/475 2218/3852/475 2210/3848/475
f 2256/3984/476 2257/3989/476 2221/3990/476 2209/3985/476
f 2257/3991/477 2256/3987/477 2210/3848/477 2222/3992/477
f 2257/3993/478 2258/3994/478 2223/3964/478 2221/3963/478
f 2258/3995/479 2257/3996/479 2222/3997/479 2224/3950/479
f 2258/3998/480 2255/3999/480 2217/4000/480 2223/4001/480
f 2255/4002/481 2258/3995/481 2224/3950/481 2218/4003/481
f 2259/4004/482 2260/4005/482 2217/3874/482 2213/3873/482
f 2260/4006/483 2259/4007/483 2214/4008/483 2218/4009/483
f 2260/4010/484 2261/4011/484 2223/4012/484 2217/4013/484
f 2261/4014/485 2260/4006/485 2218/4009/485 2224/4015/485
f 2261/4016/486 2262/4017/486 2225/3982/486 2223/3981/486
f 2262/4018/487 2261/4019/487 2224/4020/487 2226/4021/487
f 2262/4022/488 2259/4023/488 2213/4024/488 2225/4025/488
f 2259/4007/489 2262/4026/489 2226/4027/489 2214/4008/489
f 2263/4028/490 2264/4029/490 2205/3940/490 2209/3985/490
f 2264/4030/491 2263/4031/491 2210/3828/491 2206/3824/491
f 2264/4029/492 2265/4032/492 2219/3958/492 2205/3940/492
f 2265/4033/493 2264/4034/493 2206/4035/493 2220/4036/493
f 2265/4037/494 2266/4038/494 2221/4039/494 2219/4040/494
f 2266/4041/495 2265/4033/495 2220/4036/495 2222/4042/495
f 2266/4043/496 2263/4028/496 2209/3985/496 2221/3990/496
f 2263/4044/497 2266/4041/497 2222/4042/497 2210/4045/497
f 2291/4046/498 2292/4047/498 2269/4048/498 2267/4049/498
f 2292/4050/419 2291/4051/419 2268/4052/419 2270/4053/419
f 2292/4047/420 2293/4054/420 2273/4055/420 2269/4048/420
f 2293/4056/421 2292/4050/421 2270/4053/421 2274/4057/421
f 2293/4054/499 2294/4058/499 2271/4059/499 2273/4055/499
f 2294/4060/500 2293/4056/500 2274/4057/500 2272/4061/500
f 2294/4062/424 2291/4063/424 2267/4064/424 2271/4065/424
f 2291/4066/425 2294/4067/425 2272/4068/425 2268/4069/425
f 2295/4070/501 2296/4071/501 2273/4072/501 2271/4073/501
f 2296/4074/427 2295/4075/427 2272/4076/427 2274/4077/427
f 2296/4071/428 2297/4078/428 2281/4079/428 2273/4072/428
f 2297/4080/429 2296/4074/429 2274/4077/429 2282/4081/429
f 2297/4082/502 2298/4083/502 2279/4084/502 2281/4085/502
f 2298/4086/431 2297/4080/431 2282/4081/431 2280/4087/431
f 2298/4088/432 2295/4089/432 2271/4090/432 2279/4091/432
f 2295/4075/433 2298/4086/433 2280/4087/433 2272/4076/433
f 2299/4092/434 2300/4093/434 2281/4094/434 2279/4095/434
f 2300/4096/435 2299/4097/435 2280/4098/435 2282/4099/435
f 2300/4100/436 2301/4101/436 2277/4102/436 2281/4103/436
f 2301/4104/437 2300/4096/437 2282/4099/437 2278/4105/437
f 2301/4106/438 2302/4107/438 2275/4108/438 2277/4109/438
f 2302/4110/439 2301/4104/439 2278/4105/439 2276/4111/439
f 2302/4112/440 2299/4113/440 2279/4114/440 2275/4115/440
f 2299/4116/441 2302/4117/441 2276/4118/441 2280/4119/441
f 2303/4120/503 2304/4121/503 2277/3856/503 2275/3855/503
f 2304/4122/443 2303/4123/443 2276/4124/443 2278/4125/443
f 2304/4126/444 2305/4127/444 2269/4128/444 2277/4129/444
f 2305/4130/445 2304/4122/445 2278/4125/445 2270/4131/445
f 2305/4127/504 2306/4132/504 2267/4133/504 2269/4128/504
f 2306/4134/447 2305/4130/447 2270/4131/447 2268/4135/447
f 2306/4136/448 2303/4137/448 2275/4138/448 2267/4139/448
f 2303/4123/449 2306/4134/449 2268/4135/449 2276/4124/449
f 2307/4140/450 2308/4141/450 2279/4142/450 2271/4143/450
f 2308/4144/451 2307/4145/451 2272/4146/451 2280/4147/451
f 2308/4148/452 2309/4149/452 2275/4150/452 2279/4151/452
f 2309/4152/453 2308/4144/453 2280/4147/453 2276/4153/453
f 2309/4154/454 2310/4155/454 2267/4156/454 2275/4157/454
f 2310/4158/455 2309/4152/455 2276/4153/455 2268/4159/455
f 2310/4160/456 2307/4161/456 2271/4162/456 2267/4163/456
f 2307/4145/457 2310/4158/457 2268/4159/457 2272/4146/457
f 2311/4164/458 2312/4165/458 2277/4166/458 2269/4167/458
f 2312/4168/459 2311/4169/459 2270/4131/459 2278/4125/459
f 2312/4170/505 2313/4171/505 2289/4172/505 2277/4173/505
f 2313/4174/461 2312/4175/461 2278/4176/461 2290/4177/461
f 2313/4178/462 2314/4179/462 2283/4180/462 2289/4181/462
f 2314/4182/463 2313/4174/463 2290/4177/463 2284/4183/463
f 2314/4184/464 2311/4164/464 2269/4167/464 2283/4185/464
f 2311/4169/465 2314/4186/465 2284/4187/465 2270/4131/465
f 2315/4188/466 2316/4189/466 2285/4190/466 2287/4191/466
f 2316/4192/467 2315/4193/467 2288/4194/467 2286/4195/467
f 2316/4196/468 2317/4197/468 2283/4198/468 2285/4199/468
f 2317/4200/469 2316/4192/469 2286/4195/469 2284/4201/469
f 2317/4202/470 2318/4203/470 2289/4181/470 2283/4180/470
f 2318/4204/471 2317/4200/471 2284/4201/471 2290/4205/471
f 2318/4206/472 2315/4207/472 2287/4208/472 2289/4209/472
f 2315/4193/473 2318/4204/473 2290/4205/473 2288/4194/473
f 2319/4210/474 2320/4211/474 2273/4212/474 2281/4213/474
f 2320/4214/475 2319/4215/475 2282/4081/475 2274/4077/475
f 2320/4211/476 2321/4216/476 2285/4217/476 2273/4212/476
f 2321/4218/477 2320/4214/477 2274/4077/477 2286/4219/477
f 2321/4220/478 2322/4221/478 2287/4191/478 2285/4190/478
f 2322/4222/479 2321/4223/479 2286/4224/479 2288/4225/479
f 2322/4226/506 2319/4227/506 2281/4228/506 2287/4229/506
f 2319/4230/481 2322/4222/481 2288/4225/481 2282/4231/481
f 2323/4232/482 2324/4233/482 2281/4103/482 2277/4102/482
f 2324/4234/483 2323/4235/483 2278/4236/483 2282/4237/483
f 2324/4238/484 2325/4239/484 2287/4240/484 2281/4241/484
f 2325/4242/485 2324/4234/485 2282/4237/485 2288/4243/485
f 2325/4244/486 2326/4245/486 2289/4209/486 2287/4208/486
f 2326/4246/487 2325/4247/487 2288/4248/487 2290/4249/487
f 2326/4250/488 2323/4251/488 2277/4252/488 2289/4253/488
f 2323/4235/489 2326/4254/489 2290/4255/489 2278/4236/489
f 2327/4256/490 2328/4257/490 2269/4167/490 2273/4212/490
f 2328/4258/491 2327/4259/491 2274/4057/491 2270/4053/491
f 2328/4257/492 2329/4260/492 2283/4185/492 2269/4167/492
f 2329/4261/493 2328/4262/493 2270/4263/493 2284/4264/493
f 2329/4265/494 2330/4266/494 2285/4267/494 2283/4268/494
f 2330/4269/495 2329/4261/495 2284/4264/495 2286/4270/495
f 2330/4271/496 2327/4256/496 2273/4212/496 2285/4217/496
f 2327/4272/497 2330/4269/497 2286/4270/497 2274/4273/497
f 2355/4274/418 2356/4275/418 2333/4276/418 2331/4277/418
f 2356/4278/419 2355/4279/419 2332/4280/419 2334/4281/419
f 2356/4275/420 2357/4282/420 2337/4283/420 2333/4276/420
f 2357/4284/421 2356/4278/421 2334/4281/421 2338/4285/421
f 2357/4282/422 2358/4286/422 2335/4287/422 2337/4283/422
f 2358/4288/500 2357/4284/500 2338/4285/500 2336/4289/500
f 2358/4290/507 2355/4291/507 2331/4292/507 2335/4293/507
f 2355/4294/425 2358/4295/425 2336/4296/425 2332/4297/425
f 2359/4298/426 2360/4299/426 2337/4300/426 2335/4301/426
f 2360/4302/427 2359/4303/427 2336/4304/427 2338/4305/427
f 2360/4299/428 2361/4306/428 2345/4307/428 2337/4300/428
f 2361/4308/429 2360/4302/429 2338/4305/429 2346/4309/429
f 2361/4310/508 2362/4311/508 2343/4312/508 2345/4313/508
f 2362/4314/431 2361/4308/431 2346/4309/431 2344/4315/431
f 2362/4316/432 2359/4317/432 2335/4318/432 2343/4319/432
f 2359/4303/433 2362/4314/433 2344/4315/433 2336/4304/433
f 2363/4320/509 2364/4321/509 2345/4322/509 2343/4323/509
f 2364/4324/435 2363/4325/435 2344/4326/435 2346/4327/435
f 2364/4328/510 2365/4329/510 2341/4330/510 2345/4331/510
f 2365/4332/437 2364/4324/437 2346/4327/437 2342/4333/437
f 2365/4334/511 2366/4335/511 2339/4336/511 2341/4337/511
f 2366/4338/439 2365/4332/439 2342/4333/439 2340/4339/439
f 2366/4340/440 2363/4341/440 2343/4342/440 2339/4343/440
f 2363/4344/441 2366/4345/441 2340/4346/441 2344/4347/441
f 2367/4348/512 2368/4349/512 2341/4350/512 2339/4351/512
f 2368/4352/443 2367/4353/443 2340/4354/443 2342/4355/443
f 2368/4356/444 2369/4357/444 2333/4358/444 2341/4359/444
f 2369/4360/445 2368/4352/445 2342/4355/445 2334/4361/445
f 2369/4357/446 2370/4362/446 2331/4363/446 2333/4358/446
f 2370/4364/447 2369/4360/447 2334/4361/447 2332/4365/447
f 2370/4366/448 2367/4367/448 2339/4368/448 2331/4369/448
f 2367/4353/449 2370/4364/449 2332/4365/449 2340/4354/449
f 2371/4370/450 2372/4371/450 2343/4372/450 2335/4373/450
f 2372/4374/451 2371/4375/451 2336/4376/451 2344/4377/451
f 2372/4378/452 2373/4379/452 2339/4380/452 2343/4381/452
f 2373/4382/453 2372/4374/453 2344/4377/453 2340/4383/453
f 2373/4384/454 2374/4385/454 2331/4373/454 2339/4386/454
f 2374/4387/455 2373/4382/455 2340/4383/455 2332/4388/455
f 2374/4389/513 2371/4390/513 2335/4391/513 2331/4392/513
f 2371/4375/457 2374/4387/457 2332/4388/457 2336/4376/457
f 2375/4393/458 2376/4394/458 2341/4395/458 2333/4396/458
f 2376/4397/459 2375/4398/459 2334/4361/459 2342/4355/459
f 2376/4399/514 2377/4400/514 2353/4401/514 2341/4402/514
f 2377/4403/515 2376/4404/515 2342/4405/515 2354/4406/515
f 2377/4407/462 2378/4408/462 2347/4409/462 2353/4410/462
f 2378/4411/463 2377/4403/463 2354/4406/463 2348/4412/463
f 2378/4413/464 2375/4393/464 2333/4396/464 2347/4414/464
f 2375/4398/465 2378/4415/465 2348/4416/465 2334/4361/465
f 2379/4417/466 2380/4418/466 2349/4419/466 2351/4420/466
f 2380/4421/467 2379/4422/467 2352/4423/467 2350/4424/467
f 2380/4425/468 2381/4426/468 2347/4427/468 2349/4428/468
f 2381/4429/469 2380/4421/469 2350/4424/469 2348/4430/469
f 2381/4431/470 2382/4432/470 2353/4410/470 2347/4409/470
f 2382/4433/471 2381/4429/471 2348/4430/471 2354/4434/471
f 2382/4435/472 2379/4436/472 2351/4437/472 2353/4438/472
f 2379/4422/473 2382/4433/473 2354/4434/473 2352/4423/473
f 2383/4439/474 2384/4440/474 2337/4441/474 2345/4442/474
f 2384/4443/475 2383/4444/475 2346/4309/475 2338/4305/475
f 2384/4440/476 2385/4445/476 2349/4446/476 2337/4441/476
f 2385/4447/477 2384/4443/477 2338/4305/477 2350/4448/477
f 2385/4449/478 2386/4450/478 2351/4420/478 2349/4419/478
f 2386/4451/479 2385/4452/479 2350/4453/479 2352/4454/479
f 2386/4455/516 2383/4456/516 2345/4457/516 2351/4458/516
f 2383/4459/481 2386/4451/481 2352/4454/481 2346/4460/481
f 2387/4461/482 2388/4462/482 2345/4331/482 2341/4330/482
f 2388/4463/483 2387/4464/483 2342/4465/483 2346/4466/483
f 2388/4467/517 2389/4468/517 2351/4469/517 2345/4470/517
f 2389/4471/485 2388/4463/485 2346/4466/485 2352/4472/485
f 2389/4473/486 2390/4474/486 2353/4438/486 2351/4437/486
f 2390/4475/487 2389/4476/487 2352/4477/487 2354/4478/487
f 2390/4479/518 2387/4480/518 2341/4481/518 2353/4482/518
f 2387/4464/489 2390/4483/489 2354/4484/489 2342/4465/489
f 2391/4485/490 2392/4486/490 2333/4396/490 2337/4441/490
f 2392/4487/491 2391/4488/491 2338/4285/491 2334/4281/491
f 2392/4486/492 2393/4489/492 2347/4414/492 2333/4396/492
f 2393/4490/519 2392/4491/519 2334/4492/519 2348/4270/519
f 2393/4493/494 2394/4494/494 2349/4495/494 2347/4496/494
f 2394/4497/495 2393/4490/495 2348/4270/495 2350/4498/495
f 2394/4499/496 2391/4485/496 2337/4441/496 2349/4446/496
f 2391/4500/520 2394/4497/520 2350/4498/520 2338/4035/520
f 2515/4645/527 2516/4646/527 2493/4647/527 2491/4648/527
f 2516/4649/528 2515/4650/528 2492/4651/528 2494/4652/528
f 2516/4653/529 2517/4654/529 2497/4655/529 2493/4656/529
f 2517/4657/530 2516/4658/530 2494/4659/530 2498/4660/530
f 2517/4661/531 2518/4662/531 2495/4663/531 2497/4664/531
f 2518/4665/532 2517/4666/532 2498/4667/532 2496/4668/532
f 2518/4669/533 2515/4670/533 2491/4671/533 2495/4672/533
f 2515/4673/534 2518/4674/534 2496/4675/534 2492/4676/534
f 2519/4677/535 2520/4678/535 2497/4679/535 2495/4680/535
f 2520/4681/536 2519/4682/536 2496/4683/536 2498/4684/536
f 2520/4685/537 2521/4686/537 2505/4687/537 2497/4688/537
f 2521/4689/538 2520/4690/538 2498/4691/538 2506/4692/538
f 2521/4693/539 2522/4694/539 2503/4695/539 2505/4696/539
f 2522/4697/540 2521/4698/540 2506/4699/540 2504/4700/540
f 2522/4701/541 2519/4702/541 2495/4703/541 2503/4704/541
f 2519/4705/542 2522/4706/542 2504/4707/542 2496/4708/542
f 2523/4709/543 2524/4710/543 2505/4711/543 2503/4712/543
f 2524/4713/544 2523/4714/544 2504/4715/544 2506/4716/544
f 2524/4717/545 2525/4718/545 2501/4719/545 2505/4720/545
f 2525/4721/546 2524/4722/546 2506/4723/546 2502/4724/546
f 2525/4725/547 2526/4726/547 2499/4727/547 2501/4728/547
f 2526/4729/548 2525/4730/548 2502/4731/548 2500/4732/548
f 2526/4733/549 2523/4734/549 2503/4735/549 2499/4736/549
f 2523/4737/550 2526/4738/550 2500/4739/550 2504/4740/550
f 2527/4741/551 2528/4742/551 2501/4743/551 2499/4744/551
f 2528/4745/552 2527/4746/552 2500/4747/552 2502/4748/552
f 2528/4749/553 2529/4750/553 2493/4751/553 2501/4752/553
f 2529/4753/554 2528/4754/554 2502/4755/554 2494/4756/554
f 2529/4757/555 2530/4758/555 2491/4759/555 2493/4760/555
f 2530/4761/556 2529/4762/556 2494/4763/556 2492/4764/556
f 2530/4765/557 2527/4766/557 2499/4767/557 2491/4768/557
f 2527/4769/558 2530/4770/558 2492/4771/558 2500/4772/558
f 2531/4773/559 2532/4774/559 2503/4775/559 2495/4776/559
f 2532/4777/560 2531/4778/560 2496/4779/560 2504/4780/560
f 2532/4781/561 2533/4782/561 2499/4783/561 2503/4784/561
f 2533/4785/562 2532/4786/562 2504/4787/562 2500/4788/562
f 2533/4789/563 2534/4790/563 2491/4791/563 2499/4792/563
f 2534/4793/564 2533/4794/564 2500/4795/564 2492/4796/564
f 2534/4797/565 2531/4798/565 2495/4799/565 2491/4800/565
f 2531/4801/566 2534/4802/566 2492/4803/566 2496/4804/566
f 2535/4805/567 2536/4806/567 2501/4807/567 2493/4808/567
f 2536/4809/568 2535/4810/568 2494/4811/568 2502/4812/568
f 2536/4813/569 2537/4814/569 2513/4815/569 2501/4816/569
f 2537/4817/570 2536/4818/570 2502/4819/570 2514/4820/570
f 2537/4821/571 2538/4822/571 2507/4823/571 2513/4824/571
f 2538/4825/572 2537/4826/572 2514/4827/572 2508/4828/572
f 2538/4829/573 2535/4830/573 2493/4831/573 2507/4832/573
f 2535/4833/574 2538/4834/574 2508/4835/574 2494/4836/574
f 2539/4837/575 2540/4838/575 2509/4839/575 2511/4840/575
f 2540/4841/576 2539/4842/576 2512/4843/576 2510/4844/576
f 2540/4845/577 2541/4846/577 2507/4847/577 2509/4848/577
f 2541/4849/578 2540/4850/578 2510/4851/578 2508/4852/578
f 2541/4853/579 2542/4854/579 2513/4855/579 2507/4856/579
f 2542/4857/580 2541/4858/580 2508/4859/580 2514/4860/580
f 2542/4861/581 2539/4862/581 2511/4863/581 2513/4864/581
f 2539/4865/582 2542/4866/582 2514/4867/582 2512/4868/582
f 2543/4869/583 2544/4870/583 2497/4871/583 2505/4872/583
f 2544/4873/584 2543/4874/584 2506/4875/584 2498/4876/584
f 2544/4877/585 2545/4878/585 2509/4879/585 2497/4880/585
f 2545/4881/586 2544/4882/586 2498/4883/586 2510/4884/586
f 2545/4885/587 2546/4886/587 2511/4887/587 2509/4888/587
f 2546/4889/588 2545/4890/588 2510/4891/588 2512/4892/588
f 2546/4893/589 2543/4894/589 2505/4895/589 2511/4896/589
f 2543/4897/590 2546/4898/590 2512/4899/590 2506/4900/590
f 2547/4901/591 2548/4902/591 2505/4903/591 2501/4904/591
f 2548/4905/592 2547/4906/592 2502/4907/592 2506/4908/592
f 2548/4909/593 2549/4910/593 2511/4911/593 2505/4912/593
f 2549/4913/594 2548/4914/594 2506/4915/594 2512/4916/594
f 2549/4917/595 2550/4918/595 2513/4919/595 2511/4920/595
f 2550/4921/596 2549/4922/596 2512/4923/596 2514/4924/596
f 2550/4925/597 2547/4926/597 2501/4927/597 2513/4928/597
f 2547/4929/598 2550/4930/598 2514/4931/598 2502/4932/598
f 2551/4933/599 2552/4934/599 2493/4935/599 2497/4936/599
f 2552/4937/600 2551/4938/600 2498/4939/600 2494/4940/600
f 2552/4941/601 2553/4942/601 2507/4943/601 2493/4944/601
f 2553/4945/602 2552/4946/602 2494/4947/602 2508/4948/602
f 2553/4949/603 2554/4950/603 2509/4951/603 2507/4952/603
f 2554/4953/604 2553/4954/604 2508/4955/604 2510/4956/604
f 2554/4957/605 2551/4958/605 2497/4959/605 2509/4960/605
f 2551/4961/606 2554/4962/606 2510/4963/606 2498/4964/606
f 2579/4965/607 2580/4966/607 2557/4967/607 2555/4968/607
f 2580/4969/608 2579/4970/608 2556/4971/608 2558/4972/608
f 2580/4973/609 2581/4974/609 2561/4975/609 2557/4976/609
f 2581/4977/610 2580/4978/610 2558/4979/610 2562/4980/610
f 2581/4981/611 2582/4982/611 2559/4983/611 2561/4984/611
f 2582/4985/612 2581/4986/612 2562/4987/612 2560/4988/612
f 2582/4989/613 2579/4990/613 2555/4991/613 2559/4992/613
f 2579/4993/534 2582/4994/534 2560/4995/534 2556/4996/534
f 2583/4997/614 2584/4998/614 2561/4999/614 2559/5000/614
f 2584/5001/615 2583/5002/615 2560/5003/615 2562/5004/615
f 2584/5005/537 2585/5006/537 2569/5007/537 2561/5008/537
f 2585/5009/538 2584/5010/538 2562/5011/538 2570/5012/538
f 2585/5013/616 2586/5014/616 2567/5015/616 2569/5016/616
f 2586/5017/540 2585/5018/540 2570/5019/540 2568/5020/540
f 2586/5021/541 2583/5022/541 2559/5023/541 2567/5024/541
f 2583/5025/542 2586/5026/542 2568/5027/542 2560/5028/542
f 2587/5029/617 2588/5030/617 2569/5031/617 2567/5032/617
f 2588/5033/618 2587/5034/618 2568/5035/618 2570/5036/618
f 2588/5037/619 2589/5038/619 2565/5039/619 2569/5040/619
f 2589/5041/620 2588/5042/620 2570/5043/620 2566/5044/620
f 2589/5045/621 2590/5046/621 2563/5047/621 2565/5048/621
f 2590/5049/622 2589/5050/622 2566/5051/622 2564/5052/622
f 2590/5053/549 2587/5054/549 2567/5055/549 2563/5056/549
f 2587/5057/550 2590/5058/550 2564/5059/550 2568/5060/550
f 2591/5061/623 2592/5062/623 2565/5063/623 2563/5064/623
f 2592/5065/552 2591/5066/552 2564/5067/552 2566/5068/552
f 2592/5069/553 2593/5070/553 2557/5071/553 2565/5072/553
f 2593/5073/554 2592/5074/554 2566/5075/554 2558/5076/554
f 2593/5077/624 2594/5078/624 2555/5079/624 2557/5080/624
f 2594/5081/625 2593/5082/625 2558/5083/625 2556/5084/625
f 2594/5085/557 2591/5086/557 2563/5087/557 2555/5088/557
f 2591/5089/558 2594/5090/558 2556/5091/558 2564/5092/558
f 2595/5093/559 2596/5094/559 2567/5095/559 2559/5096/559
f 2596/5097/560 2595/5098/560 2560/5099/560 2568/5100/560
f 2596/5101/561 2597/5102/561 2563/5103/561 2567/5104/561
f 2597/5105/562 2596/5106/562 2568/5107/562 2564/5108/562
f 2597/5109/563 2598/5110/563 2555/5111/563 2563/5112/563
f 2598/5113/564 2597/5114/564 2564/5115/564 2556/5116/564
f 2598/5117/626 2595/5118/626 2559/5119/626 2555/5120/626
f 2595/5121/566 2598/5122/566 2556/5123/566 2560/5124/566
f 2599/5125/567 2600/5126/567 2565/5127/567 2557/5128/567
f 2600/5129/568 2599/5130/568 2558/5131/568 2566/5132/568
f 2600/5133/627 2601/5134/627 2577/5135/627 2565/5136/627
f 2601/5137/570 2600/5138/570 2566/5139/570 2578/5140/570
f 2601/5141/571 2602/5142/571 2571/5143/571 2577/5144/571
f 2602/5145/572 2601/5146/572 2578/5147/572 2572/5148/572
f 2602/5149/628 2599/5150/628 2557/5151/628 2571/5152/628
f 2599/5153/574 2602/5154/574 2572/5155/574 2558/5156/574
f 2603/5157/575 2604/5158/575 2573/5159/575 2575/5160/575
f 2604/5161/576 2603/5162/576 2576/5163/576 2574/5164/576
f 2604/5165/629 2605/5166/629 2571/5167/629 2573/5168/629
f 2605/5169/578 2604/5170/578 2574/5171/578 2572/5172/578
f 2605/5173/579 2606/5174/579 2577/5175/579 2571/5176/579
f 2606/5177/580 2605/5178/580 2572/5179/580 2578/5180/580
f 2606/5181/581 2603/5182/581 2575/5183/581 2577/5184/581
f 2603/5185/582 2606/5186/582 2578/5187/582 2576/5188/582
f 2607/5189/583 2608/5190/583 2561/5191/583 2569/5192/583
f 2608/5193/584 2607/5194/584 2570/5195/584 2562/5196/584
f 2608/5197/630 2609/5198/630 2573/5199/630 2561/5200/630
f 2609/5201/586 2608/5202/586 2562/5203/586 2574/5204/586
f 2609/5205/587 2610/5206/587 2575/5207/587 2573/5208/587
f 2610/5209/588 2609/5210/588 2574/5211/588 2576/5212/588
f 2610/5213/631 2607/5214/631 2569/5215/631 2575/5216/631
f 2607/5217/590 2610/5218/590 2576/5219/590 2570/5220/590
f 2611/5221/632 2612/5222/632 2569/5223/632 2565/5224/632
f 2612/5225/592 2611/5226/592 2566/5227/592 2570/5228/592
f 2612/5229/593 2613/5230/593 2575/5231/593 2569/5232/593
f 2613/5233/594 2612/5234/594 2570/5235/594 2576/5236/594
f 2613/5237/595 2614/5238/595 2577/5239/595 2575/5240/595
f 2614/5241/633 2613/5242/633 2576/5243/633 2578/5244/633
f 2614/5245/597 2611/5246/597 2565/5247/597 2577/5248/597
f 2611/5249/598 2614/5250/598 2578/5251/598 2566/5252/598
f 2615/5253/599 2616/5254/599 2557/5255/599 2561/5256/599
f 2616/5257/634 2615/5258/634 2562/5259/634 2558/5260/634
f 2616/5261/635 2617/5262/635 2571/5263/635 2557/5264/635
f 2617/5265/636 2616/5266/636 2558/5267/636 2572/5268/636
f 2617/5269/637 2618/5270/637 2573/5271/637 2571/5272/637
f 2618/5273/638 2617/5274/638 2572/5275/638 2574/5276/638
f 2618/5277/639 2615/5278/639 2561/5279/639 2573/5280/639
f 2615/5281/640 2618/5282/640 2574/5283/640 2562/5284/640
f 2643/5285/527 2644/5286/527 2621/5287/527 2619/5288/527
f 2644/5289/528 2643/5290/528 2620/5291/528 2622/5292/528
f 2644/5293/529 2645/5294/529 2625/5295/529 2621/5296/529
f 2645/5297/530 2644/5298/530 2622/5299/530 2626/5300/530
f 2645/5301/531 2646/5302/531 2623/5303/531 2625/5304/531
f 2646/5305/532 2645/5306/532 2626/5307/532 2624/5308/532
f 2646/5309/533 2643/5310/533 2619/5311/533 2623/5312/533
f 2643/5313/534 2646/5314/534 2624/5315/534 2620/5316/534
f 2647/5317/535 2648/5318/535 2625/5319/535 2623/5320/535
f 2648/5321/641 2647/5322/641 2624/5323/641 2626/5324/641
f 2648/5325/537 2649/5326/537 2633/5327/537 2625/5328/537
f 2649/5329/538 2648/5330/538 2626/5331/538 2634/5332/538
f 2649/5333/539 2650/5334/539 2631/5335/539 2633/5336/539
f 2650/5337/540 2649/5338/540 2634/5339/540 2632/5340/540
f 2650/5341/541 2647/5342/541 2623/5343/541 2631/5344/541
f 2647/5345/542 2650/5346/542 2632/5347/542 2624/5348/542
f 2651/5349/642 2652/5350/642 2633/5351/642 2631/5352/642
f 2652/5353/618 2651/5354/618 2632/5355/618 2634/5356/618
f 2652/5357/545 2653/5358/545 2629/5359/545 2633/5360/545
f 2653/5361/546 2652/5362/546 2634/5363/546 2630/5364/546
f 2653/5365/643 2654/5366/643 2627/5367/643 2629/5368/643
f 2654/5369/622 2653/5370/622 2630/5371/622 2628/5372/622
f 2654/5373/549 2651/5374/549 2631/5375/549 2627/5376/549
f 2651/5377/550 2654/5378/550 2628/5379/550 2632/5380/550
f 2655/5381/551 2656/5382/551 2629/5383/551 2627/5384/551
f 2656/5385/552 2655/5386/552 2628/5387/552 2630/5388/552
f 2656/5389/553 2657/5390/553 2621/5391/553 2629/5392/553
f 2657/5393/554 2656/5394/554 2630/5395/554 2622/5396/554
f 2657/5397/555 2658/5398/555 2619/5399/555 2621/5400/555
f 2658/5401/644 2657/5402/644 2622/5403/644 2620/5404/644
f 2658/5405/557 2655/5406/557 2627/5407/557 2619/5408/557
f 2655/5409/558 2658/5410/558 2620/5411/558 2628/5412/558
f 2659/5413/559 2660/5414/559 2631/5415/559 2623/5416/559
f 2660/5417/560 2659/5418/560 2624/5419/560 2632/5420/560
f 2660/5421/561 2661/5422/561 2627/5423/561 2631/5424/561
f 2661/5425/562 2660/5426/562 2632/5427/562 2628/5428/562
f 2661/5429/563 2662/5430/563 2619/5431/563 2627/5432/563
f 2662/5433/564 2661/5434/564 2628/5435/564 2620/5436/564
f 2662/5437/565 2659/5438/565 2623/5439/565 2619/5440/565
f 2659/5441/566 2662/5442/566 2620/5443/566 2624/5444/566
f 2663/5445/567 2664/5446/567 2629/5447/567 2621/5448/567
f 2664/5449/568 2663/5450/568 2622/5451/568 2630/5452/568
f 2664/5453/569 2665/5454/569 2641/5455/569 2629/5456/569
f 2665/5457/570 2664/5458/570 2630/5459/570 2642/5460/570
f 2665/5461/571 2666/5462/571 2635/5463/571 2641/5464/571
f 2666/5465/572 2665/5466/572 2642/5467/572 2636/5468/572
f 2666/5469/628 2663/5470/628 2621/5471/628 2635/5472/628
f 2663/5473/574 2666/5474/574 2636/5475/574 2622/5476/574
f 2667/5477/575 2668/5478/575 2637/5479/575 2639/5480/575
f 2668/5481/576 2667/5482/576 2640/5483/576 2638/5484/576
f 2668/5485/577 2669/5486/577 2635/5487/577 2637/5488/577
f 2669/5489/578 2668/5490/578 2638/5491/578 2636/5492/578
f 2669/5493/579 2670/5494/579 2641/5495/579 2635/5496/579
f 2670/5497/580 2669/5498/580 2636/5499/580 2642/5500/580
f 2670/5501/581 2667/5502/581 2639/5503/581 2641/5504/581
f 2667/5505/582 2670/5506/582 2642/5507/582 2640/5508/582
f 2671/5509/583 2672/5510/583 2625/5511/583 2633/5512/583
f 2672/5513/584 2671/5514/584 2634/5515/584 2626/5516/584
f 2672/5517/630 2673/5518/630 2637/5519/630 2625/5520/630
f 2673/5521/586 2672/5522/586 2626/5523/586 2638/5524/586
f 2673/5525/587 2674/5526/587 2639/5527/587 2637/5528/587
f 2674/5529/588 2673/5530/588 2638/5531/588 2640/5532/588
f 2674/5533/589 2671/5534/589 2633/5535/589 2639/5536/589
f 2671/5537/590 2674/5538/590 2640/5539/590 2634/5540/590
f 2675/5541/591 2676/5542/591 2633/5543/591 2629/5544/591
f 2676/5545/592 2675/5546/592 2630/5547/592 2634/5548/592
f 2676/5549/645 2677/5550/645 2639/5551/645 2633/5552/645
f 2677/5553/594 2676/5554/594 2634/5555/594 2640/5556/594
f 2677/5557/595 2678/5558/595 2641/5559/595 2639/5560/595
f 2678/5561/596 2677/5562/596 2640/5563/596 2642/5564/596
f 2678/5565/646 2675/5566/646 2629/5567/646 2641/5568/646
f 2675/5569/598 2678/5570/598 2642/5571/598 2630/5572/598
f 2679/5573/599 2680/5574/599 2621/5575/599 2625/5576/599
f 2680/5577/600 2679/5578/600 2626/5579/600 2622/5580/600
f 2680/5581/647 2681/5582/647 2635/5583/647 2621/5584/647
f 2681/5585/602 2680/5586/602 2622/5587/602 2636/5588/602
f 2681/5589/603 2682/5590/603 2637/5591/603 2635/5592/603
f 2682/5593/604 2681/5594/604 2636/5595/604 2638/5596/604
f 2682/5597/639 2679/5598/639 2625/5599/639 2637/5600/639
f 2679/5601/606 2682/5602/606 2638/5603/606 2626/5604/606
usemtl joints
f 2395/3167/225 2396/3168/225 2398/3169/225 2397/3170/225
f 2397/3170/224 2398/3169/224 2400/3171/224 2399/3172/224
f 2399/3172/223 2400/3171/223 2402/3173/223 2401/3174/223
f 2401/3175/229 2402/3176/229 2404/3177/229 2403/3178/229
f 2400/3171/521 2398/3169/521 2407/3179/521 2409/3180/521
f 2403/3178/228 2404/3177/228 2406/3181/228 2405/3182/228
f 2405/3182/226 2406/3181/226 2396/3183/226 2395/3184/226
f 2395/3185/231 2397/3186/231 2399/3187/231 2401/3188/231 2403/3189/231 2405/3190/231
f 2407/3191/230 2408/3192/230 2412/3193/230 2411/3194/230 2410/3195/230 2409/3196/230
f 2406/3181/522 2404/3177/522 2411/3197/522 2412/3198/522
f 2398/3169/523 2396/3168/523 2408/3199/523 2407/3179/523
f 2402/3173/524 2400/3171/524 2409/3180/524 2410/3200/524
f 2396/3183/525 2406/3181/525 2412/3198/525 2408/3201/525
f 2404/3177/526 2402/3176/526 2410/3202/526 2411/3197/526
f 2413/3203/223 2415/3204/223 2416/3205/223 2414/3206/223
f 2415/3204/224 2417/3207/224 2418/3208/224 2416/3205/224
f 2417/3207/225 2419/3209/225 2420/3210/225 2418/3208/225
f 2419/3211/226 2421/3212/226 2422/3213/226 2420/3214/226
f 2418/3208/521 2427/3215/521 2425/3216/521 2416/3205/521
f 2421/3212/228 2423/3217/228 2424/3218/228 2422/3213/228
f 2423/3217/229 2413/3219/229 2414/3220/229 2424/3218/229
f 2413/3221/231 2423/3222/231 2421/3223/231 2419/3224/231 2417/3225/231 2415/3226/231
f 2425/3227/230 2427/3228/230 2428/3229/230 2429/3230/230 2430/3231/230 2426/3232/230
f 2424/3218/522 2430/3233/522 2429/3234/522 2422/3213/522
f 2416/3205/524 2425/3216/524 2426/3235/524 2414/3206/524
f 2420/3210/523 2428/3236/523 2427/3215/523 2418/3208/523
f 2414/3220/526 2426/3237/526 2430/3233/526 2424/3218/526
f 2422/3213/525 2429/3234/525 2428/3238/525 2420/3214/525
usemtl joints.003
f 2683/3167/223 2684/3168/223 2686/3169/223 2685/3170/223
f 2685/3170/224 2686/3169/224 2688/3171/224 2687/3172/224
f 2687/3172/225 2688/3171/225 2690/3173/225 2689/3174/225
f 2689/3175/226 2690/3176/226 2692/3177/226 2691/3178/226
f 2688/3171/227 2686/3169/227 2695/3179/227 2697/3180/227
f 2691/3178/228 2692/3177/228 2694/3181/228 2693/3182/228
f 2693/3182/229 2694/3181/229 2684/3183/229 2683/3184/229
f 2683/3185/230 2685/3186/230 2687/3187/230 2689/3188/230 2691/3189/230 2693/3190/230
f 2695/3191/231 2696/3192/231 2700/3193/231 2699/3194/231 2698/3195/231 2697/3196/231
f 2694/3181/232 2692/3177/232 2699/3197/232 2700/3198/232
f 2686/3169/233 2684/3168/233 2696/3199/233 2695/3179/233
f 2690/3173/234 2688/3171/234 2697/3180/234 2698/3200/234
f 2684/3183/235 2694/3181/235 2700/3198/235 2696/3201/235
f 2692/3177/236 2690/3176/236 2698/3202/236 2699/3197/236
f 2701/3203/225 2703/3204/225 2704/3205/225 2702/3206/225
f 2703/3204/224 2705/3207/224 2706/3208/224 2704/3205/224
f 2705/3207/223 2707/3209/223 2708/3210/223 2706/3208/223
f 2707/3211/229 2709/3212/229 2710/3213/229 2708/3214/229
f 2706/3208/227 2715/3215/227 2713/3216/227 2704/3205/227
f 2709/3212/228 2711/3217/228 2712/3218/228 2710/3213/228
f 2711/3217/226 2701/3219/226 2702/3220/226 2712/3218/226
f 2701/3221/230 2711/3222/230 2709/3223/230 2707/3224/230 2705/3225/230 2703/3226/230
f 2713/3227/231 2715/3228/231 2716/3229/231 2717/3230/231 2718/3231/231 2714/3232/231
f 2712/3218/232 2718/3233/232 2717/3234/232 2710/3213/232
f 2704/3205/234 2713/3216/234 2714/3235/234 2702/3206/234
f 2708/3210/233 2716/3236/233 2715/3215/233 2706/3208/233
f 2702/3220/236 2714/3237/236 2718/3233/236 2712/3218/236
f 2710/3213/235 2717/3234/235 2716/3238/235 2708/3214/235
usemtl train_wheels.001
f 2719/3239/237 2720/3240/237 2722/3241/237 2721/3242/237
f 2721/3243/238 2722/3244/238 2726/3245/238 2725/3246/238
f 2725/3247/239 2726/3248/239 2724/3249/239 2723/3250/239
f 2723/3251/240 2724/3252/240 2720/3253/240 2719/3254/240
f 2721/3255/224 2725/3256/224 2723/3257/224 2719/3258/224
f 2726/3259/228 2722/3260/228 2720/3261/228 2724/3262/228
f 2727/3263/239 2729/3250/239 2730/3264/239 2728/3265/239
f 2729/3266/238 2733/3267/238 2734/3268/238 2730/3269/238
f 2733/3239/237 2731/3270/237 2732/3271/237 2734/3240/237
f 2731/3272/240 2727/3273/240 2728/3274/240 2732/3275/240
f 2729/3276/224 2727/3277/224 2731/3278/224 2733/3279/224
f 2734/3280/228 2732/3281/228 2728/3282/228 2730/3258/228
f 2735/3283/237 2736/3284/237 2738/3285/237 2737/3286/237
f 2737/3287/238 2738/3288/238 2742/3289/238 2741/3290/238
f 2741/3291/239 2742/3292/239 2740/3293/239 2739/3294/239
f 2739/3295/240 2740/3296/240 2736/3297/240 2735/3298/240
f 2737/3299/224 2741/3300/224 2739/3301/224 2735/3302/224
f 2742/3303/228 2738/3304/228 2736/3305/228 2740/3306/228
usemtl coach_no.001
f 2743/3307/241 2744/3308/241 2746/3309/241 2745/3310/241
f 2745/3311/238 2746/3312/238 2748/3308/238 2747/3307/238
f 2745/3313/224 2747/3314/224 2743/3315/224
f 2748/3316/228 2746/3317/228 2744/3318/228
f 2748/3319/242 2744/3320/242 2743/3321/242 2747/3322/242
usemtl train_name.002
f 2756/3323/238 2753/3324/238 2754/3325/238 2755/3326/238
f 2751/3327/240 2752/3328/240 2750/3329/240 2749/3330/240
f 2753/3331/231 2761/3332/231 2762/3333/231 2754/3334/231
f 2759/3335/240 2760/3336/240 2762/3337/240 2761/3338/240
f 2757/3339/240 2758/3340/240 2764/3341/240 2763/3342/240
f 2749/3343/231 2750/3344/231 2758/3345/231 2757/3346/231
f 2756/3347/228 2764/3348/228 2758/3349/228 2750/3350/228 2752/3351/228 2759/3352/228 2761/3353/228 2753/3354/228
f 2754/3355/224 2762/3356/224 2760/3357/224 2751/3358/224 2749/3359/224 2757/3360/224 2763/3361/224 2755/3362/224
f 2752/3346/230 2751/3363/230 2760/3364/230 2759/3343/230
f 2755/3365/230 2763/3344/230 2764/3334/230 2756/3333/230
usemtl train_name.003
f 2772/3323/238 2769/3324/238 2770/3325/238 2771/3326/238
f 2767/3327/240 2768/3328/240 2766/3329/240 2765/3330/240
f 2769/3331/231 2777/3332/231 2778/3333/231 2770/3334/231
f 2775/3335/240 2776/3336/240 2778/3337/240 2777/3338/240
f 2773/3339/240 2774/3340/240 2780/3341/240 2779/3342/240
f 2765/3343/231 2766/3344/231 2774/3345/231 2773/3346/231
f 2772/3347/228 2780/3348/228 2774/3349/228 2766/3350/228 2768/3351/228 2775/3352/228 2777/3353/228 2769/3354/228
f 2770/3355/224 2778/3356/224 2776/3357/224 2767/3358/224 2765/3359/224 2773/3360/224 2779/3361/224 2771/3362/224
f 2768/3346/230 2767/3363/230 2776/3364/230 2775/3343/230
f 2771/3365/230 2779/3344/230 2780/3334/230 2772/3333/230
usemtl train_handlebar.004
f 2781/3366/335 2782/3367/335 2784/3368/335 2783/3369/335
f 2783/3370/240 2784/3371/240 2786/3372/240 2785/3373/240
f 2785/3374/244 2786/3375/244 2788/3376/244 2787/3377/244
f 2787/3377/245 2788/3376/245 2790/3378/245 2789/3379/245
f 2789/3380/238 2790/3381/238 2792/3382/238 2791/3383/238
f 2791/3384/336 2792/3385/336 2782/3367/336 2781/3366/336
f 2793/3386/247 2794/3387/247 2796/3388/247 2795/3389/247
f 2795/3389/224 2796/3388/224 2798/3390/224 2797/3391/224
f 2797/3392/248 2798/3393/248 2800/3394/248 2799/3395/248
f 2799/3395/249 2800/3394/249 2802/3396/249 2801/3397/249
f 2801/3397/228 2802/3396/228 2804/3398/228 2803/3399/228
f 2803/3400/250 2804/3401/250 2794/3387/250 2793/3386/250
f 2793/3402/238 2795/3403/238 2797/3404/238 2799/3405/238 2801/3406/238 2803/3407/238
f 2805/3408/247 2806/3409/247 2808/3410/247 2807/3411/247
f 2807/3411/224 2808/3410/224 2810/3412/224 2809/3413/224
f 2809/3414/248 2810/3415/248 2812/3416/248 2811/3417/248
f 2811/3417/249 2812/3416/249 2814/3418/249 2813/3419/249
f 2813/3419/228 2814/3418/228 2816/3420/228 2815/3421/228
f 2815/3422/250 2816/3423/250 2806/3409/250 2805/3408/250
f 2805/3424/238 2807/3425/238 2809/3426/238 2811/3427/238 2813/3428/238 2815/3429/238
f 2804/3398/251 2802/3396/251 2846/3430/251 2847/3431/251
f 2802/3396/252 2800/3394/252 2840/3432/252 2846/3430/252
f 2800/3394/407 2798/3393/407 2834/3433/407 2840/3432/407
f 2798/3390/254 2796/3388/254 2828/3434/254 2834/3435/254
f 2796/3388/255 2794/3387/255 2822/3436/255 2828/3434/255
f 2794/3387/378 2804/3401/378 2847/3437/378 2822/3436/378
f 2828/3434/257 2822/3436/257 2821/3438/257 2827/3439/257
f 2827/3439/258 2821/3438/258 2820/3440/258 2826/3441/258
f 2826/3441/259 2820/3440/259 2819/3442/259 2825/3443/259
f 2825/3443/260 2819/3442/260 2818/3444/260 2824/3445/260
f 2824/3445/380 2818/3444/380 2817/3446/380 2823/3447/380
f 2823/3447/262 2817/3446/262 2782/3367/262 2792/3385/262
f 2834/3435/263 2828/3434/263 2827/3439/263 2833/3448/263
f 2833/3448/264 2827/3439/264 2826/3441/264 2832/3449/264
f 2832/3450/265 2826/3451/265 2825/3452/265 2831/3453/265
f 2831/3453/266 2825/3452/266 2824/3454/266 2830/3455/266
f 2830/3455/267 2824/3454/267 2823/3456/267 2829/3457/267
f 2829/3457/268 2823/3456/268 2792/3382/268 2790/3381/268
f 2840/3432/269 2834/3433/269 2833/3458/269 2839/3459/269
f 2839/3459/270 2833/3458/270 2832/3460/270 2838/3461/270
f 2838/3461/346 2832/3460/346 2831/3462/346 2837/3463/346
f 2837/3463/272 2831/3462/272 2830/3464/272 2836/3465/272
f 2836/3465/273 2830/3464/273 2829/3466/273 2835/3467/273
f 2835/3467/274 2829/3466/274 2790/3378/274 2788/3376/274
f 2846/3430/275 2840/3432/275 2839/3459/275 2845/3468/275
f 2845/3468/276 2839/3459/276 2838/3461/276 2844/3469/276
f 2844/3469/277 2838/3461/277 2837/3463/277 2843/3470/277
f 2843/3470/278 2837/3463/278 2836/3465/278 2842/3471/278
f 2842/3471/391 2836/3465/391 2835/3467/391 2841/3472/391
f 2841/3472/280 2835/3467/280 2788/3376/280 2786/3375/280
f 2847/3431/281 2846/3430/281 2845/3468/281 2848/3473/281
f 2848/3473/282 2845/3468/282 2844/3469/282 2849/3474/282
f 2849/3475/283 2844/3476/283 2843/3477/283 2850/3478/283
f 2850/3478/284 2843/3477/284 2842/3479/284 2851/3480/284
f 2851/3480/285 2842/3479/285 2841/3481/285 2852/3482/285
f 2852/3482/286 2841/3481/286 2786/3372/286 2784/3371/286
f 2822/3436/393 2847/3437/393 2848/3483/393 2821/3438/393
f 2821/3438/288 2848/3483/288 2849/3484/288 2820/3440/288
f 2820/3440/289 2849/3484/289 2850/3485/289 2819/3442/289
f 2819/3442/290 2850/3485/290 2851/3486/290 2818/3444/290
f 2818/3444/352 2851/3486/352 2852/3487/352 2817/3446/352
f 2817/3446/292 2852/3487/292 2784/3368/292 2782/3367/292
f 2806/3409/293 2816/3423/293 2882/3488/293 2883/3489/293
f 2816/3420/294 2814/3418/294 2876/3490/294 2882/3491/294
f 2814/3418/295 2812/3416/295 2870/3492/295 2876/3490/295
f 2812/3416/296 2810/3415/296 2864/3493/296 2870/3492/296
f 2810/3412/297 2808/3410/297 2858/3494/297 2864/3495/297
f 2808/3410/396 2806/3409/396 2883/3489/396 2858/3494/396
f 2864/3495/299 2858/3494/299 2857/3496/299 2863/3497/299
f 2863/3497/300 2857/3496/300 2856/3498/300 2862/3499/300
f 2862/3500/301 2856/3501/301 2855/3502/301 2861/3503/301
f 2861/3503/302 2855/3502/302 2854/3504/302 2860/3505/302
f 2860/3505/303 2854/3504/303 2853/3506/303 2859/3507/303
f 2859/3507/304 2853/3506/304 2783/3370/304 2785/3373/304
f 2870/3492/305 2864/3493/305 2863/3508/305 2869/3509/305
f 2869/3509/306 2863/3508/306 2862/3510/306 2868/3511/306
f 2868/3511/360 2862/3510/360 2861/3512/360 2867/3513/360
f 2867/3513/308 2861/3512/308 2860/3514/308 2866/3515/308
f 2866/3515/309 2860/3514/309 2859/3516/309 2865/3517/309
f 2865/3517/310 2859/3516/310 2785/3374/310 2787/3377/310
f 2876/3490/311 2870/3492/311 2869/3509/311 2875/3518/311
f 2875/3518/362 2869/3509/362 2868/3511/362 2874/3519/362
f 2874/3519/313 2868/3511/313 2867/3513/313 2873/3520/313
f 2873/3520/648 2867/3513/648 2866/3515/648 2872/3521/648
f 2872/3521/365 2866/3515/365 2865/3517/365 2871/3522/365
f 2871/3522/316 2865/3517/316 2787/3377/316 2789/3379/316
f 2882/3491/317 2876/3490/317 2875/3518/317 2881/3523/317
f 2881/3523/318 2875/3518/318 2874/3519/318 2880/3524/318
f 2880/3525/319 2874/3526/319 2873/3527/319 2879/3528/319
f 2879/3528/320 2873/3527/320 2872/3529/320 2878/3530/320
f 2878/3530/321 2872/3529/321 2871/3531/321 2877/3532/321
f 2877/3532/322 2871/3531/322 2789/3380/322 2791/3383/322
f 2883/3489/323 2882/3488/323 2881/3533/323 2884/3534/323
f 2884/3534/324 2881/3533/324 2880/3535/324 2885/3536/324
f 2885/3536/649 2880/3535/649 2879/3537/649 2886/3538/649
f 2886/3538/326 2879/3537/326 2878/3539/326 2887/3540/326
f 2887/3540/327 2878/3539/327 2877/3541/327 2888/3542/327
f 2888/3542/328 2877/3541/328 2791/3384/328 2781/3366/328
f 2858/3494/329 2883/3489/329 2884/3534/329 2857/3496/329
f 2857/3496/330 2884/3534/330 2885/3536/330 2856/3498/330
f 2856/3498/331 2885/3536/331 2886/3538/331 2855/3543/331
f 2855/3543/332 2886/3538/332 2887/3540/332 2854/3544/332
f 2854/3544/333 2887/3540/333 2888/3542/333 2853/3545/333
f 2853/3545/334 2888/3542/334 2781/3366/334 2783/3369/334
usemtl train_handlebar.005
f 2889/3366/335 2890/3367/335 2892/3368/335 2891/3369/335
f 2891/3370/240 2892/3371/240 2894/3372/240 2893/3373/240
f 2893/3374/244 2894/3375/244 2896/3376/244 2895/3377/244
f 2895/3377/245 2896/3376/245 2898/3378/245 2897/3379/245
f 2897/3380/238 2898/3381/238 2900/3382/238 2899/3383/238
f 2899/3384/336 2900/3385/336 2890/3367/336 2889/3366/336
f 2901/3386/247 2902/3387/247 2904/3388/247 2903/3389/247
f 2903/3389/224 2904/3388/224 2906/3390/224 2905/3391/224
f 2905/3392/248 2906/3393/248 2908/3394/248 2907/3395/248
f 2907/3395/249 2908/3394/249 2910/3396/249 2909/3397/249
f 2909/3397/228 2910/3396/228 2912/3398/228 2911/3399/228
f 2911/3400/250 2912/3401/250 2902/3387/250 2901/3386/250
f 2901/3402/238 2903/3403/238 2905/3404/238 2907/3405/238 2909/3406/238 2911/3407/238
f 2913/3408/247 2914/3409/247 2916/3410/247 2915/3411/247
f 2915/3411/224 2916/3410/224 2918/3412/224 2917/3413/224
f 2917/3414/248 2918/3415/248 2920/3416/248 2919/3417/248
f 2919/3417/249 2920/3416/249 2922/3418/249 2921/3419/249
f 2921/3419/228 2922/3418/228 2924/3420/228 2923/3421/228
f 2923/3422/250 2924/3423/250 2914/3409/250 2913/3408/250
f 2913/3424/238 2915/3425/238 2917/3426/238 2919/3427/238 2921/3428/238 2923/3429/238
f 2912/3398/251 2910/3396/251 2954/3430/251 2955/3431/251
f 2910/3396/252 2908/3394/252 2948/3432/252 2954/3430/252
f 2908/3394/407 2906/3393/407 2942/3433/407 2948/3432/407
f 2906/3390/254 2904/3388/254 2936/3434/254 2942/3435/254
f 2904/3388/408 2902/3387/408 2930/3436/408 2936/3434/408
f 2902/3387/338 2912/3401/338 2955/3437/338 2930/3436/338
f 2936/3434/339 2930/3436/339 2929/3438/339 2935/3439/339
f 2935/3439/340 2929/3438/340 2928/3440/340 2934/3441/340
f 2934/3441/409 2928/3440/409 2927/3442/409 2933/3443/409
f 2933/3443/410 2927/3442/410 2926/3444/410 2932/3445/410
f 2932/3445/343 2926/3444/343 2925/3446/343 2931/3447/343
f 2931/3447/344 2925/3446/344 2890/3367/344 2900/3385/344
f 2942/3435/263 2936/3434/263 2935/3439/263 2941/3448/263
f 2941/3448/264 2935/3439/264 2934/3441/264 2940/3449/264
f 2940/3450/265 2934/3451/265 2933/3452/265 2939/3453/265
f 2939/3453/266 2933/3452/266 2932/3454/266 2938/3455/266
f 2938/3455/267 2932/3454/267 2931/3456/267 2937/3457/267
f 2937/3457/268 2931/3456/268 2900/3382/268 2898/3381/268
f 2948/3432/269 2942/3433/269 2941/3458/269 2947/3459/269
f 2947/3459/270 2941/3458/270 2940/3460/270 2946/3461/270
f 2946/3461/346 2940/3460/346 2939/3462/346 2945/3463/346
f 2945/3463/272 2939/3462/272 2938/3464/272 2944/3465/272
f 2944/3465/273 2938/3464/273 2937/3466/273 2943/3467/273
f 2943/3467/274 2937/3466/274 2898/3378/274 2896/3376/274
f 2954/3430/275 2948/3432/275 2947/3459/275 2953/3468/275
f 2953/3468/276 2947/3459/276 2946/3461/276 2952/3469/276
f 2952/3469/277 2946/3461/277 2945/3463/277 2951/3470/277
f 2951/3470/278 2945/3463/278 2944/3465/278 2950/3471/278
f 2950/3471/279 2944/3465/279 2943/3467/279 2949/3472/279
f 2949/3472/280 2943/3467/280 2896/3376/280 2894/3375/280
f 2955/3431/281 2954/3430/281 2953/3468/281 2956/3473/281
f 2956/3473/282 2953/3468/282 2952/3469/282 2957/3474/282
f 2957/3475/283 2952/3476/283 2951/3477/283 2958/3478/283
f 2958/3478/284 2951/3477/284 2950/3479/284 2959/3480/284
f 2959/3480/285 2950/3479/285 2949/3481/285 2960/3482/285
f 2960/3482/286 2949/3481/286 2894/3372/286 2892/3371/286
f 2930/3436/348 2955/3437/348 2956/3483/348 2929/3438/348
f 2929/3438/412 2956/3483/412 2957/3484/412 2928/3440/412
f 2928/3440/413 2957/3484/413 2958/3485/413 2927/3442/413
f 2927/3442/351 2958/3485/351 2959/3486/351 2926/3444/351
f 2926/3444/352 2959/3486/352 2960/3487/352 2925/3446/352
f 2925/3446/353 2960/3487/353 2892/3368/353 2890/3367/353
f 2914/3409/354 2924/3423/354 2990/3488/354 2991/3489/354
f 2924/3420/294 2922/3418/294 2984/3490/294 2990/3491/294
f 2922/3418/295 2920/3416/295 2978/3492/295 2984/3490/295
f 2920/3416/296 2918/3415/296 2972/3493/296 2978/3492/296
f 2918/3412/297 2916/3410/297 2966/3494/297 2972/3495/297
f 2916/3410/357 2914/3409/357 2991/3489/357 2966/3494/357
f 2972/3495/299 2966/3494/299 2965/3496/299 2971/3497/299
f 2971/3497/300 2965/3496/300 2964/3498/300 2970/3499/300
f 2970/3500/301 2964/3501/301 2963/3502/301 2969/3503/301
f 2969/3503/302 2963/3502/302 2962/3504/302 2968/3505/302
f 2968/3505/650 2962/3504/650 2961/3506/650 2967/3507/650
f 2967/3507/304 2961/3506/304 2891/3370/304 2893/3373/304
f 2978/3492/358 2972/3493/358 2971/3508/358 2977/3509/358
f 2977/3509/306 2971/3508/306 2970/3510/306 2976/3511/306
f 2976/3511/360 2970/3510/360 2969/3512/360 2975/3513/360
f 2975/3513/308 2969/3512/308 2968/3514/308 2974/3515/308
f 2974/3515/400 2968/3514/400 2967/3516/400 2973/3517/400
f 2973/3517/310 2967/3516/310 2893/3374/310 2895/3377/310
f 2984/3490/311 2978/3492/311 2977/3509/311 2983/3518/311
f 2983/3518/362 2977/3509/362 2976/3511/362 2982/3519/362
f 2982/3519/313 2976/3511/313 2975/3513/313 2981/3520/313
f 2981/3520/314 2975/3513/314 2974/3515/314 2980/3521/314
f 2980/3521/365 2974/3515/365 2973/3517/365 2979/3522/365
f 2979/3522/316 2973/3517/316 2895/3377/316 2897/3379/316
f 2990/3491/317 2984/3490/317 2983/3518/317 2989/3523/317
f 2989/3523/318 2983/3518/318 2982/3519/318 2988/3524/318
f 2988/3525/319 2982/3526/319 2981/3527/319 2987/3528/319
f 2987/3528/320 2981/3527/320 2980/3529/320 2986/3530/320
f 2986/3530/321 2980/3529/321 2979/3531/321 2985/3532/321
f 2985/3532/414 2979/3531/414 2897/3380/414 2899/3383/414
f 2991/3489/366 2990/3488/366 2989/3533/366 2992/3534/366
f 2992/3534/651 2989/3533/651 2988/3535/651 2993/3536/651
f 2993/3536/368 2988/3535/368 2987/3537/368 2994/3538/368
f 2994/3538/652 2987/3537/652 2986/3539/652 2995/3540/652
f 2995/3540/370 2986/3539/370 2985/3541/370 2996/3542/370
f 2996/3542/415 2985/3541/415 2899/3384/415 2889/3366/415
f 2966/3494/371 2991/3489/371 2992/3534/371 2965/3496/371
f 2965/3496/416 2992/3534/416 2993/3536/416 2964/3498/416
f 2964/3498/373 2993/3536/373 2994/3538/373 2963/3543/373
f 2963/3543/374 2994/3538/374 2995/3540/374 2962/3544/374
f 2962/3544/333 2995/3540/333 2996/3542/333 2961/3545/333
f 2961/3545/417 2996/3542/417 2889/3366/417 2891/3369/417
usemtl train_base.001
f 2997/3546/223 2998/3547/223 3000/3548/223 2999/3549/223
f 2999/3549/224 3000/3548/224 3002/3550/224 3001/3551/224
f 3001/3552/225 3002/3553/225 3004/3546/225 3003/3554/225
f 3003/3554/226 3004/3546/226 3006/3549/226 3005/3555/226
f 3000/3556/231 2998/3557/231 3008/3558/231 3006/3559/231 3004/3560/231 3002/3561/231
f 3005/3555/228 3006/3549/228 3008/3551/228 3007/3562/228
f 3007/3553/229 3008/3563/229 2998/3547/229 2997/3546/229
f 2997/3564/230 2999/3565/230 3001/3556/230 3003/3566/230 3005/3567/230 3007/3568/230
f 3009/3569/223 3010/3570/223 3012/3571/223 3011/3572/223
f 3011/3572/224 3012/3571/224 3014/3573/224 3013/3574/224
f 3013/3575/225 3014/3576/225 3016/3569/225 3015/3577/225
f 3015/3577/226 3016/3569/226 3018/3572/226 3017/3578/226
f 3012/3579/231 3010/3580/231 3020/3581/231 3018/3582/231 3016/3583/231 3014/3584/231
f 3017/3578/228 3018/3572/228 3020/3574/228 3019/3585/228
f 3019/3576/229 3020/3586/229 3010/3570/229 3009/3569/229
f 3009/3587/230 3011/3588/230 3013/3589/230 3015/3590/230 3017/3591/230 3019/3592/230
f 3021/3593/223 3022/3594/223 3024/3595/223 3023/3596/223
f 3023/3596/224 3024/3595/224 3026/3597/224 3025/3598/224
f 3025/3599/225 3026/3600/225 3028/3593/225 3027/3601/225
f 3027/3601/226 3028/3593/226 3030/3596/226 3029/3602/226
f 3024/3603/231 3022/3604/231 3032/3605/231 3030/3568/231 3028/3606/231 3026/3607/231
f 3029/3602/228 3030/3596/228 3032/3598/228 3031/3608/228
f 3031/3600/229 3032/3609/229 3022/3594/229 3021/3593/229
f 3021/3610/230 3023/3611/230 3025/3612/230 3027/3613/230 3029/3614/230 3031/3615/230
f 3033/3616/223 3034/3617/223 3036/3618/223 3035/3619/223
f 3035/3619/224 3036/3618/224 3038/3620/224 3037/3600/224
f 3037/3563/225 3038/3599/225 3040/3601/225 3039/3547/225
f 3039/3547/226 3040/3601/226 3042/3621/226 3041/3548/226
f 3036/3622/231 3034/3623/231 3044/3624/231 3042/3625/231 3040/3626/231 3038/3627/231
f 3041/3548/228 3042/3621/228 3044/3608/228 3043/3550/228
f 3043/3628/229 3044/3629/229 3034/3617/229 3033/3616/229
f 3033/3630/230 3035/3631/230 3037/3632/230 3039/3633/230 3041/3634/230 3043/3559/230
f 3045/3635/223 3046/3636/223 3048/3637/223 3047/3638/223
f 3047/3638/224 3048/3637/224 3050/3639/224 3049/3640/224
f 3049/3641/225 3050/3642/225 3052/3635/225 3051/3643/225
f 3051/3643/226 3052/3635/226 3054/3638/226 3053/3644/226
f 3048/3645/231 3046/3646/231 3056/3647/231 3054/3648/231 3052/3649/231 3050/3650/231
f 3053/3644/228 3054/3638/228 3056/3640/228 3055/3651/228
f 3055/3642/229 3056/3652/229 3046/3636/229 3045/3635/229
f 3045/3653/230 3047/3654/230 3049/3655/230 3051/3656/230 3053/3657/230 3055/3658/230
f 3057/3659/223 3058/3616/223 3060/3660/223 3059/3661/223
f 3059/3661/224 3060/3660/224 3062/3662/224 3061/3663/224
f 3061/3664/225 3062/3665/225 3064/3659/225 3063/3666/225
f 3063/3666/226 3064/3659/226 3066/3661/226 3065/3667/226
f 3060/3668/231 3058/3669/231 3068/3670/231 3066/3671/231 3064/3672/231 3062/3673/231
f 3065/3667/228 3066/3661/228 3068/3663/228 3067/3674/228
f 3067/3665/229 3068/3675/229 3058/3616/229 3057/3659/229
f 3057/3676/230 3059/3677/230 3061/3678/230 3063/3679/230 3065/3680/230 3067/3681/230
f 3069/3682/223 3070/3666/223 3072/3667/223 3071/3683/223
f 3071/3683/224 3072/3667/224 3074/3674/224 3073/3684/224
f 3073/3685/225 3074/3686/225 3076/3682/225 3075/3687/225
f 3075/3687/226 3076/3682/226 3078/3683/226 3077/3688/226
f 3072/3689/231 3070/3690/231 3080/3691/231 3078/3692/231 3076/3693/231 3074/3694/231
f 3077/3688/228 3078/3683/228 3080/3684/228 3079/3695/228
f 3079/3686/229 3080/3664/229 3070/3666/229 3069/3682/229
f 3069/3696/230 3071/3697/230 3073/3698/230 3075/3669/230 3077/3699/230 3079/3700/230
f 3081/3701/223 3082/3687/223 3084/3688/223 3083/3702/223
f 3083/3702/224 3084/3688/224 3086/3695/224 3085/3703/224
f 3085/3704/225 3086/3705/225 3088/3706/225 3087/3707/225
f 3087/3707/226 3088/3706/226 3090/3702/226 3089/3708/226
f 3084/3709/231 3082/3710/231 3092/3711/231 3090/3712/231 3088/3623/231 3086/3713/231
f 3089/3708/228 3090/3702/228 3092/3703/228 3091/3714/228
f 3091/3705/229 3092/3685/229 3082/3687/229 3081/3701/229
f 3081/3715/230 3083/3716/230 3085/3717/230 3087/3710/230 3089/3718/230 3091/3719/230
f 3093/3720/223 3094/3721/223 3096/3722/223 3095/3723/223
f 3095/3723/224 3096/3722/224 3098/3724/224 3097/3725/224
f 3097/3726/225 3098/3724/225 3100/3727/225 3099/3728/225
f 3099/3728/226 3100/3727/226 3102/3729/226 3101/3730/226
f 3096/3731/231 3094/3732/231 3104/3733/231 3102/3734/231 3100/3735/231 3098/3736/231
f 3101/3730/228 3102/3729/228 3104/3737/228 3103/3738/228
f 3103/3739/229 3104/3740/229 3094/3721/229 3093/3720/229
f 3093/3741/230 3095/3742/230 3097/3743/230 3099/3696/230 3101/3744/230 3103/3745/230
f 3105/3746/223 3106/3747/223 3108/3748/223 3107/3749/223
f 3107/3749/224 3108/3748/224 3110/3750/224 3109/3751/224
f 3109/3752/225 3110/3750/225 3112/3753/225 3111/3754/225
f 3111/3754/226 3112/3753/226 3114/3755/226 3113/3756/226
f 3108/3757/231 3106/3758/231 3116/3759/231 3114/3760/231 3112/3741/231 3110/3761/231
f 3113/3756/228 3114/3755/228 3116/3740/228 3115/3762/228
f 3115/3763/229 3116/3764/229 3106/3747/229 3105/3746/229
f 3105/3765/230 3107/3766/230 3109/3767/230 3111/3758/230 3113/3768/230 3115/3769/230
f 3117/3770/223 3118/3771/223 3120/3772/223 3119/3773/223
f 3119/3773/224 3120/3772/224 3122/3774/224 3121/3775/224
f 3121/3776/225 3122/3774/225 3124/3777/225 3123/3778/225
f 3123/3778/226 3124/3777/226 3126/3779/226 3125/3780/226
f 3120/3781/231 3118/3782/231 3128/3783/231 3126/3784/231 3124/3765/231 3122/3785/231
f 3125/3780/228 3126/3779/228 3128/3786/228 3127/3787/228
f 3127/3788/229 3128/3737/229 3118/3771/229 3117/3770/229
f 3117/3789/230 3119/3790/230 3121/3791/230 3123/3782/230 3125/3792/230 3127/3793/230
f 3129/3794/223 3130/3795/223 3132/3796/223 3131/3797/223
f 3131/3797/224 3132/3796/224 3134/3798/224 3133/3799/224
f 3133/3800/225 3134/3798/225 3136/3801/225 3135/3802/225
f 3135/3802/226 3136/3801/226 3138/3803/226 3137/3804/226
f 3132/3805/231 3130/3806/231 3140/3807/231 3138/3808/231 3136/3715/231 3134/3809/231
f 3137/3804/228 3138/3803/228 3140/3629/228 3139/3810/228
f 3139/3811/229 3140/3786/229 3130/3795/229 3129/3794/229
f 3129/3812/230 3131/3813/230 3133/3814/230 3135/3815/230 3137/3816/230 3139/3626/230
usemtl train_handlebar.006
f 3141/3366/335 3142/3367/335 3144/3368/335 3143/3369/335
f 3143/3370/240 3144/3371/240 3146/3372/240 3145/3373/240
f 3145/3374/653 3146/3375/653 3148/3376/653 3147/3377/653
f 3147/3377/654 3148/3376/654 3150/3378/654 3149/3379/654
f 3149/3380/238 3150/3381/238 3152/3382/238 3151/3383/238
f 3151/3384/336 3152/3385/336 3142/3367/336 3141/3366/336
f 3153/3386/247 3154/3387/247 3156/3388/247 3155/3389/247
f 3155/3389/224 3156/3388/224 3158/3390/224 3157/3391/224
f 3157/3392/655 3158/3393/655 3160/3394/655 3159/3395/655
f 3159/3395/656 3160/3394/656 3162/3396/656 3161/3397/656
f 3161/3397/228 3162/3396/228 3164/3398/228 3163/3399/228
f 3163/3400/250 3164/3401/250 3154/3387/250 3153/3386/250
f 3153/3402/238 3155/3403/238 3157/3404/238 3159/3405/238 3161/3406/238 3163/3407/238
f 3165/3408/247 3166/3409/247 3168/3410/247 3167/3411/247
f 3167/3411/224 3168/3410/224 3170/3412/224 3169/3413/224
f 3169/3414/655 3170/3415/655 3172/3416/655 3171/3417/655
f 3171/3417/656 3172/3416/656 3174/3418/656 3173/3419/656
f 3173/3419/228 3174/3418/228 3176/3420/228 3175/3421/228
f 3175/3422/250 3176/3423/250 3166/3409/250 3165/3408/250
f 3165/3424/238 3167/3425/238 3169/3426/238 3171/3427/238 3173/3428/238 3175/3429/238
f 3164/3398/251 3162/3396/251 3206/3430/251 3207/3431/251
f 3162/3396/657 3160/3394/657 3200/3432/657 3206/3430/657
f 3160/3394/658 3158/3393/658 3194/3433/658 3200/3432/658
f 3158/3390/254 3156/3388/254 3188/3434/254 3194/3435/254
f 3156/3388/337 3154/3387/337 3182/3436/337 3188/3434/337
f 3154/3387/338 3164/3401/338 3207/3437/338 3182/3436/338
f 3188/3434/339 3182/3436/339 3181/3438/339 3187/3439/339
f 3187/3439/340 3181/3438/340 3180/3440/340 3186/3441/340
f 3186/3441/409 3180/3440/409 3179/3442/409 3185/3443/409
f 3185/3443/410 3179/3442/410 3178/3444/410 3184/3445/410
f 3184/3445/343 3178/3444/343 3177/3446/343 3183/3447/343
f 3183/3447/344 3177/3446/344 3142/3367/344 3152/3385/344
f 3194/3435/263 3188/3434/263 3187/3439/263 3193/3448/263
f 3193/3448/264 3187/3439/264 3186/3441/264 3192/3449/264
f 3192/3450/265 3186/3451/265 3185/3452/265 3191/3453/265
f 3191/3453/266 3185/3452/266 3184/3454/266 3190/3455/266
f 3190/3455/267 3184/3454/267 3183/3456/267 3189/3457/267
f 3189/3457/268 3183/3456/268 3152/3382/268 3150/3381/268
f 3200/3432/381 3194/3433/381 3193/3458/381 3199/3459/381
f 3199/3459/659 3193/3458/659 3192/3460/659 3198/3461/659
f 3198/3461/660 3192/3460/660 3191/3462/660 3197/3463/660
f 3197/3463/384 3191/3462/384 3190/3464/384 3196/3465/384
f 3196/3465/385 3190/3464/385 3189/3466/385 3195/3467/385
f 3195/3467/661 3189/3466/661 3150/3378/661 3148/3376/661
f 3206/3430/662 3200/3432/662 3199/3459/662 3205/3468/662
f 3205/3468/663 3199/3459/663 3198/3461/663 3204/3469/663
f 3204/3469/664 3198/3461/664 3197/3463/664 3203/3470/664
f 3203/3470/665 3197/3463/665 3196/3465/665 3202/3471/665
f 3202/3471/666 3196/3465/666 3195/3467/666 3201/3472/666
f 3201/3472/667 3195/3467/667 3148/3376/667 3146/3375/667
f 3207/3431/668 3206/3430/668 3205/3468/668 3208/3473/668
f 3208/3473/282 3205/3468/282 3204/3469/282 3209/3474/282
f 3209/3475/283 3204/3476/283 3203/3477/283 3210/3478/283
f 3210/3478/284 3203/3477/284 3202/3479/284 3211/3480/284
f 3211/3480/285 3202/3479/285 3201/3481/285 3212/3482/285
f 3212/3482/286 3201/3481/286 3146/3372/286 3144/3371/286
f 3182/3436/669 3207/3437/669 3208/3483/669 3181/3438/669
f 3181/3438/349 3208/3483/349 3209/3484/349 3180/3440/349
f 3180/3440/413 3209/3484/413 3210/3485/413 3179/3442/413
f 3179/3442/351 3210/3485/351 3211/3486/351 3178/3444/351
f 3178/3444/352 3211/3486/352 3212/3487/352 3177/3446/352
f 3177/3446/292 3212/3487/292 3144/3368/292 3142/3367/292
f 3166/3409/670 3176/3423/670 3242/3488/670 3243/3489/670
f 3176/3420/294 3174/3418/294 3236/3490/294 3242/3491/294
f 3174/3418/671 3172/3416/671 3230/3492/671 3236/3490/671
f 3172/3416/672 3170/3415/672 3224/3493/672 3230/3492/672
f 3170/3412/297 3168/3410/297 3218/3494/297 3224/3495/297
f 3168/3410/357 3166/3409/357 3243/3489/357 3218/3494/357
f 3224/3495/299 3218/3494/299 3217/3496/299 3223/3497/299
f 3223/3497/300 3217/3496/300 3216/3498/300 3222/3499/300
f 3222/3500/301 3216/3501/301 3215/3502/301 3221/3503/301
f 3221/3503/302 3215/3502/302 3214/3504/302 3220/3505/302
f 3220/3505/303 3214/3504/303 3213/3506/303 3219/3507/303
f 3219/3507/304 3213/3506/304 3143/3370/304 3145/3373/304
f 3230/3492/673 3224/3493/673 3223/3508/673 3229/3509/673
f 3229/3509/674 3223/3508/674 3222/3510/674 3228/3511/674
f 3228/3511/675 3222/3510/675 3221/3512/675 3227/3513/675
f 3227/3513/676 3221/3512/676 3220/3514/676 3226/3515/676
f 3226/3515/677 3220/3514/677 3219/3516/677 3225/3517/677
f 3225/3517/401 3219/3516/401 3145/3374/401 3147/3377/401
f 3236/3490/678 3230/3492/678 3229/3509/678 3235/3518/678
f 3235/3518/679 3229/3509/679 3228/3511/679 3234/3519/679
f 3234/3519/680 3228/3511/680 3227/3513/680 3233/3520/680
f 3233/3520/405 3227/3513/405 3226/3515/405 3232/3521/405
f 3232/3521/681 3226/3515/681 3225/3517/681 3231/3522/681
f 3231/3522/406 3225/3517/406 3147/3377/406 3149/3379/406
f 3242/3491/317 3236/3490/317 3235/3518/317 3241/3523/317
f 3241/3523/318 3235/3518/318 3234/3519/318 3240/3524/318
f 3240/3525/319 3234/3526/319 3233/3527/319 3239/3528/319
f 3239/3528/320 3233/3527/320 3232/3529/320 3238/3530/320
f 3238/3530/321 3232/3529/321 3231/3531/321 3237/3532/321
f 3237/3532/322 3231/3531/322 3149/3380/322 3151/3383/322
f 3243/3489/366 3242/3488/366 3241/3533/366 3244/3534/366
f 3244/3534/367 3241/3533/367 3240/3535/367 3245/3536/367
f 3245/3536/368 3240/3535/368 3239/3537/368 3246/3538/368
f 3246/3538/369 3239/3537/369 3238/3539/369 3247/3540/369
f 3247/3540/370 3238/3539/370 3237/3541/370 3248/3542/370
f 3248/3542/415 3237/3541/415 3151/3384/415 3141/3366/415
f 3218/3494/329 3243/3489/329 3244/3534/329 3217/3496/329
f 3217/3496/416 3244/3534/416 3245/3536/416 3216/3498/416
f 3216/3498/373 3245/3536/373 3246/3538/373 3215/3543/373
f 3215/3543/374 3246/3538/374 3247/3540/374 3214/3544/374
f 3214/3544/375 3247/3540/375 3248/3542/375 3213/3545/375
f 3213/3545/334 3248/3542/334 3141/3366/334 3143/3369/334
usemtl train_handlebar.007
f 3249/3366/682 3250/3367/682 3252/3368/682 3251/3369/682
f 3251/3370/240 3252/3371/240 3254/3372/240 3253/3373/240
f 3253/3374/683 3254/3375/683 3256/3376/683 3255/3377/683
f 3255/3377/684 3256/3376/684 3258/3378/684 3257/3379/684
f 3257/3380/238 3258/3381/238 3260/3382/238 3259/3383/238
f 3259/3384/685 3260/3385/685 3250/3367/685 3249/3366/685
f 3261/3386/247 3262/3387/247 3264/3388/247 3263/3389/247
f 3263/3389/224 3264/3388/224 3266/3390/224 3265/3391/224
f 3265/3392/248 3266/3393/248 3268/3394/248 3267/3395/248
f 3267/3395/249 3268/3394/249 3270/3396/249 3269/3397/249
f 3269/3397/228 3270/3396/228 3272/3398/228 3271/3399/228
f 3271/3400/250 3272/3401/250 3262/3387/250 3261/3386/250
f 3261/3402/238 3263/3403/238 3265/3404/238 3267/3405/238 3269/3406/238 3271/3407/238
f 3273/3408/247 3274/3409/247 3276/3410/247 3275/3411/247
f 3275/3411/224 3276/3410/224 3278/3412/224 3277/3413/224
f 3277/3414/248 3278/3415/248 3280/3416/248 3279/3417/248
f 3279/3417/249 3280/3416/249 3282/3418/249 3281/3419/249
f 3281/3419/228 3282/3418/228 3284/3420/228 3283/3421/228
f 3283/3422/250 3284/3423/250 3274/3409/250 3273/3408/250
f 3273/3424/238 3275/3425/238 3277/3426/238 3279/3427/238 3281/3428/238 3283/3429/238
f 3272/3398/251 3270/3396/251 3314/3430/251 3315/3431/251
f 3270/3396/252 3268/3394/252 3308/3432/252 3314/3430/252
f 3268/3394/407 3266/3393/407 3302/3433/407 3308/3432/407
f 3266/3390/254 3264/3388/254 3296/3434/254 3302/3435/254
f 3264/3388/337 3262/3387/337 3290/3436/337 3296/3434/337
f 3262/3387/338 3272/3401/338 3315/3437/338 3290/3436/338
f 3296/3434/339 3290/3436/339 3289/3438/339 3295/3439/339
f 3295/3439/340 3289/3438/340 3288/3440/340 3294/3441/340
f 3294/3441/341 3288/3440/341 3287/3442/341 3293/3443/341
f 3293/3443/410 3287/3442/410 3286/3444/410 3292/3445/410
f 3292/3445/343 3286/3444/343 3285/3446/343 3291/3447/343
f 3291/3447/262 3285/3446/262 3250/3367/262 3260/3385/262
f 3302/3435/263 3296/3434/263 3295/3439/263 3301/3448/263
f 3301/3448/264 3295/3439/264 3294/3441/264 3300/3449/264
f 3300/3450/265 3294/3451/265 3293/3452/265 3299/3453/265
f 3299/3453/266 3293/3452/266 3292/3454/266 3298/3455/266
f 3298/3455/267 3292/3454/267 3291/3456/267 3297/3457/267
f 3297/3457/268 3291/3456/268 3260/3382/268 3258/3381/268
f 3308/3432/269 3302/3433/269 3301/3458/269 3307/3459/269
f 3307/3459/345 3301/3458/345 3300/3460/345 3306/3461/345
f 3306/3461/271 3300/3460/271 3299/3462/271 3305/3463/271
f 3305/3463/272 3299/3462/272 3298/3464/272 3304/3465/272
f 3304/3465/273 3298/3464/273 3297/3466/273 3303/3467/273
f 3303/3467/274 3297/3466/274 3258/3378/274 3256/3376/274
f 3314/3430/686 3308/3432/686 3307/3459/686 3313/3468/686
f 3313/3468/687 3307/3459/687 3306/3461/687 3312/3469/687
f 3312/3469/277 3306/3461/277 3305/3463/277 3311/3470/277
f 3311/3470/278 3305/3463/278 3304/3465/278 3310/3471/278
f 3310/3471/279 3304/3465/279 3303/3467/279 3309/3472/279
f 3309/3472/280 3303/3467/280 3256/3376/280 3254/3375/280
f 3315/3431/281 3314/3430/281 3313/3468/281 3316/3473/281
f 3316/3473/282 3313/3468/282 3312/3469/282 3317/3474/282
f 3317/3475/283 3312/3476/283 3311/3477/283 3318/3478/283
f 3318/3478/284 3311/3477/284 3310/3479/284 3319/3480/284
f 3319/3480/688 3310/3479/688 3309/3481/688 3320/3482/688
f 3320/3482/286 3309/3481/286 3254/3372/286 3252/3371/286
f 3290/3436/348 3315/3437/348 3316/3483/348 3289/3438/348
f 3289/3438/349 3316/3483/349 3317/3484/349 3288/3440/349
f 3288/3440/413 3317/3484/413 3318/3485/413 3287/3442/413
f 3287/3442/689 3318/3485/689 3319/3486/689 3286/3444/689
f 3286/3444/352 3319/3486/352 3320/3487/352 3285/3446/352
f 3285/3446/292 3320/3487/292 3252/3368/292 3250/3367/292
f 3274/3409/354 3284/3423/354 3350/3488/354 3351/3489/354
f 3284/3420/294 3282/3418/294 3344/3490/294 3350/3491/294
f 3282/3418/295 3280/3416/295 3338/3492/295 3344/3490/295
f 3280/3416/296 3278/3415/296 3332/3493/296 3338/3492/296
f 3278/3412/297 3276/3410/297 3326/3494/297 3332/3495/297
f 3276/3410/357 3274/3409/357 3351/3489/357 3326/3494/357
f 3332/3495/299 3326/3494/299 3325/3496/299 3331/3497/299
f 3331/3497/300 3325/3496/300 3324/3498/300 3330/3499/300
f 3330/3500/301 3324/3501/301 3323/3502/301 3329/3503/301
f 3329/3503/302 3323/3502/302 3322/3504/302 3328/3505/302
f 3328/3505/650 3322/3504/650 3321/3506/650 3327/3507/650
f 3327/3507/304 3321/3506/304 3251/3370/304 3253/3373/304
f 3338/3492/305 3332/3493/305 3331/3508/305 3337/3509/305
f 3337/3509/306 3331/3508/306 3330/3510/306 3336/3511/306
f 3336/3511/360 3330/3510/360 3329/3512/360 3335/3513/360
f 3335/3513/308 3329/3512/308 3328/3514/308 3334/3515/308
f 3334/3515/309 3328/3514/309 3327/3516/309 3333/3517/309
f 3333/3517/310 3327/3516/310 3253/3374/310 3255/3377/310
f 3344/3490/311 3338/3492/311 3337/3509/311 3343/3518/311
f 3343/3518/362 3337/3509/362 3336/3511/362 3342/3519/362
f 3342/3519/363 3336/3511/363 3335/3513/363 3341/3520/363
f 3341/3520/314 3335/3513/314 3334/3515/314 3340/3521/314
f 3340/3521/365 3334/3515/365 3333/3517/365 3339/3522/365
f 3339/3522/316 3333/3517/316 3255/3377/316 3257/3379/316
f 3350/3491/317 3344/3490/317 3343/3518/317 3349/3523/317
f 3349/3523/318 3343/3518/318 3342/3519/318 3348/3524/318
f 3348/3525/319 3342/3526/319 3341/3527/319 3347/3528/319
f 3347/3528/320 3341/3527/320 3340/3529/320 3346/3530/320
f 3346/3530/321 3340/3529/321 3339/3531/321 3345/3532/321
f 3345/3532/322 3339/3531/322 3257/3380/322 3259/3383/322
f 3351/3489/366 3350/3488/366 3349/3533/366 3352/3534/366
f 3352/3534/367 3349/3533/367 3348/3535/367 3353/3536/367
f 3353/3536/368 3348/3535/368 3347/3537/368 3354/3538/368
f 3354/3538/652 3347/3537/652 3346/3539/652 3355/3540/652
f 3355/3540/370 3346/3539/370 3345/3541/370 3356/3542/370
f 3356/3542/328 3345/3541/328 3259/3384/328 3249/3366/328
f 3326/3494/329 3351/3489/329 3352/3534/329 3325/3496/329
f 3325/3496/416 3352/3534/416 3353/3536/416 3324/3498/416
f 3324/3498/373 3353/3536/373 3354/3538/373 3323/3543/373
f 3323/3543/374 3354/3538/374 3355/3540/374 3322/3544/374
f 3322/3544/333 3355/3540/333 3356/3542/333 3321/3545/333
f 3321/3545/334 3356/3542/334 3249/3366/334 3251/3369/334
usemtl antenna.001
f 3381/3817/498 3382/3818/498 3359/3819/498 3357/3820/498
f 3382/3821/419 3381/3822/419 3358/3823/419 3360/3824/419
f 3382/3818/420 3383/3825/420 3363/3826/420 3359/3819/420
f 3383/3827/421 3382/3821/421 3360/3824/421 3364/3828/421
f 3383/3825/499 3384/3829/499 3361/3830/499 3363/3826/499
f 3384/3831/500 3383/3827/500 3364/3828/500 3362/3832/500
f 3384/3833/424 3381/3834/424 3357/3835/424 3361/3836/424
f 3381/3837/425 3384/3838/425 3362/3839/425 3358/3840/425
f 3385/3841/501 3386/3842/501 3363/3843/501 3361/3844/501
f 3386/3845/427 3385/3846/427 3362/3847/427 3364/3848/427
f 3386/3842/428 3387/3849/428 3371/3850/428 3363/3843/428
f 3387/3851/429 3386/3845/429 3364/3848/429 3372/3852/429
f 3387/3853/430 3388/3854/430 3369/3855/430 3371/3856/430
f 3388/3857/431 3387/3851/431 3372/3852/431 3370/3858/431
f 3388/3859/432 3385/3860/432 3361/3861/432 3369/3862/432
f 3385/3846/433 3388/3857/433 3370/3858/433 3362/3847/433
f 3389/3863/434 3390/3864/434 3371/3865/434 3369/3866/434
f 3390/3867/435 3389/3868/435 3370/3869/435 3372/3870/435
f 3390/3871/436 3391/3872/436 3367/3873/436 3371/3874/436
f 3391/3875/437 3390/3867/437 3372/3870/437 3368/3876/437
f 3391/3877/438 3392/3878/438 3365/3879/438 3367/3880/438
f 3392/3881/439 3391/3875/439 3368/3876/439 3366/3882/439
f 3392/3883/440 3389/3884/440 3369/3885/440 3365/3886/440
f 3389/3887/441 3392/3888/441 3366/3889/441 3370/3890/441
f 3393/3891/442 3394/3892/442 3367/3893/442 3365/3894/442
f 3394/3895/443 3393/3896/443 3366/3897/443 3368/3898/443
f 3394/3899/444 3395/3900/444 3359/3901/444 3367/3902/444
f 3395/3903/445 3394/3895/445 3368/3898/445 3360/3904/445
f 3395/3900/504 3396/3905/504 3357/3906/504 3359/3901/504
f 3396/3907/447 3395/3903/447 3360/3904/447 3358/3908/447
f 3396/3909/448 3393/3910/448 3365/3911/448 3357/3912/448
f 3393/3896/449 3396/3907/449 3358/3908/449 3366/3897/449
f 3397/3913/450 3398/3914/450 3369/3915/450 3361/3916/450
f 3398/3917/451 3397/3918/451 3362/3919/451 3370/3920/451
f 3398/3921/452 3399/3922/452 3365/3923/452 3369/3924/452
f 3399/3925/453 3398/3917/453 3370/3920/453 3366/3926/453
f 3399/3927/454 3400/3928/454 3357/3929/454 3365/3930/454
f 3400/3931/455 3399/3925/455 3366/3926/455 3358/3932/455
f 3400/3933/456 3397/3934/456 3361/3935/456 3357/3936/456
f 3397/3918/457 3400/3931/457 3358/3932/457 3362/3919/457
f 3401/3937/458 3402/3938/458 3367/3939/458 3359/3940/458
f 3402/3941/459 3401/3942/459 3360/3904/459 3368/3898/459
f 3402/3943/460 3403/3944/460 3379/3945/460 3367/3946/460
f 3403/3947/461 3402/3948/461 3368/3949/461 3380/3950/461
f 3403/3951/462 3404/3952/462 3373/3953/462 3379/3954/462
f 3404/3955/463 3403/3947/463 3380/3950/463 3374/3956/463
f 3404/3957/464 3401/3937/464 3359/3940/464 3373/3958/464
f 3401/3942/465 3404/3959/465 3374/3960/465 3360/3904/465
f 3405/3961/466 3406/3962/466 3375/3963/466 3377/3964/466
f 3406/3965/467 3405/3966/467 3378/3967/467 3376/3968/467
f 3406/3969/468 3407/3970/468 3373/3971/468 3375/3972/468
f 3407/3973/469 3406/3965/469 3376/3968/469 3374/3974/469
f 3407/3975/470 3408/3976/470 3379/3954/470 3373/3953/470
f 3408/3977/471 3407/3973/471 3374/3974/471 3380/3978/471
f 3408/3979/472 3405/3980/472 3377/3981/472 3379/3982/472
f 3405/3966/473 3408/3977/473 3380/3978/473 3378/3967/473
f 3409/3983/474 3410/3984/474 3363/3985/474 3371/3986/474
f 3410/3987/475 3409/3988/475 3372/3852/475 3364/3848/475
f 3410/3984/476 3411/3989/476 3375/3990/476 3363/3985/476
f 3411/3991/477 3410/3987/477 3364/3848/477 3376/3992/477
f 3411/3993/478 3412/3994/478 3377/3964/478 3375/3963/478
f 3412/3995/479 3411/3996/479 3376/3997/479 3378/3950/479
f 3412/3998/480 3409/3999/480 3371/4000/480 3377/4001/480
f 3409/4002/481 3412/3995/481 3378/3950/481 3372/4003/481
f 3413/4004/482 3414/4005/482 3371/3874/482 3367/3873/482
f 3414/4006/483 3413/4007/483 3368/4008/483 3372/4009/483
f 3414/4010/484 3415/4011/484 3377/4012/484 3371/4013/484
f 3415/4014/485 3414/4006/485 3372/4009/485 3378/4015/485
f 3415/4016/486 3416/4017/486 3379/3982/486 3377/3981/486
f 3416/4018/487 3415/4019/487 3378/4020/487 3380/4021/487
f 3416/4022/488 3413/4023/488 3367/4024/488 3379/4025/488
f 3413/4007/489 3416/4026/489 3380/4027/489 3368/4008/489
f 3417/4028/490 3418/4029/490 3359/3940/490 3363/3985/490
f 3418/4030/491 3417/4031/491 3364/3828/491 3360/3824/491
f 3418/4029/492 3419/4032/492 3373/3958/492 3359/3940/492
f 3419/4033/493 3418/4034/493 3360/4035/493 3374/4036/493
f 3419/4037/494 3420/4038/494 3375/4039/494 3373/4040/494
f 3420/4041/495 3419/4033/495 3374/4036/495 3376/4042/495
f 3420/4043/496 3417/4028/496 3363/3985/496 3375/3990/496
f 3417/4044/497 3420/4041/497 3376/4042/497 3364/4045/497
f 3445/4046/690 3446/4047/690 3423/4048/690 3421/4049/690
f 3446/4050/419 3445/4051/419 3422/4052/419 3424/4053/419
f 3446/4047/420 3447/4054/420 3427/4055/420 3423/4048/420
f 3447/4056/421 3446/4050/421 3424/4053/421 3428/4057/421
f 3447/4054/691 3448/4058/691 3425/4059/691 3427/4055/691
f 3448/4060/500 3447/4056/500 3428/4057/500 3426/4061/500
f 3448/4062/692 3445/4063/692 3421/4064/692 3425/4065/692
f 3445/4066/425 3448/4067/425 3426/4068/425 3422/4069/425
f 3449/4070/501 3450/4071/501 3427/4072/501 3425/4073/501
f 3450/4074/427 3449/4075/427 3426/4076/427 3428/4077/427
f 3450/4071/428 3451/4078/428 3435/4079/428 3427/4072/428
f 3451/4080/429 3450/4074/429 3428/4077/429 3436/4081/429
f 3451/4082/508 3452/4083/508 3433/4084/508 3435/4085/508
f 3452/4086/431 3451/4080/431 3436/4081/431 3434/4087/431
f 3452/4088/432 3449/4089/432 3425/4090/432 3433/4091/432
f 3449/4075/433 3452/4086/433 3434/4087/433 3426/4076/433
f 3453/4092/434 3454/4093/434 3435/4094/434 3433/4095/434
f 3454/4096/435 3453/4097/435 3434/4098/435 3436/4099/435
f 3454/4100/436 3455/4101/436 3431/4102/436 3435/4103/436
f 3455/4104/437 3454/4096/437 3436/4099/437 3432/4105/437
f 3455/4106/438 3456/4107/438 3429/4108/438 3431/4109/438
f 3456/4110/439 3455/4104/439 3432/4105/439 3430/4111/439
f 3456/4112/440 3453/4113/440 3433/4114/440 3429/4115/440
f 3453/4116/693 3456/4117/693 3430/4118/693 3434/4119/693
f 3457/4120/512 3458/4121/512 3431/3856/512 3429/3855/512
f 3458/4122/443 3457/4123/443 3430/4124/443 3432/4125/443
f 3458/4126/444 3459/4127/444 3423/4128/444 3431/4129/444
f 3459/4130/445 3458/4122/445 3432/4125/445 3424/4131/445
f 3459/4127/504 3460/4132/504 3421/4133/504 3423/4128/504
f 3460/4134/447 3459/4130/447 3424/4131/447 3422/4135/447
f 3460/4136/448 3457/4137/448 3429/4138/448 3421/4139/448
f 3457/4123/449 3460/4134/449 3422/4135/449 3430/4124/449
f 3461/4140/450 3462/4141/450 3433/4142/450 3425/4143/450
f 3462/4144/451 3461/4145/451 3426/4146/451 3434/4147/451
f 3462/4148/694 3463/4149/694 3429/4150/694 3433/4151/694
f 3463/4152/453 3462/4144/453 3434/4147/453 3430/4153/453
f 3463/4154/454 3464/4155/454 3421/4156/454 3429/4157/454
f 3464/4158/455 3463/4152/455 3430/4153/455 3422/4159/455
f 3464/4160/695 3461/4161/695 3425/4162/695 3421/4163/695
f 3461/4145/457 3464/4158/457 3422/4159/457 3426/4146/457
f 3465/4164/458 3466/4165/458 3431/4166/458 3423/4167/458
f 3466/4168/459 3465/4169/459 3424/4131/459 3432/4125/459
f 3466/4170/696 3467/4171/696 3443/4172/696 3431/4173/696
f 3467/4174/461 3466/4175/461 3432/4176/461 3444/4177/461
f 3467/4178/462 3468/4179/462 3437/4180/462 3443/4181/462
f 3468/4182/463 3467/4174/463 3444/4177/463 3438/4183/463
f 3468/4184/697 3465/4164/697 3423/4167/697 3437/4185/697
f 3465/4169/465 3468/4186/465 3438/4187/465 3424/4131/465
f 3469/4188/466 3470/4189/466 3439/4190/466 3441/4191/466
f 3470/4192/467 3469/4193/467 3442/4194/467 3440/4195/467
f 3470/4196/468 3471/4197/468 3437/4198/468 3439/4199/468
f 3471/4200/469 3470/4192/469 3440/4195/469 3438/4201/469
f 3471/4202/470 3472/4203/470 3443/4181/470 3437/4180/470
f 3472/4204/471 3471/4200/471 3438/4201/471 3444/4205/471
f 3472/4206/472 3469/4207/472 3441/4208/472 3443/4209/472
f 3469/4193/473 3472/4204/473 3444/4205/473 3442/4194/473
f 3473/4210/474 3474/4211/474 3427/4212/474 3435/4213/474
f 3474/4214/475 3473/4215/475 3436/4081/475 3428/4077/475
f 3474/4211/476 3475/4216/476 3439/4217/476 3427/4212/476
f 3475/4218/477 3474/4214/477 3428/4077/477 3440/4219/477
f 3475/4220/478 3476/4221/478 3441/4191/478 3439/4190/478
f 3476/4222/479 3475/4223/479 3440/4224/479 3442/4225/479
f 3476/4226/698 3473/4227/698 3435/4228/698 3441/4229/698
f 3473/4230/481 3476/4222/481 3442/4225/481 3436/4231/481
f 3477/4232/699 3478/4233/699 3435/4103/699 3431/4102/699
f 3478/4234/483 3477/4235/483 3432/4236/483 3436/4237/483
f 3478/4238/484 3479/4239/484 3441/4240/484 3435/4241/484
f 3479/4242/485 3478/4234/485 3436/4237/485 3442/4243/485
f 3479/4244/486 3480/4245/486 3443/4209/486 3441/4208/486
f 3480/4246/487 3479/4247/487 3442/4248/487 3444/4249/487
f 3480/4250/488 3477/4251/488 3431/4252/488 3443/4253/488
f 3477/4235/489 3480/4254/489 3444/4255/489 3432/4236/489
f 3481/4256/490 3482/4257/490 3423/4167/490 3427/4212/490
f 3482/4258/491 3481/4259/491 3428/4057/491 3424/4053/491
f 3482/4257/492 3483/4260/492 3437/4185/492 3423/4167/492
f 3483/4261/519 3482/4262/519 3424/4263/519 3438/4264/519
f 3483/4265/494 3484/4266/494 3439/4267/494 3437/4268/494
f 3484/4269/495 3483/4261/495 3438/4264/495 3440/4270/495
f 3484/4271/496 3481/4256/496 3427/4212/496 3439/4217/496
f 3481/4272/520 3484/4269/520 3440/4270/520 3428/4273/520
f 3509/4274/498 3510/4275/498 3487/4276/498 3485/4277/498
f 3510/4278/419 3509/4279/419 3486/4280/419 3488/4281/419
f 3510/4275/420 3511/4282/420 3491/4283/420 3487/4276/420
f 3511/4284/421 3510/4278/421 3488/4281/421 3492/4285/421
f 3511/4282/499 3512/4286/499 3489/4287/499 3491/4283/499
f 3512/4288/500 3511/4284/500 3492/4285/500 3490/4289/500
f 3512/4290/507 3509/4291/507 3485/4292/507 3489/4293/507
f 3509/4294/425 3512/4295/425 3490/4296/425 3486/4297/425
f 3513/4298/501 3514/4299/501 3491/4300/501 3489/4301/501
f 3514/4302/427 3513/4303/427 3490/4304/427 3492/4305/427
f 3514/4299/428 3515/4306/428 3499/4307/428 3491/4300/428
f 3515/4308/429 3514/4302/429 3492/4305/429 3500/4309/429
f 3515/4310/508 3516/4311/508 3497/4312/508 3499/4313/508
f 3516/4314/431 3515/4308/431 3500/4309/431 3498/4315/431
f 3516/4316/432 3513/4317/432 3489/4318/432 3497/4319/432
f 3513/4303/433 3516/4314/433 3498/4315/433 3490/4304/433
f 3517/4320/434 3518/4321/434 3499/4322/434 3497/4323/434
f 3518/4324/435 3517/4325/435 3498/4326/435 3500/4327/435
f 3518/4328/510 3519/4329/510 3495/4330/510 3499/4331/510
f 3519/4332/437 3518/4324/437 3500/4327/437 3496/4333/437
f 3519/4334/438 3520/4335/438 3493/4336/438 3495/4337/438
f 3520/4338/439 3519/4332/439 3496/4333/439 3494/4339/439
f 3520/4340/440 3517/4341/440 3497/4342/440 3493/4343/440
f 3517/4344/441 3520/4345/441 3494/4346/441 3498/4347/441
f 3521/4348/512 3522/4349/512 3495/4350/512 3493/4351/512
f 3522/4352/443 3521/4353/443 3494/4354/443 3496/4355/443
f 3522/4356/444 3523/4357/444 3487/4358/444 3495/4359/444
f 3523/4360/445 3522/4352/445 3496/4355/445 3488/4361/445
f 3523/4357/504 3524/4362/504 3485/4363/504 3487/4358/504
f 3524/4364/447 3523/4360/447 3488/4361/447 3486/4365/447
f 3524/4366/448 3521/4367/448 3493/4368/448 3485/4369/448
f 3521/4353/449 3524/4364/449 3486/4365/449 3494/4354/449
f 3525/4370/450 3526/4371/450 3497/4372/450 3489/4373/450
f 3526/4374/451 3525/4375/451 3490/4376/451 3498/4377/451
f 3526/4378/452 3527/4379/452 3493/4380/452 3497/4381/452
f 3527/4382/453 3526/4374/453 3498/4377/453 3494/4383/453
f 3527/4384/454 3528/4385/454 3485/4373/454 3493/4386/454
f 3528/4387/455 3527/4382/455 3494/4383/455 3486/4388/455
f 3528/4389/513 3525/4390/513 3489/4391/513 3485/4392/513
f 3525/4375/457 3528/4387/457 3486/4388/457 3490/4376/457
f 3529/4393/458 3530/4394/458 3495/4395/458 3487/4396/458
f 3530/4397/459 3529/4398/459 3488/4361/459 3496/4355/459
f 3530/4399/700 3531/4400/700 3507/4401/700 3495/4402/700
f 3531/4403/461 3530/4404/461 3496/4405/461 3508/4406/461
f 3531/4407/462 3532/4408/462 3501/4409/462 3507/4410/462
f 3532/4411/463 3531/4403/463 3508/4406/463 3502/4412/463
f 3532/4413/464 3529/4393/464 3487/4396/464 3501/4414/464
f 3529/4398/465 3532/4415/465 3502/4416/465 3488/4361/465
f 3533/4417/466 3534/4418/466 3503/4419/466 3505/4420/466
f 3534/4421/467 3533/4422/467 3506/4423/467 3504/4424/467
f 3534/4425/468 3535/4426/468 3501/4427/468 3503/4428/468
f 3535/4429/469 3534/4421/469 3504/4424/469 3502/4430/469
f 3535/4431/470 3536/4432/470 3507/4410/470 3501/4409/470
f 3536/4433/471 3535/4429/471 3502/4430/471 3508/4434/471
f 3536/4435/472 3533/4436/472 3505/4437/472 3507/4438/472
f 3533/4422/473 3536/4433/473 3508/4434/473 3506/4423/473
f 3537/4439/474 3538/4440/474 3491/4441/474 3499/4442/474
f 3538/4443/475 3537/4444/475 3500/4309/475 3492/4305/475
f 3538/4440/476 3539/4445/476 3503/4446/476 3491/4441/476
f 3539/4447/477 3538/4443/477 3492/4305/477 3504/4448/477
f 3539/4449/478 3540/4450/478 3505/4420/478 3503/4419/478
f 3540/4451/479 3539/4452/479 3504/4453/479 3506/4454/479
f 3540/4455/701 3537/4456/701 3499/4457/701 3505/4458/701
f 3537/4459/481 3540/4451/481 3506/4454/481 3500/4460/481
f 3541/4461/482 3542/4462/482 3499/4331/482 3495/4330/482
f 3542/4463/483 3541/4464/483 3496/4465/483 3500/4466/483
f 3542/4467/517 3543/4468/517 3505/4469/517 3499/4470/517
f 3543/4471/485 3542/4463/485 3500/4466/485 3506/4472/485
f 3543/4473/486 3544/4474/486 3507/4438/486 3505/4437/486
f 3544/4475/487 3543/4476/487 3506/4477/487 3508/4478/487
f 3544/4479/518 3541/4480/518 3495/4481/518 3507/4482/518
f 3541/4464/489 3544/4483/489 3508/4484/489 3496/4465/489
f 3545/4485/490 3546/4486/490 3487/4396/490 3491/4441/490
f 3546/4487/491 3545/4488/491 3492/4285/491 3488/4281/491
f 3546/4486/492 3547/4489/492 3501/4414/492 3487/4396/492
f 3547/4490/493 3546/4491/493 3488/4492/493 3502/4270/493
f 3547/4493/494 3548/4494/494 3503/4495/494 3501/4496/494
f 3548/4497/495 3547/4490/495 3502/4270/495 3504/4498/495
f 3548/4499/702 3545/4485/702 3491/4441/702 3503/4446/702
f 3545/4500/497 3548/4497/497 3504/4498/497 3492/4035/497
usemtl joints.002
f 3549/3167/225 3550/3168/225 3552/3169/225 3551/3170/225
f 3551/3170/224 3552/3169/224 3554/3171/224 3553/3172/224
f 3553/3172/223 3554/3171/223 3556/3173/223 3555/3174/223
f 3555/3175/229 3556/3176/229 3558/3177/229 3557/3178/229
f 3554/3171/521 3552/3169/521 3561/3179/521 3563/3180/521
f 3557/3178/228 3558/3177/228 3560/3181/228 3559/3182/228
f 3559/3182/226 3560/3181/226 3550/3183/226 3549/3184/226
f 3549/3185/231 3551/3186/231 3553/3187/231 3555/3188/231 3557/3189/231 3559/3190/231
f 3561/3191/230 3562/3192/230 3566/3193/230 3565/3194/230 3564/3195/230 3563/3196/230
f 3560/3181/522 3558/3177/522 3565/3197/522 3566/3198/522
f 3552/3169/523 3550/3168/523 3562/3199/523 3561/3179/523
f 3556/3173/524 3554/3171/524 3563/3180/524 3564/3200/524
f 3550/3183/525 3560/3181/525 3566/3198/525 3562/3201/525
f 3558/3177/526 3556/3176/526 3564/3202/526 3565/3197/526
f 3567/3203/223 3569/3204/223 3570/3205/223 3568/3206/223
f 3569/3204/224 3571/3207/224 3572/3208/224 3570/3205/224
f 3571/3207/225 3573/3209/225 3574/3210/225 3572/3208/225
f 3573/3211/226 3575/3212/226 3576/3213/226 3574/3214/226
f 3572/3208/521 3581/3215/521 3579/3216/521 3570/3205/521
f 3575/3212/228 3577/3217/228 3578/3218/228 3576/3213/228
f 3577/3217/229 3567/3219/229 3568/3220/229 3578/3218/229
f 3567/3221/231 3577/3222/231 3575/3223/231 3573/3224/231 3571/3225/231 3569/3226/231
f 3579/3227/230 3581/3228/230 3582/3229/230 3583/3230/230 3584/3231/230 3580/3232/230
f 3578/3218/522 3584/3233/522 3583/3234/522 3576/3213/522
f 3570/3205/524 3579/3216/524 3580/3235/524 3568/3206/524
f 3574/3210/523 3582/3236/523 3581/3215/523 3572/3208/523
f 3568/3220/526 3580/3237/526 3584/3233/526 3578/3218/526
f 3576/3213/525 3583/3234/525 3582/3238/525 3574/3214/525
o board
v -23.049999 1.900000 -5.600000
v -23.049999 3.300000 -5.600000
v -23.049999 1.900000 -8.400000
v -23.049999 3.300000 -8.400000
v -22.950001 1.900000 -5.600000
v -22.950001 3.300000 -5.600000
v -22.950001 1.900000 -8.400000
v -22.950001 3.300000 -8.400000
v -22.950001 0.000000 -8.400000
v -23.049999 0.000000 -8.400000
v -23.049999 0.000000 -5.600000
v -22.950001 0.000000 -5.600000
v -23.049999 0.000000 -5.500000
v -22.950001 0.000000 -5.500000
v -22.950001 0.000000 -8.500000
v -23.049999 0.000000 -8.500000
v -23.049999 3.400000 -8.400000
v -22.950001 3.400000 -8.400000
v -22.950001 3.400000 -5.600000
v -23.049999 3.400000 -5.600000
v -22.950001 3.400000 -5.500000
v -23.049999 3.400000 -5.500000
v -23.049999 3.400000 -8.500000
v -22.950001 3.400000 -8.500000
vn -0.0000 -0.0000 1.0000
vn -0.0000 -1.0000 -0.0000
vn -0.0000 1.0000 -0.0000
vn 1.0000 -0.0000 -0.0000
vn -0.0000 -0.0000 -1.0000
vn -1.0000 -0.0000 -0.0000
vt 0.967742 0.548387
vt 0.967742 0.000000
vt 0.983871 0.000000
vt 0.983871 0.548387
vt 0.016129 1.000000
vt 0.000000 1.000000
vt 0.000000 0.548387
vt 0.016129 0.548387
vt 0.032258 1.000000
vt 0.032258 0.548387
vt 0.500504 0.016129
vt 0.952117 0.016129
vt 0.952117 0.000000
vt 0.968246 0.000000
vt 0.968246 0.548387
vt 0.952117 0.548387
vt 0.952117 0.241936
vt 0.500504 0.241936
vt 0.500504 0.548387
vt 0.484375 0.548387
vt 0.484375 0.000000
vt 0.500504 0.000000
vt 0.080645 0.564516
vt 0.064516 0.564516
vt 0.064516 0.548387
vt 0.080645 0.548387
vt 0.080645 0.548387
vt 0.096774 0.548387
vt 0.096774 0.564516
vt 0.032258 0.548387
vt 0.048387 0.548387
vt 0.048387 0.854839
vt 0.032258 0.854839
vt 1.000000 0.548387
vt 1.000000 0.000000
vt 0.048387 0.548387
vt 0.064516 0.548387
vt 0.064516 0.854839
vt 0.048387 0.854839
vt 0.112903 0.564516
vt 0.096774 0.564516
vt 0.096774 0.548387
vt 0.112903 0.548387
vt 0.112903 0.548387
vt 0.129032 0.548387
vt 0.129032 0.564516
vt 0.112903 0.564516
vt 0.145161 0.548387
vt 0.145161 0.564516
vt 0.129032 0.564516
vt 0.129032 0.548387
vt 0.161290 0.548387
vt 0.161290 0.564516
vt 0.951613 0.016129
vt 0.951613 0.000000
vt 0.967742 0.000000
vt 0.967742 0.548387
vt 0.951613 0.548387
vt 0.951613 0.241936
vt 0.500000 0.241936
vt 0.500000 0.548387
vt 0.483871 0.548387
vt 0.483871 0.000000
vt 0.500000 0.000000
vt 0.500000 0.016129
s 0
usemtl station_board
f 3598/5605/703 3605/5606/703 3606/5607/703 3597/5608/703
f 3587/5609/704 3591/5610/704 3589/5611/704 3585/5612/704
f 3592/5613/705 3588/5609/705 3586/5612/705 3590/5614/705
f 3592/5615/706 3590/5616/706 3603/5617/706 3605/5618/706 3598/5619/706 3596/5620/706 3589/5621/706 3591/5622/706 3593/5623/706 3599/5624/706 3608/5625/706 3602/5626/706
f 3595/5627/704 3596/5628/704 3598/5629/704 3597/5630/704
f 3593/5631/704 3594/5632/704 3600/5633/704 3599/5627/704
f 3591/5634/703 3587/5635/703 3594/5636/703 3593/5637/703
f 3599/5638/707 3600/5608/707 3607/5607/707 3608/5639/707
f 3585/5640/707 3589/5641/707 3596/5642/707 3595/5643/707
f 3603/5644/705 3604/5645/705 3606/5646/705 3605/5647/705
f 3601/5648/705 3602/5649/705 3608/5650/705 3607/5651/705
f 3590/5652/707 3586/5653/707 3604/5654/707 3603/5655/707
f 3588/5656/703 3592/5657/703 3602/5653/703 3601/5652/703
f 3588/5658/708 3601/5659/708 3607/5660/708 3600/5661/708 3594/5662/708 3587/5663/708 3585/5664/708 3595/5665/708 3597/5666/708 3606/5667/708 3604/5668/708 3586/5669/708
o Cube.002
v -25.000000 -2.000000 16.500000
v -25.000000 2.000000 16.500000
v -25.000000 -2.000000 11.500000
v -25.000000 2.000000 11.500000
v -20.000000 -2.000000 16.500000
v -20.000000 2.000000 16.500000
v -20.000000 -2.000000 11.500000
v -20.000000 2.000000 11.500000
v -21.366667 -2.000000 11.500000
v -24.033333 -2.000000 11.500000
v -24.033333 2.000000 11.500000
v -21.366667 2.000000 11.500000
v -25.000000 -1.600000 16.500000
v -25.000000 -1.600000 11.500000
v -20.000000 -1.600000 11.500000
v -20.000000 -1.600000 16.500000
v -24.033333 -1.600000 11.500000
v -21.366667 -1.600000 11.500000
v -25.000000 1.920000 16.500000
v -25.000000 1.920000 11.500000
v -20.000000 1.920000 11.500000
v -20.000000 1.920000 16.500000
v -24.033333 1.920000 11.500000
v -21.366667 1.920000 11.500000
v -24.033333 1.920000 12.000000
v -24.033333 -1.600000 12.000000
v -21.366667 1.920000 12.000000
v -21.366667 -1.600000 12.000000
vn -1.0000 -0.0000 -0.0000
vn -0.0000 -0.0000 -1.0000
vn 1.0000 -0.0000 -0.0000
vn -0.0000 -0.0000 1.0000
vn -0.0000 1.0000 -0.0000
vn -0.0000 -1.0000 -0.0000
vt 0.346375 0.256250
vt 0.344375 0.256250
vt 0.344375 0.156250
vt 0.346375 0.156250
vt 0.017656 0.286458
vt -0.000000 0.286458
vt 0.000000 -0.000000
vt 0.017656 -0.000000
vt 0.446375 0.156250
vt 0.444375 0.156250
vt 0.444375 0.056250
vt 0.446375 0.056250
vt 0.446375 0.256250
vt 0.444375 0.256250
vt 0.444375 0.089583
vt 0.444375 0.122917
vt 0.444375 0.156250
vt 0.344375 0.056250
vt 0.017656 1.000000
vt -0.000000 1.000000
vt -0.000000 0.807292
vt 0.017656 0.807292
vt 0.800000 0.807292
vt 0.665625 0.807292
vt 0.665625 0.286458
vt 0.800000 0.286458
vt 0.800000 1.000000
vt 0.665625 1.000000
vt 0.524375 0.256250
vt 0.484375 0.256250
vt 0.484375 0.156250
vt 0.524375 0.156250
vt 0.484375 0.056250
vt 0.524375 0.056250
vt 0.665625 -0.000000
vt 0.800000 0.000000
vt 0.424375 0.256250
vt 0.384375 0.256250
vt 0.384375 0.156250
vt 0.424375 0.156250
vt 0.685257 0.301572
vt 0.685257 0.808073
vt 0.663725 0.798394
vt 0.663725 0.315164
vt 0.621023 0.995739
vt 0.021023 0.995739
vt 0.021023 0.910511
vt 0.621023 0.910511
vt 0.021023 0.910511
vt 0.021023 0.995739
s 0
usemtl shop
f 3627/5670/709 3610/5671/709 3612/5672/709 3628/5673/709
f 3632/5674/710 3620/5675/710 3616/5676/710 3629/5677/710
f 3629/5678/711 3616/5679/711 3614/5680/711 3630/5681/711
f 3630/5682/712 3614/5683/712 3610/5679/712 3627/5678/712
f 3616/5680/713 3620/5684/713 3619/5685/713 3612/5686/713 3610/5672/713 3614/5687/713
f 3628/5688/710 3612/5689/710 3619/5690/710 3631/5691/710
f 3631/5691/710 3619/5690/710 3620/5675/710 3632/5674/710
f 3618/5692/710 3625/5693/710 3626/5694/710 3617/5695/710
f 3611/5696/710 3622/5697/710 3625/5693/710 3618/5692/710
f 3613/5698/712 3624/5699/712 3621/5700/712 3609/5701/712
f 3615/5701/711 3623/5700/711 3624/5702/711 3613/5703/711
f 3617/5695/710 3626/5694/710 3623/5704/710 3615/5705/710
f 3609/5706/709 3621/5707/709 3622/5708/709 3611/5709/709
f 3626/5710/713 3625/5711/713 3634/5712/713 3636/5713/713
f 3622/5697/710 3628/5688/710 3631/5691/710 3625/5693/710
f 3624/5699/712 3630/5682/712 3627/5678/712 3621/5700/712
f 3623/5700/711 3629/5678/711 3630/5681/711 3624/5702/711
f 3626/5694/710 3632/5674/710 3629/5677/710 3623/5704/710
f 3621/5707/709 3627/5670/709 3628/5673/709 3622/5708/709
f 3634/5693/710 3633/5691/710 3635/5674/710 3636/5694/710
f 3625/5714/711 3631/5715/711 3633/5716/711 3634/5717/711
f 3631/5691/714 3632/5674/714 3635/5674/714 3633/5691/714
f 3632/5718/709 3626/5717/709 3636/5714/709 3635/5719/709
o Cube.003
v -19.500000 -2.000000 19.500000
v -19.500000 6.000000 19.500000
v -19.500000 -2.000000 11.500000
v -19.500000 6.000000 11.500000
v 19.500000 -2.000000 19.500000
v 19.500000 6.000000 19.500000
v 19.500000 -2.000000 11.500000
v 19.500000 6.000000 11.500000
vn -1.0000 -0.0000 -0.0000
vn -0.0000 -0.0000 -1.0000
vn 1.0000 -0.0000 -0.0000
vn -0.0000 -0.0000 1.0000
vn -0.0000 1.0000 -0.0000
vt 0.929888 0.502003
vt 0.724760 0.502003
vt 0.724760 0.296875
vt 0.929888 0.296875
vt 0.283253 1.000000
vt 0.078125 1.000000
vt 0.078125 0.000000
vt 0.283253 0.000000
vt 0.929888 0.707131
vt 0.724760 0.707131
vt 0.929888 0.502003
vt 0.488382 1.000000
vt 0.283253 1.000000
vt 0.283253 -0.000000
vt 0.488382 -0.000000
vt 0.693510 -0.000000
vt 0.693510 1.000000
vt 0.488382 1.000000
vt 0.488382 -0.000000
s 0
usemtl building
f 3637/5720/715 3638/5721/715 3640/5722/715 3639/5723/715
f 3639/5724/716 3640/5725/716 3644/5726/716 3643/5727/716
f 3643/5728/717 3644/5729/717 3642/5721/717 3641/5730/717
f 3641/5731/718 3642/5732/718 3638/5733/718 3637/5734/718
f 3644/5735/719 3640/5736/719 3638/5737/719 3642/5738/719
o Cube.013
v -1.500000 0.000000 9.000000
v -1.500000 2.600000 9.000000
v -1.500000 2.600000 8.500000
v 1.500000 0.000000 9.000000
v 1.500000 2.600000 9.000000
v 1.500000 2.600000 8.500000
v -1.400000 1.300000 8.400000
v 1.400000 1.300000 8.400000
v -1.400000 1.300000 7.600000
v -1.500000 0.000000 7.500000
v 1.500000 0.000000 7.500000
v 1.400000 1.300000 7.600000
v -1.500000 1.300000 8.500000
v 1.500000 1.300000 8.500000
v -1.500000 1.300000 7.500000
v 1.500000 1.300000 7.500000
v -1.400000 0.800000 8.400000
v 1.400000 0.800000 8.400000
v -1.400000 0.800000 7.600000
v 1.400000 0.800000 7.600000
vn -0.0000 -0.0000 -1.0000
vn 1.0000 -0.0000 -0.0000
vn -0.0000 -1.0000 -0.0000
vn -0.0000 1.0000 -0.0000
vn -1.0000 -0.0000 -0.0000
vn -0.0000 -0.0000 1.0000
vt 0.183099 1.000000
vt -0.000000 1.000000
vt 0.000000 0.577465
vt 0.183099 0.577465
vt 0.323944 0.760563
vt 0.323944 0.577465
vt 0.394366 0.577465
vt 0.394366 0.943662
vt 0.183099 0.943662
vt 0.183099 0.760563
vt 0.422535 0.366197
vt 0.422535 0.577465
vt 0.000000 0.577465
vt 0.000000 0.366197
vt 0.816901 0.000000
vt 0.816901 0.422535
vt 0.746479 0.422535
vt 0.746479 0.000000
vt 0.605634 0.422535
vt 0.422535 0.422535
vt 0.422535 -0.000000
vt 0.605634 -0.000000
vt 0.816902 0.507042
vt 0.816902 0.394366
vt 0.887324 0.394366
vt 0.887324 0.507042
vt 0.000000 0.000000
vt 0.422535 0.000000
vt 0.464789 0.577465
vt 0.464789 0.760563
vt 0.605634 0.760563
vt 0.605634 0.943662
vt 0.619718 0.014085
vt 0.619718 0.408451
vt 0.605634 0.422535
vt 0.605634 0.000000
vt 0.732394 0.014085
vt 0.746479 0.000000
vt 0.732394 0.408451
vt 0.605634 0.816901
vt 0.605634 0.422535
vt 0.718310 0.422535
vt 0.718310 0.816901
vt 0.746479 0.816901
vt 0.746479 0.422535
vt 0.816902 0.422535
vt 0.816902 0.816901
vt 0.816901 0.619718
vt 0.816901 0.507042
vt 0.887324 0.507042
vt 0.887324 0.619718
vt 0.816901 0.394366
vt 0.816902 0.000000
vt 0.887324 0.000000
vt 0.887324 0.394366
s 0
usemtl water_fillingarea
f 3657/5739/720 3647/5740/720 3650/5741/720 3658/5742/720
f 3658/5743/721 3650/5744/721 3649/5745/721 3648/5746/721 3655/5747/721 3660/5748/721
f 3645/5749/722 3654/5750/722 3655/5751/722 3648/5752/722
f 3650/5753/723 3647/5754/723 3646/5755/723 3649/5756/723
f 3654/5757/720 3659/5758/720 3660/5759/720 3655/5760/720
f 3652/5761/724 3656/5762/724 3664/5763/724 3662/5764/724
f 3648/5752/725 3649/5765/725 3646/5766/725 3645/5749/725
f 3645/5746/724 3646/5745/724 3647/5767/724 3657/5768/724 3659/5769/724 3654/5770/724
f 3652/5771/723 3651/5772/723 3657/5773/723 3658/5774/723
f 3656/5775/723 3652/5771/723 3658/5774/723 3660/5776/723 3659/5755/723 3657/5773/723 3651/5772/723 3653/5777/723
f 3661/5778/723 3662/5779/723 3664/5780/723 3663/5781/723
f 3651/5782/720 3652/5783/720 3662/5784/720 3661/5785/720
f 3653/5786/721 3651/5787/721 3661/5788/721 3663/5789/721
f 3656/5790/725 3653/5791/725 3663/5792/725 3664/5793/725
o Plane
v -30.000000 -2.000000 20.000000
v 30.000000 -2.000000 20.000000
v -30.000000 -2.000000 -30.000000
v 30.000000 -2.000000 -30.000000
v -30.000000 -2.000000 -5.000000
v 30.000000 -2.000000 -5.000000
v -85.000000 -2.000000 -30.000000
v -85.000000 -2.000000 -5.000000
v 85.000000 -2.000000 -30.000000
v 85.000000 -2.000000 -5.000000
vn -0.0000 1.0000 -0.0000
vt 0.500000 -0.000000
vt 0.750000 0.000000
vt 0.750000 0.550000
vt 0.500000 0.550000
vt 1.000000 0.550000
vt 0.750000 0.550000
vt 0.750000 -0.000000
vt 1.000000 -0.000000
vt -0.000000 0.600000
vt 0.000000 0.000000
vt 0.250000 0.000000
vt 0.500000 0.000000
vt 0.500000 0.600000
vt 0.250000 0.600000
s 0
usemtl ground
f 3669/5794/726 3667/5795/726 3671/5796/726 3672/5797/726
f 3668/5798/726 3670/5799/726 3674/5800/726 3673/5801/726
f 3665/5802/726 3666/5803/726 3670/5804/726 3668/5805/726 3667/5806/726 3669/5807/726
o Plane.001
v -9.530330 3.176504 -1.354108
v -9.530330 2.823016 -1.360895
v -9.576305 3.113237 -1.355322
v -9.600475 3.038862 -1.356751
v -9.600475 2.960659 -1.358252
v -9.576305 2.886283 -1.359680
v -8.823223 3.529992 -1.347320
v -9.176777 3.529992 -1.347320
v -8.886502 3.575959 -1.346438
v -8.960892 3.600125 -1.345974
v -9.039108 3.600125 -1.345974
v -9.113498 3.575959 -1.346438
v -9.176777 2.469528 -1.367682
v -8.823223 2.469528 -1.367682
v -9.113498 2.423561 -1.368565
v -9.039108 2.399395 -1.369029
v -8.960892 2.399395 -1.369029
v -8.886502 2.423561 -1.368565
v -8.469670 2.823016 -1.360895
v -8.469670 3.176504 -1.354108
v -8.423695 2.886283 -1.359680
v -8.399525 2.960659 -1.358252
v -8.399525 3.038861 -1.356751
v -8.423695 3.113237 -1.355322
v -9.530330 2.823496 -1.385890
v -9.530330 3.176984 -1.379103
v -9.576305 2.886763 -1.384676
v -9.600475 2.961138 -1.383247
v -9.600475 3.039341 -1.381746
v -9.576305 3.113717 -1.380318
v -9.176777 3.530472 -1.372316
v -8.823223 3.530472 -1.372316
v -9.113498 3.576439 -1.371433
v -9.039108 3.600605 -1.370969
v -8.960892 3.600605 -1.370969
v -8.886502 3.576439 -1.371433
v -8.823223 2.470008 -1.392678
v -9.176777 2.470008 -1.392678
v -8.886502 2.424041 -1.393560
v -8.960892 2.399875 -1.394024
v -9.039108 2.399875 -1.394024
v -9.113498 2.424041 -1.393560
v -8.469670 3.176984 -1.379103
v -8.469670 2.823496 -1.385890
v -8.423695 3.113717 -1.380318
v -8.399525 3.039341 -1.381746
v -8.399525 2.961138 -1.383247
v -8.423695 2.886763 -1.384676
vn -0.7071 0.7070 0.0136
vn 0.7071 -0.7070 -0.0136
vn -0.0000 -0.0192 0.9998
vn -0.0000 0.0192 -0.9998
vn 0.7071 0.7070 0.0136
vn 0.8090 -0.5877 -0.0113
vn 0.9511 -0.3090 -0.0059
vn 1.0000 -0.0000 -0.0000
vn 0.9511 0.3090 0.0059
vn 0.8090 0.5877 0.0113
vn -0.5878 0.8089 0.0155
vn -0.3090 0.9509 0.0183
vn -0.0000 0.9998 0.0192
vn 0.3090 0.9509 0.0183
vn 0.5878 0.8089 0.0155
vn -0.8090 0.5877 0.0113
vn -0.9511 0.3090 0.0059
vn -1.0000 -0.0000 -0.0000
vn -0.9511 -0.3090 -0.0059
vn -0.8090 -0.5877 -0.0113
vn 0.5878 -0.8089 -0.0155
vn 0.3090 -0.9509 -0.0183
vn -0.0000 -0.9998 -0.0192
vn -0.3090 -0.9509 -0.0183
vn -0.5878 -0.8089 -0.0155
vn -0.7071 -0.7070 -0.0136
vt 0.922442 0.054141
vt 0.896906 0.023708
vt 0.898439 0.022423
vt 0.923975 0.052856
vt 0.889559 0.014952
vt 0.907740 0.036619
vt 0.906208 0.037905
vt 0.888027 0.016238
vt 0.750000 -0.000000
vt 0.827254 0.012236
vt 0.896946 0.047745
vt 0.952254 0.103053
vt 0.987764 0.172745
vt 1.000000 0.250000
vt 1.000000 0.750000
vt 0.987764 0.827254
vt 0.952254 0.896946
vt 0.896946 0.952254
vt 0.827254 0.987764
vt 0.750000 1.000000
vt 0.250000 1.000000
vt 0.172746 0.987764
vt 0.103054 0.952254
vt 0.047746 0.896946
vt 0.012236 0.827254
vt 0.000000 0.750000
vt 0.000000 0.250000
vt 0.012236 0.172746
vt 0.047746 0.103054
vt 0.103054 0.047746
vt 0.172746 0.012236
vt 0.250000 -0.000000
vt 0.250000 1.000000
vt 0.172746 0.987764
vt 0.103054 0.952254
vt 0.047746 0.896946
vt 0.012236 0.827254
vt 0.000000 0.750000
vt -0.000000 0.250000
vt 0.012236 0.172746
vt 0.047746 0.103054
vt 0.103054 0.047746
vt 0.172746 0.012236
vt 0.250000 -0.000000
vt 0.750000 0.000000
vt 0.827254 0.012236
vt 0.896946 0.047746
vt 0.952254 0.103054
vt 0.987764 0.172746
vt 1.000000 0.250000
vt 1.000000 0.750000
vt 0.987764 0.827254
vt 0.952254 0.896946
vt 0.896946 0.952254
vt 0.827254 0.987764
vt 0.750000 1.000000
vt 0.944372 0.077164
vt 0.969908 0.107597
vt 0.968376 0.108883
vt 0.942840 0.078450
vt 0.885663 0.013420
vt 0.887195 0.012135
vt 0.983087 0.123303
vt 0.981555 0.124589
vt 0.979324 0.121930
vt 0.980856 0.120644
vt 0.976167 0.118168
vt 0.977699 0.116882
vt 0.972395 0.113672
vt 0.973927 0.112387
vt 0.893034 0.019094
vt 0.894566 0.017808
vt 0.889688 0.015106
vt 0.891220 0.013820
vt 0.888727 0.010849
vt 0.935622 0.069847
vt 0.937154 0.068562
vt 0.940500 0.072550
vt 0.938968 0.073835
vt 0.927994 0.057645
vt 0.926461 0.058931
vt 0.931766 0.062141
vt 0.930234 0.063426
vt 0.934922 0.065902
vt 0.933390 0.067188
vt 0.946466 0.082771
vt 0.944933 0.084056
vt 0.942569 0.081239
vt 0.944101 0.079953
vt 0.910994 0.040497
vt 0.909462 0.041783
vt 0.914819 0.045056
vt 0.913287 0.046342
vt 0.918841 0.049849
vt 0.917309 0.051135
vt 0.922667 0.054408
vt 0.921135 0.055694
vt 0.925921 0.058286
vt 0.924388 0.059572
s 0
usemtl station_sign
f 3675/5808/727 3682/5809/727 3705/5810/727 3700/5811/727
f 3693/5812/728 3688/5813/728 3711/5814/728 3718/5815/728
f 3675/5816/729 3677/5817/729 3678/5818/729 3679/5819/729 3680/5820/729 3676/5821/729 3687/5822/729 3689/5823/729 3690/5824/729 3691/5825/729 3692/5826/729 3688/5827/729 3693/5828/729 3695/5829/729 3696/5830/729 3697/5831/729 3698/5832/729 3694/5833/729 3681/5834/729 3683/5835/729 3684/5836/729 3685/5837/729 3686/5838/729 3682/5839/729
f 3699/5840/730 3701/5841/730 3702/5842/730 3703/5843/730 3704/5844/730 3700/5845/730 3705/5846/730 3707/5847/730 3708/5848/730 3709/5849/730 3710/5850/730 3706/5851/730 3717/5852/730 3719/5853/730 3720/5854/730 3721/5855/730 3722/5856/730 3718/5857/730 3711/5858/730 3713/5859/730 3714/5860/730 3715/5861/730 3716/5862/730 3712/5863/730
f 3681/5864/731 3694/5865/731 3717/5866/731 3706/5867/731
f 3693/5812/732 3718/5815/732 3722/5868/732 3695/5869/732
f 3695/5870/733 3722/5871/733 3721/5872/733 3696/5873/733
f 3696/5873/734 3721/5872/734 3720/5874/734 3697/5875/734
f 3697/5875/735 3720/5874/735 3719/5876/735 3698/5877/735
f 3698/5877/736 3719/5876/736 3717/5866/736 3694/5865/736
f 3705/5810/737 3682/5809/737 3686/5878/737 3707/5879/737
f 3707/5879/738 3686/5878/738 3685/5880/738 3708/5881/738
f 3708/5881/739 3685/5880/739 3684/5869/739 3709/5882/739
f 3709/5883/740 3684/5884/740 3683/5885/740 3710/5886/740
f 3710/5886/741 3683/5885/741 3681/5864/741 3706/5867/741
f 3675/5808/742 3700/5811/742 3704/5887/742 3677/5888/742
f 3677/5888/743 3704/5887/743 3703/5889/743 3678/5890/743
f 3678/5890/744 3703/5889/744 3702/5891/744 3679/5892/744
f 3679/5892/745 3702/5891/745 3701/5884/745 3680/5883/745
f 3680/5893/746 3701/5894/746 3699/5895/746 3676/5896/746
f 3711/5814/747 3688/5813/747 3692/5897/747 3713/5898/747
f 3713/5898/748 3692/5897/748 3691/5899/748 3714/5900/748
f 3714/5900/749 3691/5899/749 3690/5901/749 3715/5902/749
f 3715/5902/750 3690/5901/750 3689/5903/750 3716/5904/750
f 3716/5904/751 3689/5903/751 3687/5905/751 3712/5906/751
f 3687/5905/752 3676/5896/752 3699/5895/752 3712/5906/752
o stationbase
v -20.000000 -2.000000 10.000000
v -20.000000 0.000000 10.000000
v 20.000000 -2.000000 10.000000
v 20.000000 0.000000 10.000000
v -20.000000 0.000000 0.000000
v 20.000000 0.000000 0.000000
v -25.000000 0.000000 0.000000
v -25.000000 0.000000 -10.000000
v -25.000000 -2.000000 -10.000000
v -25.000000 -2.000000 0.000000
v 25.000000 0.000000 -10.000000
v 25.000000 -2.000000 -10.000000
v 25.000000 0.000000 0.000000
v -20.000000 -2.000000 5.000000
v 20.000000 -2.000000 5.000000
v 25.000000 -2.000000 5.000000
v -25.000000 -2.000000 0.000000
v -25.000000 -2.000000 5.000000
vn -0.0000 -0.0000 -1.0000
vn -0.0000 -0.0000 1.0000
vn 1.0000 -0.0000 -0.0000
vn -0.0000 0.9285 0.3714
vn -1.0000 -0.0000 -0.0000
vn -0.0000 1.0000 -0.0000
vn -0.0000 -1.0000 -0.0000
vt 0.787130 1.000000
vt 0.787130 -0.000000
vt 0.827130 -0.000000
vt 0.827130 1.000000
vt 0.867130 0.800000
vt 0.827130 0.800000
vt 0.867130 -0.000000
vt 0.867130 0.800000
vt 0.867130 0.600000
vt 0.907130 0.600000
vt 0.907130 0.700000
vt 0.867130 0.100000
vt 0.907130 0.000000
vt 0.907130 0.300000
vt 0.867130 0.300000
vt 0.593565 0.000000
vt 0.700413 0.000000
vt 0.700413 0.100000
vt 0.593565 0.100000
vt 0.907130 0.500000
vt 0.907130 0.600000
vt 0.867130 0.500000
vt 0.787130 0.100000
vt 0.787130 0.900000
vt 0.593565 0.900000
vt 0.593565 1.000000
vt 0.400000 1.000000
vt 0.400000 -0.000000
vt 0.700413 0.900000
vt 0.700413 1.000000
vt 0.400000 0.000000
vt 0.400000 1.000000
vt 0.100000 1.000000
vt 0.100000 0.900000
vt 0.000000 0.900000
vt 0.000000 0.100000
vt 0.100000 0.100000
vt 0.100000 0.000000
vt 0.200000 0.000000
vt 0.907130 1.000000
vt 0.867130 1.000000
vt 0.907130 0.900000
s 0
usemtl platform
f 3730/5907/753 3733/5908/753 3734/5909/753 3731/5910/753
f 3725/5911/754 3726/5912/754 3724/5909/754 3723/5913/754
f 3728/5914/755 3726/5915/755 3725/5916/755 3737/5917/755
f 3735/5918/755 3738/5919/755 3734/5920/755 3733/5921/755
f 3729/5922/756 3740/5923/756 3736/5924/756 3727/5925/756
f 3732/5926/757 3739/5926/757 3740/5927/757 3729/5928/757 3730/5921/757 3731/5920/757
f 3727/5925/758 3724/5929/758 3726/5930/758 3728/5931/758 3735/5932/758 3733/5933/758 3730/5934/758 3729/5922/758
f 3728/5931/756 3737/5935/756 3738/5936/756 3735/5932/756
f 3731/5937/759 3734/5938/759 3738/5939/759 3737/5940/759 3725/5941/759 3723/5942/759 3736/5943/759 3740/5944/759 3739/5945/759 3732/5945/759
f 3723/5946/757 3724/5947/757 3727/5914/757 3736/5948/757
o stationroof
v -19.000000 5.100000 7.500000
v -19.000000 5.300000 7.500000
v -19.000000 6.300000 -5.500000
v -19.000000 6.500000 -5.500000
v 19.000000 5.100000 7.500000
v 19.000000 5.300000 7.500000
v 19.000000 6.300000 -5.500000
v 19.000000 6.500000 -5.500000
v -19.000000 6.300000 3.500000
v -19.000000 6.500000 3.500000
v 19.000000 6.300000 3.500000
v 19.000000 6.500000 3.500000
v -19.000000 5.300000 -9.500000
v -19.000000 5.100000 -9.500000
v 19.000000 5.100000 -9.500000
v 19.000000 5.300000 -9.500000
v -19.000000 5.800000 -1.000000
v 19.000000 5.600000 -1.000000
v -19.000000 5.600000 -1.000000
v 19.000000 5.800000 -1.000000
vn -1.0000 -0.0000 -0.0000
vn -0.0000 0.9578 -0.2873
vn 1.0000 -0.0000 -0.0000
vn -0.0000 -0.0000 1.0000
vn -0.0000 -0.9578 -0.2873
vn -0.0000 0.9578 0.2873
vn -0.0000 0.9881 -0.1537
vn -0.0000 -0.9881 0.1537
vn -0.0000 -0.0000 -1.0000
vn -0.0000 -0.9578 0.2873
vn -0.0000 -0.9881 -0.1537
vn -0.0000 0.9881 0.1537
vt 0.918421 0.223684
vt 0.913158 0.223684
vt 0.894737 0.105263
vt 0.900000 0.105263
vt 0.342105 1.000000
vt 0.342105 0.000000
vt 0.447369 0.000000
vt 0.447368 1.000000
vt 0.900000 0.552632
vt 0.894737 0.552632
vt 0.926316 0.447368
vt 0.931579 0.447368
vt 0.936842 1.000000
vt 0.931579 1.000000
vt 0.931579 0.000000
vt 0.936842 0.000000
vt 0.552632 -0.000000
vt 0.552632 1.000000
vt 0.447369 1.000000
vt 0.447369 -0.000000
vt 0.105263 0.000000
vt 0.105263 1.000000
vt 0.000000 1.000000
vt 0.000000 0.000000
vt 0.223684 0.000000
vt 0.223684 1.000000
vt 0.671053 0.000000
vt 0.671053 1.000000
vt 0.918421 0.671053
vt 0.913158 0.671053
vt 0.931579 0.447368
vt 0.926316 0.447368
vt 0.894737 0.342105
vt 0.900000 0.342105
vt 0.942106 1.000000
vt 0.936842 1.000000
vt 0.936843 0.000000
vt 0.942106 0.000000
vt 0.926316 -0.000000
vt 0.931579 -0.000000
vt 0.894737 0.789474
vt 0.900000 0.789474
vt 0.931579 0.894737
vt 0.926316 0.894737
vt 0.789474 1.000000
vt 0.789474 0.000000
vt 0.894737 0.000000
vt 0.894737 1.000000
s 0
usemtl station_roof
f 3759/5949/760 3757/5950/760 3744/5951/760 3743/5952/760
f 3744/5953/761 3748/5954/761 3756/5955/761 3753/5956/761
f 3751/5957/762 3752/5958/762 3746/5959/762 3745/5960/762
f 3745/5961/763 3746/5962/763 3742/5963/763 3741/5964/763
f 3749/5965/764 3751/5966/764 3745/5967/764 3741/5968/764
f 3752/5969/765 3750/5970/765 3742/5971/765 3746/5972/765
f 3760/5973/766 3757/5974/766 3750/5970/766 3752/5969/766
f 3759/5975/767 3758/5976/767 3751/5966/767 3749/5965/767
f 3758/5977/762 3760/5978/762 3752/5958/762 3751/5957/762
f 3741/5979/760 3742/5980/760 3750/5981/760 3749/5982/760
f 3754/5983/768 3753/5984/768 3756/5985/768 3755/5986/768
f 3743/5952/760 3744/5951/760 3753/5987/760 3754/5988/760
f 3748/5989/762 3747/5990/762 3755/5991/762 3756/5992/762
f 3747/5993/769 3743/5994/769 3754/5995/769 3755/5996/769
f 3747/5990/762 3748/5989/762 3760/5978/762 3758/5977/762
f 3743/5994/770 3747/5993/770 3758/5976/770 3759/5975/770
f 3748/5954/771 3744/5953/771 3757/5974/771 3760/5973/771
f 3749/5982/760 3750/5981/760 3757/5950/760 3759/5949/760
o stationwalls
v -19.500000 0.000000 9.500000
v -19.500000 3.000000 9.500000
v 19.500000 0.000000 9.500000
v 19.500000 3.000000 9.500000
v -20.000000 0.000000 10.000000
v -20.000000 3.000000 10.000000
v 20.000000 0.000000 10.000000
v 20.000000 3.000000 10.000000
v -19.500000 3.000000 0.000000
v -19.500000 0.000000 0.000000
v 19.500000 3.000000 0.000000
v 19.500000 0.000000 0.000000
v -20.000000 3.000000 0.000000
v -20.000000 0.000000 0.000000
v 20.000000 3.000000 0.000000
v 20.000000 0.000000 0.000000
vn -0.0000 1.0000 -0.0000
vn -0.0000 -0.0000 -1.0000
vn -1.0000 -0.0000 -0.0000
vn -0.0000 -0.0000 1.0000
vn -0.0000 -1.0000 -0.0000
vn 1.0000 -0.0000 -0.0000
vt 0.012500 0.987500
vt 0.250000 0.987500
vt 0.250000 1.000000
vt 0.000000 1.000000
vt 0.000000 0.000000
vt 0.250000 0.000000
vt 0.250000 0.012500
vt 0.012500 0.012500
vt 0.650000 0.975000
vt 0.575000 0.975000
vt 0.575000 -0.000000
vt 0.650000 0.000000
vt 0.650000 0.250000
vt 0.650000 -0.000000
vt 0.725000 0.000000
vt 0.725000 0.250000
vt 0.500000 -0.000000
vt 0.575000 -0.000000
vt 0.575000 1.000000
vt 0.500000 1.000000
vt 0.262500 0.012500
vt 0.262500 0.987500
vt 0.500000 0.987500
vt 0.500000 1.000000
vt 0.250000 1.000000
vt 0.250000 -0.000000
vt 0.500000 -0.000000
vt 0.500000 0.012500
vt 0.737500 0.000000
vt 0.737500 0.075000
vt 0.725000 0.075000
vt 0.725000 0.000000
vt 0.725000 0.150000
vt 0.737500 0.150000
vt 0.650000 0.500000
vt 0.725000 0.500000
vt 0.725000 0.737500
vt 0.650000 0.737500
vt 0.725000 0.975000
vt 0.650000 0.975000
vt 0.725000 0.250000
s 0
usemtl walls
f 3762/5997/772 3769/5998/772 3773/5999/772 3766/6000/772 3768/6001/772 3775/6002/772 3771/6003/772 3764/6004/772
f 3761/6005/773 3762/6006/773 3764/6007/773 3763/6008/773
f 3766/6009/774 3773/6010/774 3774/6011/774 3765/6012/774
f 3766/6013/775 3765/6014/775 3767/6015/775 3768/6016/775
f 3761/6017/776 3763/6018/776 3772/6019/776 3776/6020/776 3767/6021/776 3765/6022/776 3774/6023/776 3770/6024/776
f 3769/6025/773 3770/6026/773 3774/6027/773 3773/6028/773
f 3772/6029/773 3771/6027/773 3775/6026/773 3776/6030/773
f 3762/6031/777 3761/6032/777 3770/6033/777 3769/6034/777
f 3763/6035/774 3764/6036/774 3771/6034/774 3772/6033/774
f 3767/6037/777 3776/6032/777 3775/6031/777 3768/6009/777
o Cube.022
v -19.000000 4.000000 9.000000
v -19.000000 4.000000 1.000000
v -13.500000 4.000000 9.000000
v -13.500000 4.000000 1.000000
v -19.000000 2.000000 9.000000
v -19.000000 2.000000 1.000000
v -13.500000 2.000000 1.000000
v -13.500000 2.000000 9.000000
v -19.000000 0.000000 9.000000
v -19.000000 0.000000 1.000000
v -13.500000 0.000000 9.000000
v -13.500000 0.000000 1.000000
v -19.000000 2.000000 9.000000
v -19.000000 2.000000 1.000000
v -13.500000 2.000000 1.000000
v -13.500000 2.000000 9.000000
vn -1.0000 -0.0000 -0.0000
vn -0.0000 -0.0000 -1.0000
vn 1.0000 -0.0000 -0.0000
vn -0.0000 -0.0000 1.0000
vn -0.0000 1.0000 -0.0000
vn -0.0000 -1.0000 -0.0000
vt 0.652174 0.695652
vt 0.478261 0.695652
vt 0.478261 0.000000
vt 0.652174 0.000000
vt 1.000000 0.478261
vt 0.826087 0.478261
vt 0.826087 0.000000
vt 1.000000 0.000000
vt 0.826087 0.695652
vt 0.652174 0.695652
vt 0.652174 0.000000
vt 0.826087 0.000000
vt 1.000000 0.956522
vt 0.826087 0.956522
vt 0.826087 0.478261
vt 1.000000 0.478261
vt 0.478261 0.695652
vt 0.000000 0.695652
vt 0.000000 0.000000
vt 0.478261 0.000000
vt 1.000000 0.478261
vt 0.826087 0.478261
vt 0.826087 -0.000000
vt 1.000000 -0.000000
vt 0.652174 0.695652
vt 0.478261 -0.000000
vt 0.652174 0.000000
vt 1.000000 0.956522
vt 0.826087 0.956522
vt 1.000000 0.478261
vt 0.826087 0.695652
vt 0.652174 -0.000000
vt 0.826087 0.000000
s 0
usemtl room_top
f 3781/6038/778 3777/6039/778 3778/6040/778 3782/6041/778
f 3782/6042/779 3778/6043/779 3780/6044/779 3783/6045/779
f 3783/6046/780 3780/6047/780 3779/6048/780 3784/6049/780
f 3784/6050/781 3779/6051/781 3777/6052/781 3781/6053/781
f 3780/6054/782 3778/6055/782 3777/6056/782 3779/6057/782
usemtl room_bottom
f 3786/6054/783 3788/6055/783 3787/6056/783 3785/6057/783
f 3787/6058/781 3792/6059/781 3789/6060/781 3785/6061/781
f 3788/6062/780 3791/6054/780 3792/6063/780 3787/6064/780
f 3786/6065/779 3790/6066/779 3791/6043/779 3788/6067/779
f 3785/6068/778 3789/6062/778 3790/6069/778 3786/6070/778
o Cube.038
v 13.550000 0.000000 3.000000
v 13.550000 3.000000 3.000000
v 13.450000 0.000000 3.000000
v 13.450000 3.000000 3.000000
v 13.550000 0.000000 1.600000
v 13.550000 3.000000 1.600000
v 13.450000 0.000000 1.600000
v 13.450000 3.000000 1.600000
vn -0.0000 -0.0000 1.0000
vn -1.0000 -0.0000 -0.0000
vn -0.0000 -0.0000 -1.0000
vn -0.0000 -1.0000 -0.0000
vn -0.0000 1.0000 -0.0000
vt 0.500000 1.000000
vt 0.500000 0.000000
vt 0.533333 0.000000
vt 0.533333 1.000000
vt -0.000000 1.000000
vt -0.000000 0.000000
vt 0.466667 0.000000
vt 0.466667 1.000000
vt 0.472867 1.000000
vt 0.472867 0.000000
vt 0.506201 0.000000
vt 0.506201 1.000000
vt 0.566667 -0.000000
vt 0.566667 0.466667
vt 0.533333 0.466667
vt 0.533333 0.000000
vt 0.533333 0.933333
vt 0.533333 0.466667
vt 0.566667 0.466667
vt 0.566667 0.933333
s 0
usemtl door
f 3793/6071/784 3794/6072/784 3796/6073/784 3795/6074/784
f 3795/6075/785 3796/6076/785 3800/6077/785 3799/6078/785
f 3799/6079/786 3800/6080/786 3798/6081/786 3797/6082/786
f 3795/6083/787 3799/6084/787 3797/6085/787 3793/6086/787
f 3800/6087/788 3796/6088/788 3794/6089/788 3798/6090/788
o Cube.040
v 13.410000 2.300000 5.800000
v 13.410000 3.000000 5.800000
v 13.509999 2.300000 5.800000
v 13.509999 3.000000 5.800000
v 13.410000 2.300000 6.800000
v 13.410000 3.000000 6.800000
v 13.509999 2.300000 6.800000
v 13.509999 3.000000 6.800000
v 13.509999 2.300000 4.300000
v 13.509999 3.000000 4.300000
v 13.410000 2.300000 4.300000
v 13.410000 3.000000 4.300000
v 13.509999 2.300000 3.300000
v 13.509999 3.000000 3.300000
v 13.410000 2.300000 3.300000
v 13.410000 3.000000 3.300000
vn -0.0000 -0.0000 -1.0000
vn -0.0000 -0.0000 1.0000
vn -1.0000 -0.0000 -0.0000
vn -0.0000 -1.0000 -0.0000
vn -0.0000 1.0000 -0.0000
vt 0.111111 0.944444
vt 0.111111 0.555555
vt 0.166667 0.555555
vt 0.166667 0.944444
vt 0.000000 0.944444
vt 0.000000 0.555555
vt 0.055556 0.555555
vt 0.055556 0.944444
vt 0.777778 0.555555
vt 0.388889 0.555555
vt 0.388889 -0.000000
vt 0.777778 0.000000
vt 0.944444 0.555555
vt 0.944444 -0.000000
vt 1.000000 -0.000000
vt 1.000000 0.555555
vt 0.777778 0.555555
vt 0.777778 0.000000
vt 0.833333 0.000000
vt 0.833333 0.555555
vt 0.222222 0.555555
vt 0.222222 0.944444
vt 0.388889 0.555555
vt 0.000000 0.555555
vt 0.000000 0.000000
vt 0.388889 0.000000
vt 0.055556 0.944444
vt 0.055556 0.555555
vt 0.111111 0.555555
vt 0.111111 0.944444
vt 0.888889 -0.000000
vt 0.888889 0.555555
vt 0.833333 0.555555
vt 0.833333 0.000000
vt 0.888889 0.555555
vt 0.888889 -0.000000
vt 0.944444 -0.000000
vt 0.944444 0.555555
s 0
usemtl toilet_sign
f 3801/6091/789 3802/6092/789 3804/6093/789 3803/6094/789
f 3807/6095/790 3808/6096/790 3806/6097/790 3805/6098/790
f 3805/6099/791 3806/6100/791 3802/6101/791 3801/6102/791
f 3803/6103/792 3807/6104/792 3805/6105/792 3801/6106/792
f 3808/6107/793 3804/6108/793 3802/6109/793 3806/6110/793
f 3809/6094/790 3810/6093/790 3812/6111/790 3811/6112/790
f 3811/6113/791 3812/6114/791 3816/6115/791 3815/6116/791
f 3815/6117/789 3816/6118/789 3814/6119/789 3813/6120/789
f 3811/6121/792 3815/6122/792 3813/6123/792 3809/6124/792
f 3816/6125/793 3812/6126/793 3810/6127/793 3814/6128/793
o Cube.045
v 8.950000 4.100000 -6.300000
v 8.950000 4.500000 -6.300000
v 8.950000 4.100000 -7.700000
v 8.950000 4.500000 -7.700000
v 9.050000 4.100000 -6.300000
v 9.050000 4.500000 -6.300000
v 9.050000 4.100000 -7.700000
v 9.050000 4.500000 -7.700000
v 9.000000 4.300000 -7.510000
v 9.000000 5.800000 -7.510000
v 9.008660 4.300000 -7.505000
v 9.008660 5.800000 -7.505000
v 9.008660 4.300000 -7.495000
v 9.008660 5.800000 -7.495000
v 9.000000 4.300000 -7.490000
v 9.000000 5.800000 -7.490000
v 8.991340 4.300000 -7.495000
v 8.991340 5.800000 -7.495000
v 8.991340 4.300000 -7.505000
v 8.991340 5.800000 -7.505000
v 9.000000 4.300000 -6.490000
v 9.000000 6.100000 -6.490000
v 9.008660 4.300000 -6.495000
v 9.008660 6.100000 -6.495000
v 9.008660 4.300000 -6.505000
v 9.008660 6.100000 -6.505000
v 9.000000 4.300000 -6.510000
v 9.000000 6.100000 -6.510000
v 8.991340 4.300000 -6.505000
v 8.991340 6.100000 -6.505000
v 8.991340 4.300000 -6.495000
v 8.991340 6.100000 -6.495000
vn -1.0000 -0.0000 -0.0000
vn -0.0000 -0.0000 -1.0000
vn 1.0000 -0.0000 -0.0000
vn -0.0000 -0.0000 1.0000
vn -0.0000 -1.0000 -0.0000
vn -0.0000 1.0000 -0.0000
vn 0.5000 -0.0000 -0.8660
vn 0.5000 -0.0000 0.8660
vn -0.5000 -0.0000 0.8660
vn -0.5000 -0.0000 -0.8660
vt 0.222222 0.777778
vt 0.000000 0.777778
vt 0.000000 0.000000
vt 0.222222 0.000000
vt 0.555556 0.222222
vt 0.555556 0.000000
vt 0.611111 0.000000
vt 0.611111 0.222222
vt 0.444445 0.777778
vt 0.222222 0.777778
vt 0.222222 -0.000000
vt 0.444445 0.000000
vt 0.555556 0.444444
vt 0.611111 0.444444
vt 0.500000 0.777778
vt 0.444445 0.777778
vt 0.444445 0.000000
vt 0.500000 0.000000
vt 0.555556 0.777778
vt 0.641667 0.833333
vt 0.641667 0.000000
vt 0.644444 0.000000
vt 0.644444 0.833333
vt 0.644444 0.833333
vt 0.644444 0.000000
vt 0.647222 0.000000
vt 0.647222 0.833333
vt 0.652778 0.000000
vt 0.652778 0.833333
vt 0.655555 0.000000
vt 0.655555 0.833333
vt 0.654067 0.841667
vt 0.649256 0.844444
vt 0.644444 0.841667
vt 0.644444 0.836111
vt 0.649256 0.833333
vt 0.654067 0.836111
vt 0.633333 0.833333
vt 0.633333 0.000000
vt 0.636111 0.000000
vt 0.636111 0.833333
vt 0.649256 0.855556
vt 0.644444 0.852778
vt 0.644444 0.847222
vt 0.654067 0.847222
vt 0.654067 0.852778
vt 0.619444 1.000000
vt 0.613889 1.000000
vt 0.613889 0.000000
vt 0.619444 0.000000
vt 0.611111 1.000000
vt 0.633333 1.000000
vt 0.630556 1.000000
vt 0.630556 0.000000
vt 0.625000 1.000000
vt 0.625000 0.000000
vt 0.654067 0.858333
vt 0.654067 0.863889
vt 0.649256 0.866667
vt 0.644444 0.863889
vt 0.644444 0.858333
vt 0.622222 1.000000
vt 0.622222 0.000000
vt 0.622222 1.000000
vt 0.622222 0.000000
vt 0.654067 0.869444
vt 0.654067 0.875000
vt 0.649256 0.877778
vt 0.644444 0.875000
vt 0.644444 0.869444
s 0
usemtl digital_signal
f 3817/6129/794 3818/6130/794 3820/6131/794 3819/6132/794
f 3819/6133/795 3820/6134/795 3824/6135/795 3823/6136/795
f 3823/6137/796 3824/6138/796 3822/6139/796 3821/6140/796
f 3821/6141/797 3822/6133/797 3818/6136/797 3817/6142/797
f 3819/6143/798 3823/6144/798 3821/6145/798 3817/6146/798
f 3824/6147/799 3820/6143/799 3818/6146/799 3822/6134/799
f 3825/6148/800 3826/6149/800 3828/6150/800 3827/6151/800
f 3827/6152/796 3828/6153/796 3830/6154/796 3829/6155/796
f 3829/6155/801 3830/6154/801 3832/6156/801 3831/6157/801
f 3831/6157/802 3832/6156/802 3834/6158/802 3833/6159/802
f 3828/6160/799 3826/6161/799 3836/6162/799 3834/6163/799 3832/6164/799 3830/6165/799
f 3833/6166/794 3834/6167/794 3836/6168/794 3835/6169/794
f 3835/6169/803 3836/6168/803 3826/6149/803 3825/6148/803
f 3825/6170/798 3827/6171/798 3829/6172/798 3831/6161/798 3833/6173/798 3835/6174/798
f 3837/6175/801 3839/6176/801 3840/6177/801 3838/6178/801
f 3839/6176/796 3841/6179/796 3842/6135/796 3840/6177/796
f 3841/6180/800 3843/6181/800 3844/6182/800 3842/6167/800
f 3843/6181/803 3845/6183/803 3846/6184/803 3844/6182/803
f 3840/6185/799 3842/6186/799 3844/6187/799 3846/6188/799 3848/6189/799 3838/6170/799
f 3845/6183/794 3847/6190/794 3848/6191/794 3846/6184/794
f 3847/6192/802 3837/6175/802 3838/6178/802 3848/6193/802
f 3837/6187/798 3847/6194/798 3845/6195/798 3843/6196/798 3841/6197/798 3839/6198/798
o Cube.005
v 13.550000 0.000000 8.500000
v 13.550000 3.000000 8.500000
v 13.450000 0.000000 8.500000
v 13.450000 3.000000 8.500000
v 13.550000 0.000000 7.100000
v 13.550000 3.000000 7.100000
v 13.450000 0.000000 7.100000
v 13.450000 3.000000 7.100000
vn -0.0000 -0.0000 1.0000
vn -1.0000 -0.0000 -0.0000
vn -0.0000 -0.0000 -1.0000
vn -0.0000 -1.0000 -0.0000
vn -0.0000 1.0000 -0.0000
vt 0.500000 1.000000
vt 0.500000 0.000000
vt 0.533333 0.000000
vt 0.533333 1.000000
vt 0.466667 1.000000
vt 0.466667 0.000000
vt 0.000000 0.000000
vt 0.000000 1.000000
vt 0.468750 1.000000
vt 0.468750 0.000000
vt 0.502083 0.000000
vt 0.502083 1.000000
vt 0.566667 -0.000000
vt 0.566667 0.466667
vt 0.533333 0.466667
vt 0.533333 0.000000
vt 0.533333 0.933333
vt 0.533333 0.466667
vt 0.566667 0.466667
vt 0.566667 0.933333
s 0
usemtl door
f 3849/6199/804 3850/6200/804 3852/6201/804 3851/6202/804
f 3851/6203/805 3852/6204/805 3856/6205/805 3855/6206/805
f 3855/6207/806 3856/6208/806 3854/6209/806 3853/6210/806
f 3851/6211/807 3855/6212/807 3853/6213/807 3849/6214/807
f 3856/6215/808 3852/6216/808 3850/6217/808 3854/6218/808
o Cube.007
v 7.500000 0.000000 0.500000
v 7.500000 1.000000 0.500000
v 7.500000 0.000000 -2.500000
v 7.500000 1.000000 -2.500000
v 10.500000 0.000000 0.500000
v 10.500000 1.000000 0.500000
v 10.500000 0.000000 -2.500000
v 10.500000 1.000000 -2.500000
v 8.700143 1.000000 -1.310963
v 8.700143 1.000000 -1.399810
v 8.900047 1.000000 -1.310963
v 9.099953 1.000000 -1.310963
v 9.299857 1.000000 -1.399810
v 9.299857 1.000000 -1.310963
v 8.700143 1.000000 -0.689037
v 8.700143 1.000000 -0.600190
v 9.099953 1.000000 -0.689037
v 8.900047 1.000000 -0.689037
v 9.299857 1.000000 -0.689037
v 9.299857 1.000000 -0.600190
v 8.920000 5.200000 -0.751111
v 8.970000 5.975000 -5.500000
v 8.760000 5.200000 -0.751111
v 8.970000 6.225000 -5.500000
v 9.030000 5.975000 -5.500000
v 8.760000 5.200000 -1.320000
v 8.920000 5.200000 -1.248889
v 9.030000 6.225000 -5.500000
v 8.970000 5.975000 -5.600000
v 9.030000 5.975000 -5.600000
v 8.760000 5.200000 -1.248889
v 8.970000 6.300001 -5.500000
v 8.760000 5.200000 -0.680000
v 9.030000 6.300001 -5.500000
v 8.970000 6.300001 -5.600000
v 9.030000 6.300001 -5.600000
v 9.240000 5.200000 -1.248889
v 9.080000 5.200000 -1.248889
v 8.970000 5.975000 3.500000
v 8.970000 6.225000 3.500000
v 9.240000 5.200000 -0.680000
v 9.240000 5.200000 -0.751111
v 9.030000 5.975000 3.500000
v 9.030000 6.225000 3.500000
v 8.970000 5.975000 3.600000
v 9.240000 5.200000 -1.320000
v 9.030000 5.975000 3.600000
v 9.080000 5.200000 -0.751111
v 8.970000 6.300001 3.500000
v 9.030000 6.300001 3.500000
v 8.970000 6.300001 3.600000
v 9.030000 6.300001 3.600000
v 8.870766 4.560916 -0.667827
v 8.870542 5.056361 -0.677264
v 9.129234 4.560916 -0.667827
v 9.129458 5.056361 -0.677264
v 8.870766 4.560916 -1.332173
v 8.870542 5.056361 -1.322736
v 9.129234 4.560916 -1.332173
v 9.129458 5.056361 -1.322736
v 8.700143 1.000000 -1.310963
v 8.700143 1.000000 -1.399810
v 8.900047 1.000000 -1.310963
v 9.099953 1.000000 -1.310963
v 9.299857 1.000000 -1.399810
v 9.299857 1.000000 -1.310963
v 8.700143 1.000000 -0.689037
v 8.700143 1.000000 -0.600190
v 9.099953 1.000000 -0.689037
v 8.900047 1.000000 -0.689037
v 9.299857 1.000000 -0.689037
v 9.299857 1.000000 -0.600190
vn -1.0000 -0.0000 -0.0000
vn -0.0000 -0.0000 -1.0000
vn 1.0000 -0.0000 -0.0000
vn -0.0000 -0.0000 1.0000
vn -0.0000 -1.0000 -0.0000
vn -0.0000 1.0000 -0.0000
vn -0.0000 -0.0148 0.9999
vn -0.0000 0.0190 0.9998
vn -0.0000 0.0190 -0.9998
vn -0.0000 -0.0148 -0.9999
vn -0.9999 0.0143 -0.0000
vn 1.0000 0.0048 -0.0000
vn 0.9999 0.0143 -0.0000
vn -1.0000 0.0048 -0.0000
vn -0.9997 -0.0000 -0.0233
vn -0.0000 -0.9470 -0.3213
vn -0.0000 0.9630 0.2694
vn 0.9997 -0.0000 -0.0233
vn -0.9997 -0.0000 0.0233
vn -0.0000 -0.9470 0.3213
vn -0.0000 0.9630 -0.2694
vn 0.9997 -0.0000 0.0233
vt 0.666667 0.500000
vt 0.500000 0.500000
vt 0.500000 -0.000000
vt 0.666667 -0.000000
vt 0.666667 1.000000
vt 0.500000 1.000000
vt 0.500000 0.500000
vt 0.666667 0.500000
vt 0.833333 0.500000
vt 0.833333 0.000000
vt 0.833333 1.000000
vt 0.833333 0.500000
vt 0.500000 0.000000
vt 0.500000 0.500000
vt 0.000000 0.500000
vt 0.000000 0.000000
vt 0.301827 0.799976
vt 0.198173 0.799976
vt 0.198173 0.766659
vt 0.301827 0.766659
vt 0.183365 0.799976
vt 0.000000 1.000000
vt 0.000000 0.500000
vt 0.183365 0.700024
vt 0.301827 0.700024
vt 0.301827 0.733341
vt 0.198173 0.733341
vt 0.198173 0.700024
vt 0.316635 0.799976
vt 0.316635 0.700024
vt 0.500000 0.500000
vt 0.500000 1.000000
vt 0.823021 0.643576
vt 0.823021 0.000000
vt 0.847538 0.000116
vt 0.853653 0.643721
vt 0.256352 0.097932
vt 0.256386 0.022011
vt 0.273325 0.000000
vt 0.282497 0.643599
vt 0.190601 0.643599
vt 0.199773 0.000000
vt 0.216711 0.022011
vt 0.216746 0.097932
vt 0.291670 0.000000
vt 0.365222 0.000000
vt 0.348283 0.022011
vt 0.308608 0.022011
vt 0.308643 0.097932
vt 0.348249 0.097932
vt 0.374394 0.643599
vt 0.884285 0.643721
vt 0.890399 0.000116
vt 0.914917 -0.000000
vt 0.914917 0.643576
vt 0.738011 0.738169
vt 0.664459 0.738169
vt 0.664459 0.727272
vt 0.688976 0.727272
vt 0.688976 0.650995
vt 0.664459 0.650995
vt 0.664459 0.640099
vt 0.738011 0.640099
vt 0.738011 0.650995
vt 0.713494 0.650995
vt 0.713494 0.727272
vt 0.738011 0.727272
vt 0.945548 0.643901
vt 0.948266 0.000161
vt 0.959161 0.000000
vt 0.959161 0.643700
vt 0.959161 0.000000
vt 0.970057 0.000161
vt 0.972774 0.643901
vt 0.000000 0.643589
vt 0.009512 0.000000
vt 0.085788 0.000000
vt 0.095300 0.643589
vt 0.853653 -0.000000
vt 0.878170 0.000116
vt 0.853653 0.643576
vt 0.914917 0.643721
vt 0.921031 0.000116
vt 0.945549 0.000000
vt 0.945549 0.643576
vt 0.975492 0.000161
vt 0.986387 0.000000
vt 0.986387 0.643700
vt 0.104812 0.000000
vt 0.181089 0.000000
vt 0.190601 0.643589
vt 0.986387 0.643700
vt 0.986387 0.000000
vt 0.997283 0.000161
vt 1.000000 0.643901
vt 0.000000 0.693390
vt 0.009194 0.643589
vt 0.009194 0.693390
vt 0.446910 0.015669
vt 0.442089 0.030214
vt 0.446910 0.704639
vt 0.374394 0.682125
vt 0.405727 0.018161
vt 0.394818 0.014545
vt 0.399640 -0.000000
vt 0.783415 0.000000
vt 0.768209 0.638653
vt 0.759015 0.638653
vt 0.743809 0.000000
vt 0.704134 0.000000
vt 0.688893 0.640099
vt 0.679699 0.640099
vt 0.664459 0.000000
vt 0.488094 0.018161
vt 0.519426 0.682125
vt 0.446910 0.704639
vt 0.451732 0.030214
vt 0.446910 0.015669
vt 0.494181 -0.000000
vt 0.499002 0.014545
vt 0.018388 0.643589
vt 0.027582 0.643589
vt 0.027582 0.658912
vt 0.018388 0.658912
vt 0.027582 0.643589
vt 0.036776 0.643589
vt 0.036776 0.658912
vt 0.027582 0.658912
vt 0.064358 0.655081
vt 0.055164 0.655081
vt 0.055164 0.643589
vt 0.064358 0.643589
vt 0.018388 0.693390
vt 0.009194 0.693390
vt 0.009194 0.643589
vt 0.018388 0.643589
vt 0.560610 0.018161
vt 0.591943 0.682125
vt 0.519427 0.704639
vt 0.524248 0.030214
vt 0.519427 0.015669
vt 0.566697 -0.000000
vt 0.571519 0.014545
vt 0.783415 0.638653
vt 0.798621 0.000000
vt 0.807815 0.000000
vt 0.823021 0.638653
vt 0.719374 0.000000
vt 0.728568 0.000000
vt 0.743809 0.640099
vt 0.704134 0.640099
vt 0.664459 0.015669
vt 0.659637 0.030214
vt 0.664459 0.704639
vt 0.591943 0.682125
vt 0.623275 0.018161
vt 0.612367 0.014545
vt 0.617188 -0.000000
vt 0.036776 0.658912
vt 0.036776 0.643589
vt 0.045970 0.643589
vt 0.045970 0.658912
vt 0.055164 0.643589
vt 0.055164 0.658912
vt 0.064358 0.655081
vt 0.064358 0.643589
vt 0.073552 0.643589
vt 0.073552 0.655081
s 0
usemtl beam_base.001
f 3857/6219/809 3858/6220/809 3860/6221/809 3859/6222/809
f 3859/6223/810 3860/6224/810 3864/6225/810 3863/6226/810
f 3863/6227/811 3864/6219/811 3862/6222/811 3861/6228/811
f 3861/6229/812 3862/6223/812 3858/6226/812 3857/6230/812
f 3859/6231/813 3863/6232/813 3861/6233/813 3857/6234/813
f 3865/6235/814 3871/6236/814 3874/6237/814 3867/6238/814
f 3872/6239/814 3858/6240/814 3862/6241/814 3876/6242/814
f 3870/6243/814 3868/6244/814 3873/6245/814 3875/6246/814
f 3866/6247/814 3869/6248/814 3864/6249/814 3860/6250/814
f 3866/6247/814 3860/6250/814 3858/6240/814 3872/6239/814 3871/6236/814 3865/6235/814
f 3869/6248/814 3870/6243/814 3875/6246/814 3876/6242/814 3862/6241/814 3864/6249/814
usemtl metal_beam.001
f 3919/6251/815 3883/6252/815 3887/6253/815 3917/6254/815
f 3909/6255/816 3910/6256/816 3889/6257/816 3924/6258/816 3928/6259/816 3897/6260/816 3912/6261/816 3911/6262/816
f 3912/6261/816 3897/6260/816 3889/6257/816 3910/6256/816
f 3882/6263/817 3902/6264/817 3916/6265/817 3914/6266/817
f 3918/6258/817 3882/6263/817 3914/6266/817 3913/6267/817 3915/6268/817 3916/6265/817 3902/6264/817 3921/6269/817
f 3923/6270/818 3879/6271/818 3877/6272/818 3926/6273/818
f 3902/6274/814 3882/6275/814 3887/6276/814 3883/6277/814 3877/6278/814 3879/6279/814 3889/6280/814 3897/6281/814 3898/6282/814 3904/6283/814 3894/6284/814 3893/6285/814
f 3924/6286/819 3889/6287/819 3879/6288/819 3923/6289/819
f 3887/6290/819 3882/6291/819 3918/6292/819 3917/6289/819
f 3920/6293/820 3894/6294/820 3904/6295/820 3925/6296/820
f 3904/6297/818 3898/6298/818 3927/6270/818 3925/6299/818
f 3922/6300/815 3893/6301/815 3894/6302/815 3920/6303/815
f 3921/6292/821 3902/6304/821 3893/6305/821 3922/6306/821
f 3877/6307/822 3883/6308/822 3919/6309/822 3926/6296/822
f 3927/6310/821 3898/6311/821 3897/6312/821 3928/6313/821
f 3885/6314/810 3891/6293/810 3892/6315/810 3886/6316/810
f 3885/6317/823 3878/6318/823 3913/6319/823 3914/6320/823 3880/6321/823 3888/6322/823 3891/6323/823
f 3913/6324/824 3878/6325/824 3881/6326/824 3915/6327/824
f 3916/6328/825 3884/6329/825 3880/6330/825 3914/6331/825
f 3884/6332/826 3916/6333/826 3915/6334/826 3881/6335/826 3886/6336/826 3892/6337/826 3890/6338/826
f 3881/6339/813 3878/6340/813 3885/6341/813 3886/6342/813
f 3888/6343/814 3890/6344/814 3892/6345/814 3891/6346/814
f 3880/6347/812 3884/6348/812 3890/6349/812 3888/6350/812
f 3901/6351/812 3903/6352/812 3908/6353/812 3907/6354/812
f 3896/6355/827 3910/6356/827 3909/6357/827 3895/6358/827 3901/6359/827 3907/6360/827 3905/6361/827
f 3911/6362/828 3899/6363/828 3895/6364/828 3909/6365/828
f 3896/6366/829 3900/6367/829 3912/6368/829 3910/6369/829
f 3903/6370/830 3899/6371/830 3911/6372/830 3912/6373/830 3900/6374/830 3906/6375/830 3908/6376/830
f 3899/6377/813 3903/6378/813 3901/6379/813 3895/6380/813
f 3905/6380/814 3907/6379/814 3908/6381/814 3906/6382/814
f 3896/6383/810 3905/6384/810 3906/6385/810 3900/6386/810
o Cube.037
v -10.500000 0.000000 0.500000
v -10.500000 1.000000 0.500000
v -10.500000 0.000000 -2.500000
v -10.500000 1.000000 -2.500000
v -7.500000 0.000000 0.500000
v -7.500000 1.000000 0.500000
v -7.500000 0.000000 -2.500000
v -7.500000 1.000000 -2.500000
v -9.299857 1.000000 -1.310963
v -9.299857 1.000000 -1.399810
v -9.099953 1.000000 -1.310963
v -8.900047 1.000000 -1.310963
v -8.700143 1.000000 -1.399810
v -8.700143 1.000000 -1.310963
v -9.299857 1.000000 -0.689037
v -9.299857 1.000000 -0.600190
v -8.900047 1.000000 -0.689037
v -9.099953 1.000000 -0.689037
v -8.700143 1.000000 -0.689037
v -8.700143 1.000000 -0.600190
v -9.080000 5.200000 -0.751111
v -9.030000 5.975000 -5.500000
v -9.240000 5.200000 -0.751111
v -9.030000 6.225000 -5.500000
v -8.970000 5.975000 -5.500000
v -9.240000 5.200000 -1.320000
v -9.080000 5.200000 -1.248889
v -8.970000 6.225000 -5.500000
v -9.030000 5.975000 -5.600000
v -8.970000 5.975000 -5.600000
v -9.240000 5.200000 -1.248889
v -9.030000 6.300001 -5.500000
v -9.240000 5.200000 -0.680000
v -8.970000 6.300001 -5.500000
v -9.030000 6.300001 -5.600000
v -8.970000 6.300001 -5.600000
v -8.760000 5.200000 -1.248889
v -8.920000 5.200000 -1.248889
v -9.030000 5.975000 3.500000
v -9.030000 6.225000 3.500000
v -8.760000 5.200000 -0.680000
v -8.760000 5.200000 -0.751111
v -8.970000 5.975000 3.500000
v -8.970000 6.225000 3.500000
v -9.030000 5.975000 3.600000
v -8.760000 5.200000 -1.320000
v -8.970000 5.975000 3.600000
v -8.920000 5.200000 -0.751111
v -9.030000 6.300001 3.500000
v -8.970000 6.300001 3.500000
v -9.030000 6.300001 3.600000
v -8.970000 6.300001 3.600000
v -9.129234 4.560916 -0.667827
v -9.129458 5.056361 -0.677264
v -8.870766 4.560916 -0.667827
v -8.870542 5.056361 -0.677264
v -9.129234 4.560916 -1.332173
v -9.129458 5.056361 -1.322736
v -8.870766 4.560916 -1.332173
v -8.870542 5.056361 -1.322736
v -9.299857 1.000000 -1.310963
v -9.299857 1.000000 -1.399810
v -9.099953 1.000000 -1.310963
v -8.900047 1.000000 -1.310963
v -8.700143 1.000000 -1.399810
v -8.700143 1.000000 -1.310963
v -9.299857 1.000000 -0.689037
v -9.299857 1.000000 -0.600190
v -8.900047 1.000000 -0.689037
v -9.099953 1.000000 -0.689037
v -8.700143 1.000000 -0.689037
v -8.700143 1.000000 -0.600190
vn -1.0000 -0.0000 -0.0000
vn -0.0000 -0.0000 -1.0000
vn 1.0000 -0.0000 -0.0000
vn -0.0000 -0.0000 1.0000
vn -0.0000 -1.0000 -0.0000
vn -0.0000 1.0000 -0.0000
vn -0.0000 -0.0148 0.9999
vn -0.0000 0.0190 0.9998
vn -0.0000 0.0190 -0.9998
vn -0.0000 -0.0148 -0.9999
vn -0.9999 0.0143 -0.0000
vn 1.0000 0.0048 -0.0000
vn 0.9999 0.0143 -0.0000
vn -1.0000 0.0048 -0.0000
vn -0.9997 -0.0000 -0.0233
vn -0.0000 -0.9470 -0.3213
vn -0.0000 0.9630 0.2694
vn 0.9997 -0.0000 -0.0233
vn -0.9997 -0.0000 0.0233
vn -0.0000 -0.9470 0.3213
vn -0.0000 0.9630 -0.2694
vn 0.9997 -0.0000 0.0233
vt 0.666667 0.500000
vt 0.500000 0.500000
vt 0.500000 -0.000000
vt 0.666667 -0.000000
vt 0.666667 1.000000
vt 0.500000 1.000000
vt 0.500000 0.500000
vt 0.666667 0.500000
vt 0.833333 0.500000
vt 0.833333 0.000000
vt 0.833333 1.000000
vt 0.833333 0.500000
vt 0.500000 0.000000
vt 0.500000 0.500000
vt 0.000000 0.500000
vt 0.000000 0.000000
vt 0.301827 0.799976
vt 0.198173 0.799976
vt 0.198173 0.766659
vt 0.301827 0.766659
vt 0.183365 0.799976
vt 0.000000 1.000000
vt 0.000000 0.500000
vt 0.183365 0.700024
vt 0.301827 0.700024
vt 0.301827 0.733341
vt 0.198173 0.733341
vt 0.198173 0.700024
vt 0.316635 0.799976
vt 0.316635 0.700024
vt 0.500000 0.500000
vt 0.500000 1.000000
vt 0.823021 0.643576
vt 0.823021 0.000000
vt 0.847538 0.000116
vt 0.853653 0.643721
vt 0.256352 0.097932
vt 0.256386 0.022011
vt 0.273325 0.000000
vt 0.282497 0.643599
vt 0.190601 0.643599
vt 0.199773 0.000000
vt 0.216711 0.022011
vt 0.216746 0.097932
vt 0.291670 0.000000
vt 0.365222 0.000000
vt 0.348283 0.022011
vt 0.308608 0.022011
vt 0.308643 0.097932
vt 0.348249 0.097932
vt 0.374394 0.643599
vt 0.884285 0.643721
vt 0.890399 0.000116
vt 0.914917 -0.000000
vt 0.914917 0.643576
vt 0.738011 0.738169
vt 0.664459 0.738169
vt 0.664459 0.727272
vt 0.688976 0.727272
vt 0.688976 0.650995
vt 0.664459 0.650995
vt 0.664459 0.640099
vt 0.738011 0.640099
vt 0.738011 0.650995
vt 0.713494 0.650995
vt 0.713494 0.727272
vt 0.738011 0.727272
vt 0.945548 0.643901
vt 0.948266 0.000161
vt 0.959161 0.000000
vt 0.959161 0.643700
vt 0.959161 0.000000
vt 0.970057 0.000161
vt 0.972774 0.643901
vt 0.000000 0.643589
vt 0.009512 0.000000
vt 0.085788 0.000000
vt 0.095300 0.643589
vt 0.853653 -0.000000
vt 0.878170 0.000116
vt 0.853653 0.643576
vt 0.914917 0.643721
vt 0.921031 0.000116
vt 0.945549 0.000000
vt 0.945549 0.643576
vt 0.975492 0.000161
vt 0.986387 0.000000
vt 0.986387 0.643700
vt 0.104812 0.000000
vt 0.181089 0.000000
vt 0.190601 0.643589
vt 0.986387 0.643700
vt 0.986387 0.000000
vt 0.997283 0.000161
vt 1.000000 0.643901
vt 0.000000 0.693390
vt 0.009194 0.643589
vt 0.009194 0.693390
vt 0.446910 0.015669
vt 0.442089 0.030214
vt 0.446910 0.704639
vt 0.374394 0.682125
vt 0.405727 0.018161
vt 0.394818 0.014545
vt 0.399640 -0.000000
vt 0.783415 0.000000
vt 0.768209 0.638653
vt 0.759015 0.638653
vt 0.743809 0.000000
vt 0.704134 0.000000
vt 0.688893 0.640099
vt 0.679699 0.640099
vt 0.664459 0.000000
vt 0.488094 0.018161
vt 0.519426 0.682125
vt 0.446910 0.704639
vt 0.451732 0.030214
vt 0.446910 0.015669
vt 0.494181 -0.000000
vt 0.499002 0.014545
vt 0.018388 0.643589
vt 0.027582 0.643589
vt 0.027582 0.658912
vt 0.018388 0.658912
vt 0.027582 0.643589
vt 0.036776 0.643589
vt 0.036776 0.658912
vt 0.027582 0.658912
vt 0.064358 0.655081
vt 0.055164 0.655081
vt 0.055164 0.643589
vt 0.064358 0.643589
vt 0.018388 0.693390
vt 0.009194 0.693390
vt 0.009194 0.643589
vt 0.018388 0.643589
vt 0.560610 0.018161
vt 0.591943 0.682125
vt 0.519427 0.704639
vt 0.524248 0.030214
vt 0.519427 0.015669
vt 0.566697 -0.000000
vt 0.571519 0.014545
vt 0.783415 0.638653
vt 0.798621 0.000000
vt 0.807815 0.000000
vt 0.823021 0.638653
vt 0.719374 0.000000
vt 0.728568 0.000000
vt 0.743809 0.640099
vt 0.704134 0.640099
vt 0.664459 0.015669
vt 0.659637 0.030214
vt 0.664459 0.704639
vt 0.591943 0.682125
vt 0.623275 0.018161
vt 0.612367 0.014545
vt 0.617188 -0.000000
vt 0.036776 0.658912
vt 0.036776 0.643589
vt 0.045970 0.643589
vt 0.045970 0.658912
vt 0.055164 0.643589
vt 0.055164 0.658912
vt 0.064358 0.655081
vt 0.064358 0.643589
vt 0.073552 0.643589
vt 0.073552 0.655081
s 0
usemtl beam_base
f 3929/6387/831 3930/6388/831 3932/6389/831 3931/6390/831
f 3931/6391/832 3932/6392/832 3936/6393/832 3935/6394/832
f 3935/6395/833 3936/6387/833 3934/6390/833 3933/6396/833
f 3933/6397/834 3934/6391/834 3930/6394/834 3929/6398/834
f 3931/6399/835 3935/6400/835 3933/6401/835 3929/6402/835
f 3937/6403/836 3943/6404/836 3946/6405/836 3939/6406/836
f 3944/6407/836 3930/6408/836 3934/6409/836 3948/6410/836
f 3942/6411/836 3940/6412/836 3945/6413/836 3947/6414/836
f 3938/6415/836 3941/6416/836 3936/6417/836 3932/6418/836
f 3938/6415/836 3932/6418/836 3930/6408/836 3944/6407/836 3943/6404/836 3937/6403/836
f 3941/6416/836 3942/6411/836 3947/6414/836 3948/6410/836 3934/6409/836 3936/6417/836
usemtl metal_beam
f 3991/6419/837 3955/6420/837 3959/6421/837 3989/6422/837
f 3981/6423/838 3982/6424/838 3961/6425/838 3996/6426/838 4000/6427/838 3969/6428/838 3984/6429/838 3983/6430/838
f 3984/6429/838 3969/6428/838 3961/6425/838 3982/6424/838
f 3954/6431/839 3974/6432/839 3988/6433/839 3986/6434/839
f 3990/6426/839 3954/6431/839 3986/6434/839 3985/6435/839 3987/6436/839 3988/6433/839 3974/6432/839 3993/6437/839
f 3995/6438/840 3951/6439/840 3949/6440/840 3998/6441/840
f 3974/6442/836 3954/6443/836 3959/6444/836 3955/6445/836 3949/6446/836 3951/6447/836 3961/6448/836 3969/6449/836 3970/6450/836 3976/6451/836 3966/6452/836 3965/6453/836
f 3996/6454/841 3961/6455/841 3951/6456/841 3995/6457/841
f 3959/6458/841 3954/6459/841 3990/6460/841 3989/6457/841
f 3992/6461/842 3966/6462/842 3976/6463/842 3997/6464/842
f 3976/6465/840 3970/6466/840 3999/6438/840 3997/6467/840
f 3994/6468/837 3965/6469/837 3966/6470/837 3992/6471/837
f 3993/6460/843 3974/6472/843 3965/6473/843 3994/6474/843
f 3949/6475/844 3955/6476/844 3991/6477/844 3998/6464/844
f 3999/6478/843 3970/6479/843 3969/6480/843 4000/6481/843
f 3957/6482/832 3963/6461/832 3964/6483/832 3958/6484/832
f 3957/6485/845 3950/6486/845 3985/6487/845 3986/6488/845 3952/6489/845 3960/6490/845 3963/6491/845
f 3985/6492/846 3950/6493/846 3953/6494/846 3987/6495/846
f 3988/6496/847 3956/6497/847 3952/6498/847 3986/6499/847
f 3956/6500/848 3988/6501/848 3987/6502/848 3953/6503/848 3958/6504/848 3964/6505/848 3962/6506/848
f 3953/6507/835 3950/6508/835 3957/6509/835 3958/6510/835
f 3960/6511/836 3962/6512/836 3964/6513/836 3963/6514/836
f 3952/6515/834 3956/6516/834 3962/6517/834 3960/6518/834
f 3973/6519/834 3975/6520/834 3980/6521/834 3979/6522/834
f 3968/6523/849 3982/6524/849 3981/6525/849 3967/6526/849 3973/6527/849 3979/6528/849 3977/6529/849
f 3983/6530/850 3971/6531/850 3967/6532/850 3981/6533/850
f 3968/6534/851 3972/6535/851 3984/6536/851 3982/6537/851
f 3975/6538/852 3971/6539/852 3983/6540/852 3984/6541/852 3972/6542/852 3978/6543/852 3980/6544/852
f 3971/6545/835 3975/6546/835 3973/6547/835 3967/6548/835
f 3977/6548/836 3979/6547/836 3980/6549/836 3978/6550/836
f 3968/6551/832 3977/6552/832 3978/6553/832 3972/6554/832
o Cube.039
v -15.799999 0.000000 1.050000
v -15.799999 3.000000 1.050000
v -15.799999 0.000000 0.950000
v -15.799999 3.000000 0.950000
v -14.400000 0.000000 1.050000
v -14.400000 3.000000 1.050000
v -14.400000 0.000000 0.950000
v -14.400000 3.000000 0.950000
vn -1.0000 -0.0000 -0.0000
vn -0.0000 -0.0000 -1.0000
vn 1.0000 -0.0000 -0.0000
vn -0.0000 -1.0000 -0.0000
vn -0.0000 1.0000 -0.0000
vt 0.500000 1.000000
vt 0.500000 0.000000
vt 0.533333 0.000000
vt 0.533333 1.000000
vt -0.000000 1.000000
vt -0.000000 0.000000
vt 0.466667 0.000000
vt 0.466667 1.000000
vt 0.472867 1.000000
vt 0.472867 0.000000
vt 0.506201 0.000000
vt 0.506201 1.000000
vt 0.566667 -0.000000
vt 0.566667 0.466667
vt 0.533333 0.466667
vt 0.533333 0.000000
vt 0.533333 0.933333
vt 0.533333 0.466667
vt 0.566667 0.466667
vt 0.566667 0.933333
s 0
usemtl door.002
f 4001/6555/853 4002/6556/853 4004/6557/853 4003/6558/853
f 4003/6559/854 4004/6560/854 4008/6561/854 4007/6562/854
f 4007/6563/855 4008/6564/855 4006/6565/855 4005/6566/855
f 4003/6567/856 4007/6568/856 4005/6569/856 4001/6570/856
f 4008/6571/857 4004/6572/857 4002/6573/857 4006/6574/857
o Cube.044
v 13.500000 4.000000 9.000000
v 13.500000 4.000000 1.000000
v 19.000000 4.000000 9.000000
v 19.000000 4.000000 1.000000
v 13.500000 2.000000 9.000000
v 13.500000 2.000000 1.000000
v 19.000000 2.000000 1.000000
v 19.000000 2.000000 9.000000
v 13.500000 0.000000 9.000000
v 13.500000 0.000000 1.000000
v 19.000000 0.000000 9.000000
v 19.000000 0.000000 1.000000
v 13.500000 2.000000 9.000000
v 13.500000 2.000000 1.000000
v 19.000000 2.000000 1.000000
v 19.000000 2.000000 9.000000
vn -1.0000 -0.0000 -0.0000
vn -0.0000 -0.0000 -1.0000
vn 1.0000 -0.0000 -0.0000
vn -0.0000 -0.0000 1.0000
vn -0.0000 1.0000 -0.0000
vn -0.0000 -1.0000 -0.0000
vt 0.652174 0.695652
vt 0.478261 0.695652
vt 0.478261 0.000000
vt 0.652174 0.000000
vt 1.000000 0.478261
vt 0.826087 0.478261
vt 0.826087 0.000000
vt 1.000000 0.000000
vt 0.826087 0.695652
vt 0.652174 0.695652
vt 0.652174 0.000000
vt 0.826087 0.000000
vt 1.000000 0.956522
vt 0.826087 0.956522
vt 0.826087 0.478261
vt 1.000000 0.478261
vt 0.478261 0.695652
vt 0.000000 0.695652
vt 0.000000 0.000000
vt 0.478261 0.000000
vt 1.000000 0.478261
vt 0.826087 0.478261
vt 0.826087 -0.000000
vt 1.000000 -0.000000
vt 0.652174 0.695652
vt 0.478261 -0.000000
vt 0.652174 0.000000
vt 1.000000 0.956522
vt 0.826087 0.956522
vt 1.000000 0.478261
vt 0.826087 0.695652
vt 0.652174 -0.000000
vt 0.826087 0.000000
s 0
usemtl room_top.001
f 4013/6575/858 4009/6576/858 4010/6577/858 4014/6578/858
f 4014/6579/859 4010/6580/859 4012/6581/859 4015/6582/859
f 4015/6583/860 4012/6584/860 4011/6585/860 4016/6586/860
f 4016/6587/861 4011/6588/861 4009/6589/861 4013/6590/861
f 4012/6591/862 4010/6592/862 4009/6593/862 4011/6594/862
usemtl room_bottom.001
f 4018/6591/863 4020/6592/863 4019/6593/863 4017/6594/863
f 4019/6595/861 4024/6596/861 4021/6597/861 4017/6598/861
f 4020/6599/860 4023/6591/860 4024/6600/860 4019/6601/860
f 4018/6602/859 4022/6603/859 4023/6580/859 4020/6604/859
f 4017/6605/858 4021/6599/858 4022/6606/858 4018/6607/858
o Cube.046
v -9.050000 4.100000 -6.300000
v -9.050000 4.500000 -6.300000
v -9.050000 4.100000 -7.700000
v -9.050000 4.500000 -7.700000
v -8.950000 4.100000 -6.300000
v -8.950000 4.500000 -6.300000
v -8.950000 4.100000 -7.700000
v -8.950000 4.500000 -7.700000
v -9.000000 4.300000 -7.510000
v -9.000000 5.800000 -7.510000
v -8.991340 4.300000 -7.505000
v -8.991340 5.800000 -7.505000
v -8.991340 4.300000 -7.495000
v -8.991340 5.800000 -7.495000
v -9.000000 4.300000 -7.490000
v -9.000000 5.800000 -7.490000
v -9.008660 4.300000 -7.495000
v -9.008660 5.800000 -7.495000
v -9.008660 4.300000 -7.505000
v -9.008660 5.800000 -7.505000
v -9.000000 4.300000 -6.490000
v -9.000000 6.100000 -6.490000
v -8.991340 4.300000 -6.495000
v -8.991340 6.100000 -6.495000
v -8.991340 4.300000 -6.505000
v -8.991340 6.100000 -6.505000
v -9.000000 4.300000 -6.510000
v -9.000000 6.100000 -6.510000
v -9.008660 4.300000 -6.505000
v -9.008660 6.100000 -6.505000
v -9.008660 4.300000 -6.495000
v -9.008660 6.100000 -6.495000
vn -1.0000 -0.0000 -0.0000
vn -0.0000 -0.0000 -1.0000
vn 1.0000 -0.0000 -0.0000
vn -0.0000 -0.0000 1.0000
vn -0.0000 -1.0000 -0.0000
vn -0.0000 1.0000 -0.0000
vn 0.5000 -0.0000 -0.8660
vn 0.5000 -0.0000 0.8660
vn -0.5000 -0.0000 0.8660
vn -0.5000 -0.0000 -0.8660
vt 0.222222 0.777778
vt 0.000000 0.777778
vt 0.000000 0.000000
vt 0.222222 0.000000
vt 0.555556 0.222222
vt 0.555556 0.000000
vt 0.611111 0.000000
vt 0.611111 0.222222
vt 0.444445 0.777778
vt 0.222222 0.777778
vt 0.222222 -0.000000
vt 0.444445 0.000000
vt 0.555556 0.444444
vt 0.611111 0.444444
vt 0.500000 0.777778
vt 0.444445 0.777778
vt 0.444445 0.000000
vt 0.500000 0.000000
vt 0.555556 0.777778
vt 0.641667 0.833333
vt 0.641667 0.000000
vt 0.644444 0.000000
vt 0.644444 0.833333
vt 0.644444 0.833333
vt 0.644444 0.000000
vt 0.647222 0.000000
vt 0.647222 0.833333
vt 0.652778 0.000000
vt 0.652778 0.833333
vt 0.655555 0.000000
vt 0.655555 0.833333
vt 0.654067 0.841667
vt 0.649256 0.844444
vt 0.644444 0.841667
vt 0.644444 0.836111
vt 0.649256 0.833333
vt 0.654067 0.836111
vt 0.633333 0.833333
vt 0.633333 0.000000
vt 0.636111 0.000000
vt 0.636111 0.833333
vt 0.649256 0.855556
vt 0.644444 0.852778
vt 0.644444 0.847222
vt 0.654067 0.847222
vt 0.654067 0.852778
vt 0.619444 1.000000
vt 0.613889 1.000000
vt 0.613889 0.000000
vt 0.619444 0.000000
vt 0.611111 1.000000
vt 0.633333 1.000000
vt 0.630556 1.000000
vt 0.630556 0.000000
vt 0.625000 1.000000
vt 0.625000 0.000000
vt 0.654067 0.858333
vt 0.654067 0.863889
vt 0.649256 0.866667
vt 0.644444 0.863889
vt 0.644444 0.858333
vt 0.622222 1.000000
vt 0.622222 0.000000
vt 0.622222 1.000000
vt 0.622222 0.000000
vt 0.654067 0.869444
vt 0.654067 0.875000
vt 0.649256 0.877778
vt 0.644444 0.875000
vt 0.644444 0.869444
s 0
usemtl digital_signal.001
f 4025/6608/864 4026/6609/864 4028/6610/864 4027/6611/864
f 4027/6612/865 4028/6613/865 4032/6614/865 4031/6615/865
f 4031/6616/866 4032/6617/866 4030/6618/866 4029/6619/866
f 4029/6620/867 4030/6612/867 4026/6615/867 4025/6621/867
f 4027/6622/868 4031/6623/868 4029/6624/868 4025/6625/868
f 4032/6626/869 4028/6622/869 4026/6625/869 4030/6613/869
f 4033/6627/870 4034/6628/870 4036/6629/870 4035/6630/870
f 4035/6631/866 4036/6632/866 4038/6633/866 4037/6634/866
f 4037/6634/871 4038/6633/871 4040/6635/871 4039/6636/871
f 4039/6636/872 4040/6635/872 4042/6637/872 4041/6638/872
f 4036/6639/869 4034/6640/869 4044/6641/869 4042/6642/869 4040/6643/869 4038/6644/869
f 4041/6645/864 4042/6646/864 4044/6647/864 4043/6648/864
f 4043/6648/873 4044/6647/873 4034/6628/873 4033/6627/873
f 4033/6649/868 4035/6650/868 4037/6651/868 4039/6640/868 4041/6652/868 4043/6653/868
f 4045/6654/871 4047/6655/871 4048/6656/871 4046/6657/871
f 4047/6655/866 4049/6658/866 4050/6614/866 4048/6656/866
f 4049/6659/870 4051/6660/870 4052/6661/870 4050/6646/870
f 4051/6660/873 4053/6662/873 4054/6663/873 4052/6661/873
f 4048/6664/869 4050/6665/869 4052/6666/869 4054/6667/869 4056/6668/869 4046/6649/869
f 4053/6662/864 4055/6669/864 4056/6670/864 4054/6663/864
f 4055/6671/872 4045/6654/872 4046/6657/872 4056/6672/872
f 4045/6666/868 4055/6673/868 4053/6674/868 4051/6675/868 4049/6676/868 4047/6677/868
o Cylinder.002
v -0.007250 1.779800 8.155497
v 0.012750 1.779800 8.155497
v -0.007250 1.794800 8.155497
v -0.007250 1.779800 8.175497
v 0.012750 1.779800 8.175497
v -0.007250 1.794800 8.175497
v 0.012750 1.794800 8.175497
v 0.012750 1.794800 8.155497
v 0.037750 1.809800 8.185497
v 0.037750 1.809800 8.145496
v 0.037750 1.794800 8.185497
v 0.077750 1.809800 8.193497
v 0.077750 1.809800 8.137497
v 0.077750 1.794800 8.193497
v 0.202750 1.809800 8.193497
v 0.202750 1.809800 8.137497
v 0.202750 1.794800 8.193497
v 0.240250 1.803796 8.182297
v 0.240250 1.803796 8.148697
v 0.240250 1.794796 8.182297
v 0.240250 1.794796 8.148697
v 0.202750 1.794800 8.137497
v 0.077750 1.794800 8.137497
v 0.037750 1.794800 8.145496
vn -0.0000 -1.0000 -0.0000
vn -0.0000 -0.0000 -1.0000
vn -1.0000 -0.0000 -0.0000
vn -0.0000 -0.0000 1.0000
vn -0.0000 1.0000 -0.0000
vn -0.5145 0.8575 -0.0000
vn -0.3714 -0.0000 0.9285
vn -0.1961 -0.0000 0.9806
vn 0.1581 0.9874 -0.0000
vn 0.2862 -0.0000 0.9582
vn 1.0000 -0.0000 -0.0000
vn -0.0001 -1.0000 -0.0000
vn 0.2862 -0.0000 -0.9582
vn -0.1961 -0.0000 -0.9806
vn -0.3714 -0.0000 -0.9285
vn 0.5145 -0.8575 -0.0000
vt 0.752712 0.378565
vt 0.785947 0.378565
vt 0.785947 0.411615
vt 0.752712 0.411615
vt 0.907582 0.687860
vt 0.882710 0.686221
vt 0.884892 0.653114
vt 0.909764 0.654753
vt 0.934690 0.363953
vt 0.909764 0.363953
vt 0.909764 0.330718
vt 0.934690 0.330718
vt 0.815858 0.654753
vt 0.840730 0.653114
vt 0.842912 0.686221
vt 0.818040 0.687860
vt 0.752712 0.789735
vt 0.785947 0.789735
vt 0.785947 0.822880
vt 0.752712 0.822880
vt 0.736095 0.746476
vt 0.802564 0.746476
vt 0.837939 0.610773
vt 0.862811 0.609134
vt 0.722801 0.680186
vt 0.815858 0.680186
vt 0.833524 0.543793
vt 0.858396 0.542153
vt 0.722801 0.473030
vt 0.815858 0.473030
vt 0.819886 0.336872
vt 0.844758 0.335233
vt 0.741412 0.411615
vt 0.797246 0.411615
vt 0.815858 0.275868
vt 0.830781 0.274884
vt 0.924720 0.330718
vt 0.909764 0.330718
vt 0.909764 0.274884
vt 0.924720 0.274884
vt 0.815858 0.061968
vt 0.722801 0.061968
vt 0.741412 0.000000
vt 0.797246 0.000000
vt 0.905736 0.336872
vt 0.880864 0.335233
vt 0.894841 0.274884
vt 0.909764 0.275868
vt 0.892098 0.543793
vt 0.867226 0.542153
vt 0.815858 0.268528
vt 0.722801 0.268528
vt 0.887683 0.610773
vt 0.862811 0.609133
vt 0.802564 0.334628
vt 0.736095 0.334628
s 0
usemtl driking_water_tap.001
f 4058/6678/874 4061/6679/874 4060/6680/874 4057/6681/874
f 4057/6682/875 4059/6683/875 4064/6684/875 4058/6685/875
f 4060/6686/876 4062/6687/876 4059/6688/876 4057/6689/876
f 4061/6690/877 4063/6691/877 4062/6692/877 4060/6693/877
f 4063/6694/878 4064/6695/878 4059/6696/878 4062/6697/878
f 4064/6695/879 4063/6694/879 4065/6698/879 4066/6699/879
f 4063/6691/880 4061/6690/880 4067/6700/880 4065/6701/880
f 4066/6699/878 4065/6698/878 4068/6702/878 4069/6703/878
f 4065/6701/881 4067/6700/881 4070/6704/881 4068/6705/881
f 4069/6703/878 4068/6702/878 4071/6706/878 4072/6707/878
f 4068/6705/877 4070/6704/877 4073/6708/877 4071/6709/877
f 4072/6707/882 4071/6706/882 4074/6710/882 4075/6711/882
f 4071/6709/883 4073/6708/883 4076/6712/883 4074/6713/883
f 4077/6714/884 4075/6715/884 4074/6716/884 4076/6717/884
f 4073/6718/885 4078/6719/885 4077/6720/885 4076/6721/885
f 4078/6722/886 4072/6723/886 4075/6724/886 4077/6725/886
f 4079/6726/875 4069/6727/875 4072/6723/875 4078/6722/875
f 4070/6728/874 4079/6729/874 4078/6719/874 4073/6718/874
f 4080/6730/887 4066/6731/887 4069/6727/887 4079/6726/887
f 4067/6732/874 4080/6733/874 4079/6729/874 4070/6728/874
f 4058/6685/888 4064/6684/888 4066/6731/888 4080/6730/888
f 4061/6679/889 4058/6678/889 4080/6733/889 4067/6732/889
o Cylinder.019
v -10.145167 1.350000 9.429999
v -10.145167 1.350000 8.710000
v -9.354833 1.350000 9.429999
v -9.354833 1.350000 8.710000
v -9.335159 1.471833 9.469999
v -9.335159 1.471833 8.670000
v -9.432495 1.617505 9.469999
v -9.432495 1.617505 8.670000
v -9.578167 1.714841 9.469999
v -9.578167 1.714841 8.670000
v -9.750000 1.749020 9.469999
v -9.750000 1.749020 8.670000
v -9.921833 1.714841 9.469999
v -9.921833 1.714841 8.670000
v -10.067506 1.617505 9.469999
v -10.067506 1.617505 8.670000
v -10.164841 1.471833 9.469999
v -10.164841 1.471833 8.670000
v -9.250000 1.300000 9.469999
v -9.288060 1.491342 9.469999
v -9.288060 1.491342 8.670000
v -9.250000 1.300000 8.670000
v -9.396446 1.653553 9.469999
v -9.396447 1.653553 8.670000
v -9.558659 1.761940 9.469999
v -9.558659 1.761940 8.670000
v -9.750000 1.800000 9.469999
v -9.750000 1.800000 8.670000
v -9.941341 1.761940 9.469999
v -9.941341 1.761940 8.670000
v -10.103554 1.653553 9.469999
v -10.103554 1.653553 8.670000
v -10.211940 1.491342 9.469999
v -10.211940 1.491342 8.670000
v -10.250000 1.300000 9.469999
v -10.250000 1.300000 8.670000
v -10.200000 -0.000000 9.429999
v -10.200000 -0.000000 8.710000
v -9.300000 0.000000 8.710000
v -9.299999 0.000000 9.429999
v -10.101259 0.150000 8.749999
v -9.398740 0.150000 8.749999
v -10.101259 0.150000 9.389999
v -9.398740 0.150000 9.389999
vn -0.0000 -0.0308 -0.9995
vn 0.9808 0.1951 -0.0000
vn 0.8315 0.5556 -0.0000
vn 0.5556 0.8315 -0.0000
vn 0.1951 0.9808 -0.0000
vn -0.1951 0.9808 -0.0000
vn -0.5556 0.8315 -0.0000
vn 0.9872 0.1594 -0.0000
vn -0.8315 0.5556 -0.0000
vn -0.9808 0.1951 -0.0000
vn -0.0000 0.0333 0.9994
vn -0.2779 -0.1377 0.9507
vn -0.2779 -0.1377 -0.9507
vn -0.0000 -0.0000 1.0000
vn -0.0000 -0.0000 -1.0000
vn 0.2779 -0.1377 0.9507
vn 0.2779 -0.1377 -0.9507
vn -0.0000 0.6247 -0.7809
vn -0.0000 0.6247 0.7809
vn 0.8315 -0.5556 -0.0000
vn 0.5556 -0.8315 -0.0000
vn 0.1951 -0.9808 -0.0000
vn -0.1951 -0.9808 -0.0000
vn -0.5556 -0.8315 -0.0000
vn -0.8315 -0.5556 -0.0000
vn -0.9872 0.1594 -0.0000
vn -0.0000 -1.0000 -0.0000
vn 0.9993 -0.0384 -0.0000
vn -0.0000 -0.0308 0.9995
vn -0.9993 -0.0384 -0.0000
vn -0.0000 1.0000 -0.0000
vn 0.9993 0.0366 -0.0000
vn -0.0000 0.0333 -0.9994
vn -0.9993 0.0366 -0.0000
vt 0.000000 0.122863
vt 0.245819 0.122863
vt 0.233528 0.442576
vt 0.012291 0.442576
vt 0.491637 0.319798
vt 0.688292 0.319798
vt 0.688292 0.366396
vt 0.491637 0.366396
vt 0.688292 0.405109
vt 0.491637 0.405109
vt 0.000000 1.000000
vt 0.000000 0.803345
vt 0.039875 0.803345
vt 0.039875 1.000000
vt 0.086910 0.803345
vt 0.086910 1.000000
vt 0.133945 0.803345
vt 0.133945 1.000000
vt 0.173820 0.803345
vt 0.173820 1.000000
vt 0.009833 0.736839
vt 0.186822 0.736839
vt 0.196655 0.766557
vt 0.000000 0.766557
vt 0.688292 0.810219
vt 0.491637 0.810219
vt 0.491637 0.771506
vt 0.688292 0.771506
vt 0.491637 0.724908
vt 0.688292 0.724908
vt 0.882571 0.589199
vt 0.688292 0.589199
vt 0.699085 0.294599
vt 0.871778 0.294599
vt 0.470704 0.361937
vt 0.465867 0.331729
vt 0.491637 0.319714
vt 0.482281 0.366731
vt 0.220049 0.110847
vt 0.224885 0.080639
vt 0.236463 0.075845
vt 0.446777 0.397733
vt 0.455638 0.406591
vt 0.200958 0.044844
vt 0.209819 0.035986
vt 0.410968 0.421651
vt 0.415763 0.433224
vt 0.165149 0.020926
vt 0.169945 0.009352
vt 0.368728 0.430050
vt 0.368728 0.442576
vt 0.122909 0.012527
vt 0.122909 0.000000
vt 0.326488 0.421651
vt 0.321693 0.433224
vt 0.080670 0.020926
vt 0.075874 0.009352
vt 0.290679 0.397733
vt 0.281818 0.406591
vt 0.044861 0.044844
vt 0.035999 0.035986
vt 0.266752 0.361937
vt 0.255175 0.366731
vt 0.020934 0.080639
vt 0.009356 0.075845
vt 0.271588 0.331729
vt 0.245819 0.319714
vt 0.025770 0.110847
vt 0.196655 0.803345
vt 0.000000 0.803345
vt 0.209629 0.803345
vt 0.209629 1.000000
vt 0.251869 0.803345
vt 0.251869 1.000000
vt 0.294108 0.803345
vt 0.294108 1.000000
vt 0.329917 0.803345
vt 0.329917 1.000000
vt 0.393310 0.803345
vt 0.393310 0.766557
vt 0.206488 0.736839
vt 0.383477 0.736839
vt 0.865282 0.810436
vt 0.688292 0.810436
vt 0.688292 0.589199
vt 0.865282 0.589199
vt 0.501470 0.000000
vt 0.678459 0.000000
vt 0.258110 0.000000
vt 0.479346 0.000000
vt 0.501470 0.405109
vt 0.678459 0.405109
vt 0.329917 0.976038
vt 0.329917 0.803345
vt 0.487241 0.803345
vt 0.487241 0.976038
vt 0.019665 0.442577
vt 0.176989 0.442577
vt 0.688292 0.000000
vt 0.882571 0.000000
vt 0.871778 0.294599
vt 0.699085 0.294599
vt 0.216320 0.442576
vt 0.373644 0.442576
s 0
usemtl blue_bin
f 4116/6734/890 4102/6735/890 4119/6736/890 4118/6737/890
f 4099/6738/891 4102/6739/891 4101/6740/891 4100/6741/891
f 4100/6741/892 4101/6740/892 4104/6742/892 4103/6743/892
f 4103/6744/893 4104/6745/893 4106/6746/893 4105/6747/893
f 4105/6747/894 4106/6746/894 4108/6748/894 4107/6749/894
f 4107/6749/895 4108/6748/895 4110/6750/895 4109/6751/895
f 4109/6751/896 4110/6750/896 4112/6752/896 4111/6753/896
f 4081/6754/897 4082/6755/897 4098/6756/897 4097/6757/897
f 4111/6758/898 4112/6759/898 4114/6760/898 4113/6761/898
f 4113/6761/899 4114/6760/899 4116/6762/899 4115/6763/899
f 4084/6764/900 4082/6765/900 4121/6766/900 4122/6767/900
f 4085/6768/901 4083/6769/901 4099/6770/901 4100/6771/901
f 4084/6772/902 4086/6773/902 4101/6774/902 4102/6735/902
f 4087/6775/903 4085/6768/903 4100/6771/903 4103/6776/903
f 4086/6773/904 4088/6777/904 4104/6778/904 4101/6774/904
f 4089/6779/903 4087/6775/903 4103/6776/903 4105/6780/903
f 4088/6777/904 4090/6781/904 4106/6782/904 4104/6778/904
f 4091/6783/903 4089/6779/903 4105/6780/903 4107/6784/903
f 4090/6781/904 4092/6785/904 4108/6786/904 4106/6782/904
f 4093/6787/903 4091/6783/903 4107/6784/903 4109/6788/903
f 4092/6785/904 4094/6789/904 4110/6790/904 4108/6786/904
f 4095/6791/903 4093/6787/903 4109/6788/903 4111/6792/903
f 4094/6789/904 4096/6793/904 4112/6794/904 4110/6790/904
f 4097/6795/903 4095/6791/903 4111/6792/903 4113/6796/903
f 4096/6793/904 4098/6797/904 4114/6798/904 4112/6794/904
f 4081/6799/905 4097/6795/905 4113/6796/905 4115/6800/905
f 4098/6797/906 4082/6801/906 4116/6734/906 4114/6798/906
f 4082/6801/907 4084/6772/907 4102/6735/907 4116/6734/907
f 4083/6769/908 4081/6799/908 4115/6800/908 4099/6770/908
f 4097/6757/909 4098/6756/909 4096/6802/909 4095/6803/909
f 4095/6753/910 4096/6752/910 4094/6804/910 4093/6805/910
f 4093/6805/911 4094/6804/911 4092/6806/911 4091/6807/911
f 4091/6807/912 4092/6806/912 4090/6808/912 4089/6809/912
f 4089/6809/913 4090/6808/913 4088/6810/913 4087/6811/913
f 4087/6812/914 4088/6802/914 4086/6756/914 4085/6813/914
f 4085/6813/915 4086/6756/915 4084/6814/915 4083/6815/915
f 4117/6816/916 4118/6817/916 4119/6818/916 4120/6819/916
f 4102/6739/917 4099/6738/917 4120/6820/917 4119/6821/917
f 4099/6770/918 4115/6800/918 4117/6822/918 4120/6823/918
f 4115/6763/919 4116/6762/919 4118/6824/919 4117/6825/919
f 4122/6826/920 4121/6827/920 4123/6828/920 4124/6829/920
f 4082/6755/921 4081/6754/921 4123/6830/921 4121/6831/921
f 4081/6832/922 4083/6833/922 4124/6834/922 4123/6835/922
f 4083/6815/923 4084/6814/923 4122/6836/923 4124/6837/923
o Cylinder.020
v -9.045167 1.350000 9.429999
v -9.045167 1.350000 8.710000
v -8.254832 1.350000 9.429999
v -8.254832 1.350000 8.710000
v -8.235159 1.471833 9.469999
v -8.235159 1.471833 8.670000
v -8.332495 1.617505 9.469999
v -8.332495 1.617505 8.670000
v -8.478167 1.714841 9.469999
v -8.478167 1.714841 8.670000
v -8.650000 1.749020 9.469999
v -8.650000 1.749020 8.670000
v -8.821833 1.714841 9.469999
v -8.821833 1.714841 8.670000
v -8.967505 1.617505 9.469999
v -8.967505 1.617505 8.670000
v -9.064840 1.471833 9.469999
v -9.064840 1.471833 8.670000
v -8.150000 1.300000 9.469999
v -8.188060 1.491342 9.469999
v -8.188060 1.491342 8.670000
v -8.150000 1.300000 8.670000
v -8.296446 1.653553 9.469999
v -8.296447 1.653553 8.670000
v -8.458658 1.761940 9.469999
v -8.458658 1.761940 8.670000
v -8.650000 1.800000 9.469999
v -8.650000 1.800000 8.670000
v -8.841341 1.761940 9.469999
v -8.841341 1.761940 8.670000
v -9.003553 1.653553 9.469999
v -9.003553 1.653553 8.670000
v -9.111939 1.491342 9.469999
v -9.111939 1.491342 8.670000
v -9.150000 1.300000 9.469999
v -9.150000 1.300000 8.670000
v -9.099999 -0.000000 9.429999
v -9.099999 -0.000000 8.710000
v -8.200000 0.000000 8.710000
v -8.199999 0.000000 9.429999
v -9.001259 0.150000 8.749999
v -8.298739 0.150000 8.749999
v -9.001259 0.150000 9.389999
v -8.298739 0.150000 9.389999
vn -0.0000 -0.0308 -0.9995
vn 0.9808 0.1951 -0.0000
vn 0.8315 0.5556 -0.0000
vn 0.5556 0.8315 -0.0000
vn 0.1951 0.9808 -0.0000
vn -0.1951 0.9808 -0.0000
vn -0.5556 0.8315 -0.0000
vn 0.9872 0.1594 -0.0000
vn -0.8315 0.5556 -0.0000
vn -0.9808 0.1951 -0.0000
vn -0.0000 0.0333 0.9994
vn -0.2779 -0.1377 0.9507
vn -0.2779 -0.1377 -0.9507
vn -0.0000 -0.0000 1.0000
vn -0.0000 -0.0000 -1.0000
vn 0.2779 -0.1377 0.9507
vn 0.2779 -0.1377 -0.9507
vn -0.0000 0.6247 -0.7809
vn -0.0000 0.6247 0.7809
vn 0.8315 -0.5556 -0.0000
vn 0.5556 -0.8315 -0.0000
vn 0.1951 -0.9808 -0.0000
vn -0.1951 -0.9808 -0.0000
vn -0.5556 -0.8315 -0.0000
vn -0.8315 -0.5556 -0.0000
vn -0.9872 0.1594 -0.0000
vn -0.0000 -1.0000 -0.0000
vn 0.9993 -0.0384 -0.0000
vn -0.0000 -0.0308 0.9995
vn -0.9993 -0.0384 -0.0000
vn -0.0000 1.0000 -0.0000
vn 0.9993 0.0366 -0.0000
vn -0.0000 0.0333 -0.9994
vn -0.9993 0.0366 -0.0000
vt 0.000000 0.122863
vt 0.245819 0.122863
vt 0.233528 0.442576
vt 0.012291 0.442576
vt 0.491637 0.319798
vt 0.688292 0.319798
vt 0.688292 0.366396
vt 0.491637 0.366396
vt 0.688292 0.405109
vt 0.491637 0.405109
vt 0.000000 1.000000
vt 0.000000 0.803345
vt 0.039875 0.803345
vt 0.039875 1.000000
vt 0.086910 0.803345
vt 0.086910 1.000000
vt 0.133945 0.803345
vt 0.133945 1.000000
vt 0.173820 0.803345
vt 0.173820 1.000000
vt 0.009833 0.736839
vt 0.186822 0.736839
vt 0.196655 0.766557
vt 0.000000 0.766557
vt 0.688292 0.810219
vt 0.491637 0.810219
vt 0.491637 0.771506
vt 0.688292 0.771506
vt 0.491637 0.724908
vt 0.688292 0.724908
vt 0.882571 0.589199
vt 0.688292 0.589199
vt 0.699085 0.294599
vt 0.871778 0.294599
vt 0.470704 0.361937
vt 0.465867 0.331729
vt 0.491637 0.319714
vt 0.482281 0.366731
vt 0.220049 0.110847
vt 0.224885 0.080639
vt 0.236463 0.075845
vt 0.446777 0.397733
vt 0.455638 0.406591
vt 0.200958 0.044844
vt 0.209819 0.035986
vt 0.410968 0.421651
vt 0.415763 0.433224
vt 0.165149 0.020926
vt 0.169945 0.009352
vt 0.368728 0.430050
vt 0.368728 0.442576
vt 0.122909 0.012527
vt 0.122909 0.000000
vt 0.326488 0.421651
vt 0.321693 0.433224
vt 0.080670 0.020926
vt 0.075874 0.009352
vt 0.290679 0.397733
vt 0.281818 0.406591
vt 0.044861 0.044844
vt 0.035999 0.035986
vt 0.266752 0.361937
vt 0.255175 0.366731
vt 0.020934 0.080639
vt 0.009356 0.075845
vt 0.271588 0.331729
vt 0.245819 0.319714
vt 0.025770 0.110847
vt 0.196655 0.803345
vt 0.000000 0.803345
vt 0.209629 0.803345
vt 0.209629 1.000000
vt 0.251869 0.803345
vt 0.251869 1.000000
vt 0.294108 0.803345
vt 0.294108 1.000000
vt 0.329917 0.803345
vt 0.329917 1.000000
vt 0.393310 0.803345
vt 0.393310 0.766557
vt 0.206488 0.736839
vt 0.383477 0.736839
vt 0.865282 0.810436
vt 0.688292 0.810436
vt 0.688292 0.589199
vt 0.865282 0.589199
vt 0.501470 0.000000
vt 0.678459 0.000000
vt 0.258110 0.000000
vt 0.479346 0.000000
vt 0.501470 0.405109
vt 0.678459 0.405109
vt 0.329917 0.976038
vt 0.329917 0.803345
vt 0.487241 0.803345
vt 0.487241 0.976038
vt 0.019665 0.442577
vt 0.176989 0.442577
vt 0.688292 0.000000
vt 0.882571 0.000000
vt 0.871778 0.294599
vt 0.699085 0.294599
vt 0.216320 0.442576
vt 0.373644 0.442576
s 0
usemtl green_bin
f 4160/6838/924 4146/6839/924 4163/6840/924 4162/6841/924
f 4143/6842/925 4146/6843/925 4145/6844/925 4144/6845/925
f 4144/6845/926 4145/6844/926 4148/6846/926 4147/6847/926
f 4147/6848/927 4148/6849/927 4150/6850/927 4149/6851/927
f 4149/6851/928 4150/6850/928 4152/6852/928 4151/6853/928
f 4151/6853/929 4152/6852/929 4154/6854/929 4153/6855/929
f 4153/6855/930 4154/6854/930 4156/6856/930 4155/6857/930
f 4125/6858/931 4126/6859/931 4142/6860/931 4141/6861/931
f 4155/6862/932 4156/6863/932 4158/6864/932 4157/6865/932
f 4157/6865/933 4158/6864/933 4160/6866/933 4159/6867/933
f 4128/6868/934 4126/6869/934 4165/6870/934 4166/6871/934
f 4129/6872/935 4127/6873/935 4143/6874/935 4144/6875/935
f 4128/6876/936 4130/6877/936 4145/6878/936 4146/6839/936
f 4131/6879/937 4129/6872/937 4144/6875/937 4147/6880/937
f 4130/6877/938 4132/6881/938 4148/6882/938 4145/6878/938
f 4133/6883/937 4131/6879/937 4147/6880/937 4149/6884/937
f 4132/6881/938 4134/6885/938 4150/6886/938 4148/6882/938
f 4135/6887/937 4133/6883/937 4149/6884/937 4151/6888/937
f 4134/6885/938 4136/6889/938 4152/6890/938 4150/6886/938
f 4137/6891/937 4135/6887/937 4151/6888/937 4153/6892/937
f 4136/6889/938 4138/6893/938 4154/6894/938 4152/6890/938
f 4139/6895/937 4137/6891/937 4153/6892/937 4155/6896/937
f 4138/6893/938 4140/6897/938 4156/6898/938 4154/6894/938
f 4141/6899/937 4139/6895/937 4155/6896/937 4157/6900/937
f 4140/6897/938 4142/6901/938 4158/6902/938 4156/6898/938
f 4125/6903/939 4141/6899/939 4157/6900/939 4159/6904/939
f 4142/6901/940 4126/6905/940 4160/6838/940 4158/6902/940
f 4126/6905/941 4128/6876/941 4146/6839/941 4160/6838/941
f 4127/6873/942 4125/6903/942 4159/6904/942 4143/6874/942
f 4141/6861/943 4142/6860/943 4140/6906/943 4139/6907/943
f 4139/6857/944 4140/6856/944 4138/6908/944 4137/6909/944
f 4137/6909/945 4138/6908/945 4136/6910/945 4135/6911/945
f 4135/6911/946 4136/6910/946 4134/6912/946 4133/6913/946
f 4133/6913/947 4134/6912/947 4132/6914/947 4131/6915/947
f 4131/6916/948 4132/6906/948 4130/6860/948 4129/6917/948
f 4129/6917/949 4130/6860/949 4128/6918/949 4127/6919/949
f 4161/6920/950 4162/6921/950 4163/6922/950 4164/6923/950
f 4146/6843/951 4143/6842/951 4164/6924/951 4163/6925/951
f 4143/6874/952 4159/6904/952 4161/6926/952 4164/6927/952
f 4159/6867/953 4160/6866/953 4162/6928/953 4161/6929/953
f 4166/6930/954 4165/6931/954 4167/6932/954 4168/6933/954
f 4126/6859/955 4125/6858/955 4167/6934/955 4165/6935/955
f 4125/6936/956 4127/6937/956 4168/6938/956 4167/6939/956
f 4127/6919/957 4128/6918/957 4166/6940/957 4168/6941/957
o Cylinder.021
v 1.000000 1.561094 7.988904
v 1.000000 1.623594 7.988904
v 0.989016 1.561094 8.015421
v 0.989016 1.623594 8.015421
v 0.962500 1.561094 8.026404
v 0.962500 1.623594 8.026404
v 0.935983 1.561094 8.015421
v 0.935983 1.623594 8.015421
v 0.925000 1.561094 7.988904
v 0.925000 1.623594 7.988904
v 0.935983 1.561094 7.962388
v 0.935983 1.623594 7.962388
v 0.962500 1.561094 7.951405
v 0.962500 1.623594 7.951405
v 0.989016 1.561094 7.962388
v 0.989016 1.623594 7.962388
v 1.000000 1.711094 8.511404
v 1.000000 1.711094 8.076405
v 0.989016 1.737610 8.511404
v 0.989016 1.737610 8.076405
v 0.962500 1.748594 8.511404
v 0.962500 1.748594 8.076405
v 0.935983 1.737610 8.511404
v 0.935983 1.737610 8.076405
v 0.925000 1.711094 8.511404
v 0.925000 1.711094 8.076405
v 0.935983 1.684577 8.511404
v 0.935983 1.684577 8.076405
v 0.962500 1.673594 8.511404
v 0.962500 1.673594 8.076405
v 0.989016 1.684577 8.511404
v 0.989016 1.684577 8.076405
v 1.000000 1.672068 7.990975
v 1.000000 1.698280 8.001719
v 1.000000 1.709023 8.027929
v 0.989016 1.677747 7.965074
v 0.989016 1.717030 7.982968
v 0.989016 1.734924 8.022250
v 0.962500 1.680100 7.954346
v 0.962500 1.724796 7.975202
v 0.962500 1.745653 8.019898
v 0.935983 1.677747 7.965074
v 0.935983 1.717030 7.982968
v 0.935983 1.734924 8.022250
v 0.925000 1.672069 7.990975
v 0.925000 1.698280 8.001719
v 0.925000 1.709023 8.027929
v 0.935983 1.666390 8.016876
v 0.935983 1.679530 8.020469
v 0.935983 1.683122 8.033608
v 0.962500 1.664037 8.027605
v 0.962500 1.671763 8.028235
v 0.962500 1.672393 8.035961
v 0.989016 1.683122 8.033608
v 0.989016 1.679530 8.020469
v 0.989016 1.666390 8.016876
v 0.988750 1.736094 8.163904
v 0.981062 1.736094 8.182466
v 0.981250 1.811094 8.163904
v 0.981062 1.736094 8.145343
v 0.962500 1.736094 8.137654
v 0.975758 1.811094 8.150646
v 0.962500 1.811094 8.145154
v 0.949242 1.811094 8.150646
v 0.943750 1.811094 8.163904
v 0.943938 1.736094 8.145343
v 0.936250 1.736094 8.163904
v 0.943938 1.736094 8.182466
v 0.962500 1.736094 8.190154
v 0.949242 1.811094 8.177163
v 0.962500 1.811094 8.182654
v 0.975758 1.811094 8.177163
vn 0.9239 -0.0000 0.3827
vn 0.3827 -0.0000 0.9239
vn -0.3827 -0.0000 0.9239
vn -0.9239 -0.0000 0.3827
vn -0.9239 -0.0000 -0.3827
vn -0.3827 -0.0000 -0.9239
vn 0.3827 -0.0000 -0.9239
vn 0.9239 -0.0000 -0.3827
vn -0.0000 -1.0000 -0.0000
vn 0.9239 0.3827 -0.0000
vn 0.3827 0.9239 -0.0000
vn -0.3827 0.9239 -0.0000
vn -0.9239 0.3827 -0.0000
vn -0.9239 -0.3827 -0.0000
vn -0.3827 -0.9239 -0.0000
vn 0.3827 -0.9239 -0.0000
vn 0.9239 -0.3827 -0.0000
vn -0.0000 -0.0000 1.0000
vn 0.3798 -0.9246 0.0295
vn -0.3798 -0.9246 0.0295
vn -0.9228 -0.3851 0.0149
vn -0.9228 0.3848 -0.0178
vn -0.3802 0.9237 -0.0470
vn 0.3802 0.9237 -0.0470
vn 0.9228 0.3848 -0.0178
vn 0.9228 -0.3851 0.0149
vn 0.9176 0.3643 -0.1593
vn 0.9176 0.1593 -0.3643
vn 0.9228 0.0178 -0.3848
vn 0.3687 0.8440 -0.3895
vn 0.3687 0.3895 -0.8440
vn 0.3802 0.0470 -0.9237
vn -0.3687 0.8440 -0.3895
vn -0.3687 0.3895 -0.8440
vn -0.3802 0.0470 -0.9237
vn -0.9176 0.3643 -0.1593
vn -0.9176 0.1593 -0.3643
vn -0.9228 0.0178 -0.3848
vn -0.9165 -0.3759 0.1370
vn -0.9165 -0.1370 0.3759
vn -0.9228 -0.0149 0.3851
vn -0.3549 -0.9163 0.1854
vn -0.3549 -0.1854 0.9163
vn -0.3798 -0.0295 0.9246
vn 0.3549 -0.9163 0.1854
vn 0.3549 -0.1854 0.9163
vn 0.3798 -0.0295 0.9246
vn 0.9165 -0.3759 0.1370
vn 0.9165 -0.1370 0.3759
vn 0.9228 -0.0149 0.3851
vn 0.9200 0.0920 0.3811
vn 0.9200 0.0920 -0.3811
vn 0.3811 0.0920 -0.9200
vn -0.0000 1.0000 -0.0000
vn -0.3811 0.0920 -0.9200
vn -0.9200 0.0920 -0.3811
vn -0.9200 0.0920 0.3811
vn -0.3811 0.0920 0.9200
vn 0.3811 0.0920 0.9200
vt 0.007439 0.043042
vt 0.106798 0.068433
vt 0.099359 0.110829
vt -0.000000 0.085438
vt 0.903984 0.687860
vt 0.903984 0.791674
vt 0.859921 0.792209
vt 0.859921 0.688396
vt 0.815858 0.791674
vt 0.815858 0.687860
vt 0.546548 0.085379
vt 0.447457 0.110960
vt 0.433662 0.067783
vt 0.532753 0.042202
vt 0.426523 0.025581
vt 0.525615 0.000000
vt 0.905286 0.002386
vt 0.900083 0.105179
vt 0.852449 0.102793
vt 0.857652 0.000000
vt 0.818672 0.105618
vt 0.823875 0.002824
vt 0.020990 0.000000
vt 0.120349 0.025391
vt 0.897163 0.884830
vt 0.930841 0.918508
vt 0.930841 0.966190
vt 0.897163 0.999945
vt 0.849536 1.000000
vt 0.815858 0.966322
vt 0.815858 0.918640
vt 0.849535 0.884885
vt 0.039099 0.945745
vt 0.211269 0.244945
vt 0.256479 0.255393
vt 0.084309 0.956193
vt 0.546548 0.885691
vt 0.546548 0.169505
vt 0.590611 0.171978
vt 0.590612 0.888164
vt 0.634675 0.169505
vt 0.634675 0.885691
vt 0.462466 0.956120
vt 0.290759 0.255805
vt 0.329472 0.244464
vt 0.501179 0.944779
vt 0.374841 0.234099
vt 0.546548 0.934414
vt 0.634675 0.814953
vt 0.634675 0.093277
vt 0.678738 0.092237
vt 0.678738 0.813913
vt 0.722801 0.093277
vt 0.722801 0.814953
vt 0.000000 0.934649
vt 0.172170 0.233849
vt 0.782146 0.938030
vt 0.734470 0.938016
vt 0.700758 0.904283
vt 0.700758 0.856592
vt 0.734470 0.822880
vt 0.782146 0.822895
vt 0.815858 0.856628
vt 0.815858 0.904318
vt 0.678738 0.025026
vt 0.722801 0.022140
vt 0.634675 0.022140
vt 0.313621 0.165576
vt 0.360257 0.164605
vt 0.273642 0.167522
vt 0.590612 0.078284
vt 0.634675 0.079741
vt 0.546548 0.079741
vt 0.227163 0.166009
vt 0.273642 0.167059
vt 0.186794 0.164312
vt 0.220458 0.119418
vt 0.260742 0.096504
vt 0.183041 0.091462
vt 0.205376 0.051718
vt 0.546548 0.011038
vt 0.590612 -0.000000
vt 0.859035 0.274884
vt 0.823875 0.264172
vt 0.815858 0.195321
vt 0.849600 0.196426
vt 0.634675 0.011038
vt 0.905286 0.263734
vt 0.897269 0.194882
vt 0.286508 0.096957
vt 0.320308 0.118982
vt 0.341725 0.052071
vt 0.357624 0.090958
vt 0.360765 0.141981
vt 0.380180 0.130820
vt 0.634675 0.000000
vt 0.678738 0.012149
vt 0.859921 0.872309
vt 0.815858 0.884830
vt 0.815858 0.862829
vt 0.859921 0.859445
vt 0.722801 0.000000
vt 0.903984 0.884830
vt 0.903984 0.862829
vt 0.186285 0.141684
vt 0.166817 0.130559
vt 0.611100 0.968782
vt 0.577761 0.968744
vt 0.554187 0.945116
vt 0.554187 0.911738
vt 0.577761 0.888163
vt 0.611100 0.888202
vt 0.634675 0.911830
vt 0.634675 0.945208
vt 0.664737 0.814953
vt 0.664307 0.939984
vt 0.642834 0.941429
vt 0.634675 0.816976
vt 0.696260 0.816976
vt 0.686823 0.941429
vt 0.928940 0.122853
vt 0.926754 0.247974
vt 0.909858 0.249295
vt 0.905286 0.124702
vt 0.903984 0.829175
vt 0.920713 0.812445
vt 0.944372 0.812600
vt 0.961101 0.829550
vt 0.961101 0.853364
vt 0.944372 0.870094
vt 0.920713 0.869939
vt 0.903984 0.852990
vt 0.962274 0.124702
vt 0.950564 0.249295
vt 0.936940 0.120671
vt 0.934577 0.000000
vt 0.955921 0.001558
vt 0.966821 0.122853
vt 0.905286 0.122853
vt 0.911967 0.001558
vt 0.934828 0.688235
vt 0.934828 0.812445
vt 0.912797 0.812178
vt 0.965673 0.687860
vt 0.956860 0.812178
s 0
usemtl driking_water_tap
f 4169/6942/958 4170/6943/958 4172/6944/958 4171/6945/958
f 4171/6946/959 4172/6947/959 4174/6948/959 4173/6949/959
f 4173/6949/960 4174/6948/960 4176/6950/960 4175/6951/960
f 4175/6952/961 4176/6953/961 4178/6954/961 4177/6955/961
f 4177/6955/962 4178/6954/962 4180/6956/962 4179/6957/962
f 4179/6958/963 4180/6959/963 4182/6960/963 4181/6961/963
f 4181/6961/964 4182/6960/964 4184/6962/964 4183/6963/964
f 4183/6964/965 4184/6965/965 4170/6943/965 4169/6942/965
f 4169/6966/966 4171/6967/966 4173/6968/966 4175/6969/966 4177/6970/966 4179/6971/966 4181/6972/966 4183/6973/966
f 4185/6974/967 4186/6975/967 4188/6976/967 4187/6977/967
f 4187/6978/968 4188/6979/968 4190/6980/968 4189/6981/968
f 4189/6981/969 4190/6980/969 4192/6982/969 4191/6983/969
f 4191/6984/970 4192/6985/970 4194/6986/970 4193/6987/970
f 4193/6987/971 4194/6986/971 4196/6988/971 4195/6989/971
f 4195/6990/972 4196/6991/972 4198/6992/972 4197/6993/972
f 4197/6993/973 4198/6992/973 4200/6994/973 4199/6995/973
f 4199/6996/974 4200/6997/974 4186/6975/974 4185/6974/974
f 4185/6998/975 4187/6999/975 4189/7000/975 4191/7001/975 4193/7002/975 4195/7003/975 4197/7004/975 4199/7005/975
f 4200/6994/976 4198/6992/976 4221/7006/976 4222/7007/976
f 4198/6992/977 4196/6991/977 4218/7008/977 4221/7006/977
f 4196/6988/978 4194/6986/978 4215/7009/978 4218/7010/978
f 4194/6986/979 4192/6985/979 4212/7011/979 4215/7009/979
f 4192/6982/980 4190/6980/980 4209/7012/980 4212/7013/980
f 4190/6980/981 4188/6979/981 4206/7014/981 4209/7012/981
f 4188/6976/982 4186/6975/982 4203/7015/982 4206/7016/982
f 4186/6975/983 4200/6997/983 4222/7017/983 4203/7015/983
f 4206/7016/984 4203/7015/984 4202/7018/984 4205/7019/984
f 4205/7019/985 4202/7018/985 4201/7020/985 4204/7021/985
f 4204/7021/986 4201/7020/986 4170/6943/986 4184/6965/986
f 4209/7012/987 4206/7014/987 4205/7022/987 4208/7023/987
f 4208/7024/988 4205/7025/988 4204/7026/988 4207/7027/988
f 4207/7027/989 4204/7026/989 4184/6962/989 4182/6960/989
f 4212/7013/990 4209/7012/990 4208/7023/990 4211/7028/990
f 4211/7029/991 4208/7024/991 4207/7027/991 4210/7030/991
f 4210/7030/992 4207/7027/992 4182/6960/992 4180/6959/992
f 4215/7009/993 4212/7011/993 4211/7031/993 4214/7032/993
f 4214/7032/994 4211/7031/994 4210/7033/994 4213/7034/994
f 4213/7034/995 4210/7033/995 4180/6956/995 4178/6954/995
f 4218/7010/996 4215/7009/996 4214/7032/996 4217/7035/996
f 4217/7035/997 4214/7032/997 4213/7034/997 4216/7036/997
f 4216/7036/998 4213/7034/998 4178/6954/998 4176/6953/998
f 4221/7006/999 4218/7008/999 4217/7037/999 4220/7038/999
f 4220/7039/1000 4217/7040/1000 4216/7041/1000 4219/7042/1000
f 4219/7042/1001 4216/7041/1001 4176/6950/1001 4174/6948/1001
f 4222/7007/1002 4221/7006/1002 4220/7038/1002 4223/7043/1002
f 4223/7044/1003 4220/7039/1003 4219/7042/1003 4224/7045/1003
f 4224/7045/1004 4219/7042/1004 4174/6948/1004 4172/6947/1004
f 4203/7015/1005 4222/7017/1005 4223/7046/1005 4202/7018/1005
f 4202/7018/1006 4223/7046/1006 4224/7047/1006 4201/7020/1006
f 4201/7020/1007 4224/7047/1007 4172/6944/1007 4170/6943/1007
f 4225/7048/966 4226/7049/966 4237/7050/966 4236/7051/966 4235/7052/966 4234/7053/966 4229/7054/966 4228/7055/966
f 4225/7056/1008 4227/7057/1008 4240/7058/1008 4226/7059/1008
f 4228/7060/1009 4230/7061/1009 4227/7057/1009 4225/7056/1009
f 4229/7062/1010 4231/7063/1010 4230/7064/1010 4228/7065/1010
f 4240/7066/1011 4227/7067/1011 4230/7068/1011 4231/7069/1011 4232/7070/1011 4233/7071/1011 4238/7072/1011 4239/7073/1011
f 4234/7074/1012 4232/7075/1012 4231/7063/1012 4229/7062/1012
f 4235/7076/1013 4233/7077/1013 4232/7078/1013 4234/7079/1013
f 4236/7080/1014 4238/7081/1014 4233/7077/1014 4235/7076/1014
f 4237/7082/1015 4239/7083/1015 4238/7084/1015 4236/6946/1015
f 4226/7085/1016 4240/7086/1016 4239/7083/1016 4237/7082/1016
o Cylinder.024
v 0.952750 1.779800 8.155497
v 0.972750 1.779800 8.155497
v 0.952750 1.794800 8.155497
v 0.952750 1.779800 8.175497
v 0.972750 1.779800 8.175497
v 0.952750 1.794800 8.175497
v 0.972750 1.794800 8.175497
v 0.972750 1.794800 8.155497
v 0.997750 1.809800 8.185497
v 0.997750 1.809800 8.145496
v 0.997750 1.794800 8.185497
v 1.037750 1.809800 8.193497
v 1.037750 1.809800 8.137497
v 1.037750 1.794800 8.193497
v 1.162750 1.809800 8.193497
v 1.162750 1.809800 8.137497
v 1.162750 1.794800 8.193497
v 1.200250 1.803796 8.182297
v 1.200250 1.803796 8.148697
v 1.200250 1.794796 8.182297
v 1.200250 1.794796 8.148697
v 1.162750 1.794800 8.137497
v 1.037750 1.794800 8.137497
v 0.997750 1.794800 8.145496
vn -0.0000 -1.0000 -0.0000
vn -0.0000 -0.0000 -1.0000
vn -1.0000 -0.0000 -0.0000
vn -0.0000 -0.0000 1.0000
vn -0.0000 1.0000 -0.0000
vn -0.5145 0.8575 -0.0000
vn -0.3714 -0.0000 0.9285
vn -0.1961 -0.0000 0.9806
vn 0.1581 0.9874 -0.0000
vn 0.2862 -0.0000 0.9582
vn 1.0000 -0.0000 -0.0000
vn -0.0001 -1.0000 -0.0000
vn 0.2862 -0.0000 -0.9582
vn -0.1961 -0.0000 -0.9806
vn -0.3714 -0.0000 -0.9285
vn 0.5145 -0.8575 -0.0000
vt 0.752712 0.378565
vt 0.785947 0.378565
vt 0.785947 0.411615
vt 0.752712 0.411615
vt 0.907582 0.687860
vt 0.882710 0.686221
vt 0.884892 0.653114
vt 0.909764 0.654753
vt 0.934690 0.363953
vt 0.909764 0.363953
vt 0.909764 0.330718
vt 0.934690 0.330718
vt 0.815858 0.654753
vt 0.840730 0.653114
vt 0.842912 0.686221
vt 0.818040 0.687860
vt 0.752712 0.789735
vt 0.785947 0.789735
vt 0.785947 0.822880
vt 0.752712 0.822880
vt 0.736095 0.746476
vt 0.802564 0.746476
vt 0.837939 0.610773
vt 0.862811 0.609134
vt 0.722801 0.680186
vt 0.815858 0.680186
vt 0.833524 0.543793
vt 0.858396 0.542153
vt 0.722801 0.473030
vt 0.815858 0.473030
vt 0.819886 0.336872
vt 0.844758 0.335233
vt 0.741412 0.411615
vt 0.797246 0.411615
vt 0.815858 0.275868
vt 0.830781 0.274884
vt 0.924720 0.330718
vt 0.909764 0.330718
vt 0.909764 0.274884
vt 0.924720 0.274884
vt 0.815858 0.061968
vt 0.722801 0.061968
vt 0.741412 0.000000
vt 0.797246 0.000000
vt 0.905736 0.336872
vt 0.880864 0.335233
vt 0.894841 0.274884
vt 0.909764 0.275868
vt 0.892098 0.543793
vt 0.867226 0.542153
vt 0.815858 0.268528
vt 0.722801 0.268528
vt 0.887683 0.610773
vt 0.862811 0.609133
vt 0.802564 0.334628
vt 0.736095 0.334628
s 0
usemtl driking_water_tap
f 4242/7087/1017 4245/7088/1017 4244/7089/1017 4241/7090/1017
f 4241/7091/1018 4243/7092/1018 4248/7093/1018 4242/7094/1018
f 4244/7095/1019 4246/7096/1019 4243/7097/1019 4241/7098/1019
f 4245/7099/1020 4247/7100/1020 4246/7101/1020 4244/7102/1020
f 4247/7103/1021 4248/7104/1021 4243/7105/1021 4246/7106/1021
f 4248/7104/1022 4247/7103/1022 4249/7107/1022 4250/7108/1022
f 4247/7100/1023 4245/7099/1023 4251/7109/1023 4249/7110/1023
f 4250/7108/1021 4249/7107/1021 4252/7111/1021 4253/7112/1021
f 4249/7110/1024 4251/7109/1024 4254/7113/1024 4252/7114/1024
f 4253/7112/1021 4252/7111/1021 4255/7115/1021 4256/7116/1021
f 4252/7114/1020 4254/7113/1020 4257/7117/1020 4255/7118/1020
f 4256/7116/1025 4255/7115/1025 4258/7119/1025 4259/7120/1025
f 4255/7118/1026 4257/7117/1026 4260/7121/1026 4258/7122/1026
f 4261/7123/1027 4259/7124/1027 4258/7125/1027 4260/7126/1027
f 4257/7127/1028 4262/7128/1028 4261/7129/1028 4260/7130/1028
f 4262/7131/1029 4256/7132/1029 4259/7133/1029 4261/7134/1029
f 4263/7135/1018 4253/7136/1018 4256/7132/1018 4262/7131/1018
f 4254/7137/1017 4263/7138/1017 4262/7128/1017 4257/7127/1017
f 4264/7139/1030 4250/7140/1030 4253/7136/1030 4263/7135/1030
f 4251/7141/1017 4264/7142/1017 4263/7138/1017 4254/7137/1017
f 4242/7094/1031 4248/7093/1031 4250/7140/1031 4264/7139/1031
f 4245/7088/1032 4242/7087/1032 4264/7142/1032 4251/7141/1032
o Cylinder.025
v 0.040000 1.561094 7.988904
v 0.040000 1.623594 7.988904
v 0.029016 1.561094 8.015421
v 0.029016 1.623594 8.015421
v 0.002500 1.561094 8.026404
v 0.002500 1.623594 8.026404
v -0.024017 1.561094 8.015421
v -0.024017 1.623594 8.015421
v -0.035000 1.561094 7.988904
v -0.035000 1.623594 7.988904
v -0.024017 1.561094 7.962388
v -0.024017 1.623594 7.962388
v 0.002500 1.561094 7.951405
v 0.002500 1.623594 7.951405
v 0.029016 1.561094 7.962388
v 0.029016 1.623594 7.962388
v 0.040000 1.711094 8.511404
v 0.040000 1.711094 8.076405
v 0.029016 1.737610 8.511404
v 0.029017 1.737610 8.076405
v 0.002500 1.748594 8.511404
v 0.002500 1.748594 8.076405
v -0.024017 1.737610 8.511404
v -0.024017 1.737610 8.076405
v -0.035000 1.711094 8.511404
v -0.035000 1.711094 8.076405
v -0.024017 1.684577 8.511404
v -0.024017 1.684577 8.076405
v 0.002500 1.673594 8.511404
v 0.002500 1.673594 8.076405
v 0.029016 1.684577 8.511404
v 0.029016 1.684577 8.076405
v 0.040000 1.672068 7.990975
v 0.040000 1.698280 8.001719
v 0.040000 1.709023 8.027929
v 0.029016 1.677747 7.965074
v 0.029016 1.717030 7.982968
v 0.029016 1.734924 8.022250
v 0.002500 1.680100 7.954346
v 0.002500 1.724796 7.975202
v 0.002500 1.745653 8.019898
v -0.024017 1.677747 7.965074
v -0.024017 1.717030 7.982968
v -0.024017 1.734924 8.022250
v -0.035000 1.672069 7.990975
v -0.035000 1.698280 8.001719
v -0.035000 1.709023 8.027929
v -0.024017 1.666390 8.016876
v -0.024017 1.679530 8.020469
v -0.024017 1.683122 8.033608
v 0.002500 1.664037 8.027605
v 0.002500 1.671763 8.028235
v 0.002500 1.672393 8.035961
v 0.029016 1.683122 8.033608
v 0.029016 1.679530 8.020469
v 0.029016 1.666390 8.016876
v 0.028750 1.736094 8.163904
v 0.021062 1.736094 8.182466
v 0.021250 1.811094 8.163904
v 0.021062 1.736094 8.145343
v 0.002500 1.736094 8.137654
v 0.015758 1.811094 8.150646
v 0.002500 1.811094 8.145154
v -0.010758 1.811094 8.150646
v -0.016250 1.811094 8.163904
v -0.016062 1.736094 8.145343
v -0.023750 1.736094 8.163904
v -0.016062 1.736094 8.182466
v 0.002500 1.736094 8.190154
v -0.010758 1.811094 8.177163
v 0.002500 1.811094 8.182654
v 0.015758 1.811094 8.177163
vn 0.9239 -0.0000 0.3827
vn 0.3827 -0.0000 0.9239
vn -0.3827 -0.0000 0.9239
vn -0.9239 -0.0000 0.3827
vn -0.9239 -0.0000 -0.3827
vn -0.3827 -0.0000 -0.9239
vn 0.3827 -0.0000 -0.9239
vn 0.9239 -0.0000 -0.3827
vn -0.0000 -1.0000 -0.0000
vn 0.9239 0.3827 -0.0000
vn 0.3827 0.9239 -0.0000
vn -0.3827 0.9239 -0.0000
vn -0.9239 0.3827 -0.0000
vn -0.9239 -0.3827 -0.0000
vn -0.3827 -0.9239 -0.0000
vn 0.3827 -0.9239 -0.0000
vn 0.9239 -0.3827 -0.0000
vn -0.0000 -0.0000 1.0000
vn 0.3798 -0.9246 0.0295
vn -0.3798 -0.9246 0.0295
vn -0.9228 -0.3851 0.0149
vn -0.9228 0.3848 -0.0178
vn -0.3802 0.9237 -0.0470
vn 0.3802 0.9237 -0.0470
vn 0.9228 0.3848 -0.0178
vn 0.9228 -0.3851 0.0149
vn 0.9176 0.3643 -0.1593
vn 0.9176 0.1593 -0.3643
vn 0.9228 0.0178 -0.3848
vn 0.3687 0.8440 -0.3895
vn 0.3687 0.3895 -0.8440
vn 0.3802 0.0470 -0.9237
vn -0.3687 0.8440 -0.3895
vn -0.3687 0.3895 -0.8440
vn -0.3802 0.0470 -0.9237
vn -0.9176 0.3643 -0.1593
vn -0.9176 0.1593 -0.3643
vn -0.9228 0.0178 -0.3848
vn -0.9165 -0.3759 0.1370
vn -0.9165 -0.1370 0.3759
vn -0.9228 -0.0149 0.3851
vn -0.3549 -0.9163 0.1854
vn -0.3549 -0.1854 0.9163
vn -0.3798 -0.0295 0.9246
vn 0.3549 -0.9163 0.1854
vn 0.3549 -0.1854 0.9163
vn 0.3798 -0.0295 0.9246
vn 0.9165 -0.3759 0.1370
vn 0.9165 -0.1370 0.3759
vn 0.9228 -0.0149 0.3851
vn 0.9200 0.0920 0.3811
vn 0.9200 0.0920 -0.3811
vn 0.3811 0.0920 -0.9200
vn -0.0000 1.0000 -0.0000
vn -0.3811 0.0920 -0.9200
vn -0.9200 0.0920 -0.3811
vn -0.9200 0.0920 0.3811
vn -0.3811 0.0920 0.9200
vn 0.3811 0.0920 0.9200
vt 0.007439 0.043042
vt 0.106798 0.068433
vt 0.099359 0.110829
vt -0.000000 0.085438
vt 0.903984 0.687860
vt 0.903984 0.791674
vt 0.859921 0.792209
vt 0.859921 0.688396
vt 0.815858 0.791674
vt 0.815858 0.687860
vt 0.546548 0.085379
vt 0.447457 0.110960
vt 0.433662 0.067783
vt 0.532753 0.042202
vt 0.426523 0.025581
vt 0.525615 0.000000
vt 0.905286 0.002386
vt 0.900083 0.105179
vt 0.852449 0.102793
vt 0.857652 0.000000
vt 0.818672 0.105618
vt 0.823875 0.002824
vt 0.020990 0.000000
vt 0.120349 0.025391
vt 0.897163 0.884830
vt 0.930841 0.918508
vt 0.930841 0.966190
vt 0.897163 0.999945
vt 0.849536 1.000000
vt 0.815858 0.966322
vt 0.815858 0.918640
vt 0.849535 0.884885
vt 0.039099 0.945745
vt 0.211269 0.244945
vt 0.256479 0.255393
vt 0.084309 0.956193
vt 0.546548 0.885691
vt 0.546548 0.169505
vt 0.590611 0.171978
vt 0.590612 0.888164
vt 0.634675 0.169505
vt 0.634675 0.885691
vt 0.462466 0.956120
vt 0.290759 0.255805
vt 0.329472 0.244464
vt 0.501179 0.944779
vt 0.374841 0.234099
vt 0.546548 0.934414
vt 0.634675 0.814953
vt 0.634675 0.093277
vt 0.678738 0.092237
vt 0.678738 0.813913
vt 0.722801 0.093277
vt 0.722801 0.814953
vt 0.000000 0.934649
vt 0.172170 0.233849
vt 0.782146 0.938030
vt 0.734470 0.938016
vt 0.700758 0.904283
vt 0.700758 0.856592
vt 0.734470 0.822880
vt 0.782146 0.822895
vt 0.815858 0.856628
vt 0.815858 0.904318
vt 0.678738 0.025026
vt 0.722801 0.022140
vt 0.634675 0.022140
vt 0.313621 0.165576
vt 0.360257 0.164605
vt 0.273642 0.167522
vt 0.590612 0.078284
vt 0.634675 0.079741
vt 0.546548 0.079741
vt 0.227163 0.166009
vt 0.273642 0.167059
vt 0.186794 0.164312
vt 0.220458 0.119418
vt 0.260742 0.096504
vt 0.183041 0.091462
vt 0.205376 0.051718
vt 0.546548 0.011038
vt 0.590612 -0.000000
vt 0.859035 0.274884
vt 0.823875 0.264172
vt 0.815858 0.195321
vt 0.849600 0.196426
vt 0.634675 0.011038
vt 0.905286 0.263734
vt 0.897269 0.194882
vt 0.286508 0.096957
vt 0.320308 0.118982
vt 0.341725 0.052071
vt 0.357624 0.090958
vt 0.360765 0.141981
vt 0.380180 0.130820
vt 0.634675 0.000000
vt 0.678738 0.012149
vt 0.859921 0.872309
vt 0.815858 0.884830
vt 0.815858 0.862829
vt 0.859921 0.859445
vt 0.722801 0.000000
vt 0.903984 0.884830
vt 0.903984 0.862829
vt 0.186285 0.141684
vt 0.166817 0.130559
vt 0.611100 0.968782
vt 0.577761 0.968744
vt 0.554187 0.945116
vt 0.554187 0.911738
vt 0.577761 0.888163
vt 0.611100 0.888202
vt 0.634675 0.911830
vt 0.634675 0.945208
vt 0.664737 0.814953
vt 0.664307 0.939984
vt 0.642834 0.941429
vt 0.634675 0.816976
vt 0.696260 0.816976
vt 0.686823 0.941429
vt 0.928940 0.122853
vt 0.926754 0.247974
vt 0.909858 0.249295
vt 0.905286 0.124702
vt 0.903984 0.829175
vt 0.920713 0.812445
vt 0.944372 0.812600
vt 0.961101 0.829550
vt 0.961101 0.853364
vt 0.944372 0.870094
vt 0.920713 0.869939
vt 0.903984 0.852990
vt 0.962274 0.124702
vt 0.950564 0.249295
vt 0.936940 0.120671
vt 0.934577 0.000000
vt 0.955921 0.001558
vt 0.966821 0.122853
vt 0.905286 0.122853
vt 0.911967 0.001558
vt 0.934828 0.688235
vt 0.934828 0.812445
vt 0.912797 0.812178
vt 0.965673 0.687860
vt 0.956860 0.812178
s 0
usemtl driking_water_tap.001
f 4265/7143/1033 4266/7144/1033 4268/7145/1033 4267/7146/1033
f 4267/7147/1034 4268/7148/1034 4270/7149/1034 4269/7150/1034
f 4269/7150/1035 4270/7149/1035 4272/7151/1035 4271/7152/1035
f 4271/7153/1036 4272/7154/1036 4274/7155/1036 4273/7156/1036
f 4273/7156/1037 4274/7155/1037 4276/7157/1037 4275/7158/1037
f 4275/7159/1038 4276/7160/1038 4278/7161/1038 4277/7162/1038
f 4277/7162/1039 4278/7161/1039 4280/7163/1039 4279/7164/1039
f 4279/7165/1040 4280/7166/1040 4266/7144/1040 4265/7143/1040
f 4265/7167/1041 4267/7168/1041 4269/7169/1041 4271/7170/1041 4273/7171/1041 4275/7172/1041 4277/7173/1041 4279/7174/1041
f 4281/7175/1042 4282/7176/1042 4284/7177/1042 4283/7178/1042
f 4283/7179/1043 4284/7180/1043 4286/7181/1043 4285/7182/1043
f 4285/7182/1044 4286/7181/1044 4288/7183/1044 4287/7184/1044
f 4287/7185/1045 4288/7186/1045 4290/7187/1045 4289/7188/1045
f 4289/7188/1046 4290/7187/1046 4292/7189/1046 4291/7190/1046
f 4291/7191/1047 4292/7192/1047 4294/7193/1047 4293/7194/1047
f 4293/7194/1048 4294/7193/1048 4296/7195/1048 4295/7196/1048
f 4295/7197/1049 4296/7198/1049 4282/7176/1049 4281/7175/1049
f 4281/7199/1050 4283/7200/1050 4285/7201/1050 4287/7202/1050 4289/7203/1050 4291/7204/1050 4293/7205/1050 4295/7206/1050
f 4296/7195/1051 4294/7193/1051 4317/7207/1051 4318/7208/1051
f 4294/7193/1052 4292/7192/1052 4314/7209/1052 4317/7207/1052
f 4292/7189/1053 4290/7187/1053 4311/7210/1053 4314/7211/1053
f 4290/7187/1054 4288/7186/1054 4308/7212/1054 4311/7210/1054
f 4288/7183/1055 4286/7181/1055 4305/7213/1055 4308/7214/1055
f 4286/7181/1056 4284/7180/1056 4302/7215/1056 4305/7213/1056
f 4284/7177/1057 4282/7176/1057 4299/7216/1057 4302/7217/1057
f 4282/7176/1058 4296/7198/1058 4318/7218/1058 4299/7216/1058
f 4302/7217/1059 4299/7216/1059 4298/7219/1059 4301/7220/1059
f 4301/7220/1060 4298/7219/1060 4297/7221/1060 4300/7222/1060
f 4300/7222/1061 4297/7221/1061 4266/7144/1061 4280/7166/1061
f 4305/7213/1062 4302/7215/1062 4301/7223/1062 4304/7224/1062
f 4304/7225/1063 4301/7226/1063 4300/7227/1063 4303/7228/1063
f 4303/7228/1064 4300/7227/1064 4280/7163/1064 4278/7161/1064
f 4308/7214/1065 4305/7213/1065 4304/7224/1065 4307/7229/1065
f 4307/7230/1066 4304/7225/1066 4303/7228/1066 4306/7231/1066
f 4306/7231/1067 4303/7228/1067 4278/7161/1067 4276/7160/1067
f 4311/7210/1068 4308/7212/1068 4307/7232/1068 4310/7233/1068
f 4310/7233/1069 4307/7232/1069 4306/7234/1069 4309/7235/1069
f 4309/7235/1070 4306/7234/1070 4276/7157/1070 4274/7155/1070
f 4314/7211/1071 4311/7210/1071 4310/7233/1071 4313/7236/1071
f 4313/7236/1072 4310/7233/1072 4309/7235/1072 4312/7237/1072
f 4312/7237/1073 4309/7235/1073 4274/7155/1073 4272/7154/1073
f 4317/7207/1074 4314/7209/1074 4313/7238/1074 4316/7239/1074
f 4316/7240/1075 4313/7241/1075 4312/7242/1075 4315/7243/1075
f 4315/7243/1076 4312/7242/1076 4272/7151/1076 4270/7149/1076
f 4318/7208/1077 4317/7207/1077 4316/7239/1077 4319/7244/1077
f 4319/7245/1078 4316/7240/1078 4315/7243/1078 4320/7246/1078
f 4320/7246/1079 4315/7243/1079 4270/7149/1079 4268/7148/1079
f 4299/7216/1080 4318/7218/1080 4319/7247/1080 4298/7219/1080
f 4298/7219/1081 4319/7247/1081 4320/7248/1081 4297/7221/1081
f 4297/7221/1082 4320/7248/1082 4268/7145/1082 4266/7144/1082
f 4321/7249/1041 4322/7250/1041 4333/7251/1041 4332/7252/1041 4331/7253/1041 4330/7254/1041 4325/7255/1041 4324/7256/1041
f 4321/7257/1083 4323/7258/1083 4336/7259/1083 4322/7260/1083
f 4324/7261/1084 4326/7262/1084 4323/7258/1084 4321/7257/1084
f 4325/7263/1085 4327/7264/1085 4326/7265/1085 4324/7266/1085
f 4336/7267/1086 4323/7268/1086 4326/7269/1086 4327/7270/1086 4328/7271/1086 4329/7272/1086 4334/7273/1086 4335/7274/1086
f 4330/7275/1087 4328/7276/1087 4327/7264/1087 4325/7263/1087
f 4331/7277/1088 4329/7278/1088 4328/7279/1088 4330/7280/1088
f 4332/7281/1089 4334/7282/1089 4329/7278/1089 4331/7277/1089
f 4333/7283/1090 4335/7284/1090 4334/7285/1090 4332/7147/1090
f 4322/7286/1091 4336/7287/1091 4335/7284/1091 4333/7283/1091
o Cylinder.026
v -0.920000 1.561094 7.988904
v -0.920000 1.623594 7.988904
v -0.930984 1.561094 8.015421
v -0.930984 1.623594 8.015421
v -0.957500 1.561094 8.026404
v -0.957500 1.623594 8.026404
v -0.984017 1.561094 8.015421
v -0.984017 1.623594 8.015421
v -0.995000 1.561094 7.988904
v -0.995000 1.623594 7.988904
v -0.984017 1.561094 7.962388
v -0.984017 1.623594 7.962388
v -0.957500 1.561094 7.951405
v -0.957500 1.623594 7.951405
v -0.930984 1.561094 7.962388
v -0.930984 1.623594 7.962388
v -0.920000 1.711094 8.511404
v -0.920000 1.711094 8.076405
v -0.930983 1.737610 8.511404
v -0.930983 1.737610 8.076405
v -0.957500 1.748594 8.511404
v -0.957500 1.748594 8.076405
v -0.984016 1.737610 8.511404
v -0.984016 1.737610 8.076405
v -0.995000 1.711094 8.511404
v -0.995000 1.711094 8.076405
v -0.984016 1.684577 8.511404
v -0.984016 1.684577 8.076405
v -0.957500 1.673594 8.511404
v -0.957500 1.673594 8.076405
v -0.930983 1.684577 8.511404
v -0.930983 1.684577 8.076405
v -0.920000 1.672068 7.990975
v -0.920000 1.698280 8.001719
v -0.920000 1.709023 8.027929
v -0.930983 1.677747 7.965074
v -0.930983 1.717030 7.982968
v -0.930983 1.734924 8.022250
v -0.957500 1.680100 7.954346
v -0.957500 1.724796 7.975202
v -0.957500 1.745653 8.019898
v -0.984017 1.677747 7.965074
v -0.984016 1.717030 7.982968
v -0.984016 1.734924 8.022250
v -0.995000 1.672069 7.990975
v -0.995000 1.698280 8.001719
v -0.995000 1.709023 8.027929
v -0.984017 1.666390 8.016876
v -0.984016 1.679530 8.020469
v -0.984016 1.683122 8.033608
v -0.957500 1.664037 8.027605
v -0.957500 1.671763 8.028235
v -0.957500 1.672393 8.035961
v -0.930983 1.683122 8.033608
v -0.930983 1.679530 8.020469
v -0.930983 1.666390 8.016876
v -0.931250 1.736094 8.163904
v -0.938938 1.736094 8.182466
v -0.938750 1.811094 8.163904
v -0.938938 1.736094 8.145343
v -0.957500 1.736094 8.137654
v -0.944242 1.811094 8.150646
v -0.957500 1.811094 8.145154
v -0.970758 1.811094 8.150646
v -0.976250 1.811094 8.163904
v -0.976062 1.736094 8.145343
v -0.983750 1.736094 8.163904
v -0.976062 1.736094 8.182466
v -0.957500 1.736094 8.190154
v -0.970758 1.811094 8.177163
v -0.957500 1.811094 8.182654
v -0.944242 1.811094 8.177163
vn 0.9239 -0.0000 0.3827
vn 0.3827 -0.0000 0.9239
vn -0.3827 -0.0000 0.9239
vn -0.9239 -0.0000 0.3827
vn -0.9239 -0.0000 -0.3827
vn -0.3827 -0.0000 -0.9239
vn 0.3827 -0.0000 -0.9239
vn 0.9239 -0.0000 -0.3827
vn -0.0000 -1.0000 -0.0000
vn 0.9239 0.3827 -0.0000
vn 0.3827 0.9239 -0.0000
vn -0.3827 0.9239 -0.0000
vn -0.9239 0.3827 -0.0000
vn -0.9239 -0.3827 -0.0000
vn -0.3827 -0.9239 -0.0000
vn 0.3827 -0.9239 -0.0000
vn 0.9239 -0.3827 -0.0000
vn -0.0000 -0.0000 1.0000
vn 0.3798 -0.9246 0.0295
vn -0.3798 -0.9246 0.0295
vn -0.9228 -0.3851 0.0149
vn -0.9228 0.3848 -0.0178
vn -0.3802 0.9237 -0.0470
vn 0.3802 0.9237 -0.0470
vn 0.9228 0.3848 -0.0178
vn 0.9228 -0.3851 0.0149
vn 0.9176 0.3643 -0.1593
vn 0.9176 0.1593 -0.3643
vn 0.9228 0.0178 -0.3848
vn 0.3687 0.8440 -0.3895
vn 0.3687 0.3895 -0.8440
vn 0.3802 0.0470 -0.9237
vn -0.3687 0.8440 -0.3895
vn -0.3687 0.3895 -0.8440
vn -0.3802 0.0470 -0.9237
vn -0.9176 0.3643 -0.1593
vn -0.9176 0.1593 -0.3643
vn -0.9228 0.0178 -0.3848
vn -0.9165 -0.3759 0.1370
vn -0.9165 -0.1370 0.3759
vn -0.9228 -0.0149 0.3851
vn -0.3549 -0.9163 0.1854
vn -0.3549 -0.1854 0.9163
vn -0.3798 -0.0295 0.9246
vn 0.3549 -0.9163 0.1854
vn 0.3549 -0.1854 0.9163
vn 0.3798 -0.0295 0.9246
vn 0.9165 -0.3759 0.1370
vn 0.9165 -0.1370 0.3759
vn 0.9228 -0.0149 0.3851
vn 0.9200 0.0920 0.3811
vn 0.9200 0.0920 -0.3811
vn 0.3811 0.0920 -0.9200
vn -0.0000 1.0000 -0.0000
vn -0.3811 0.0920 -0.9200
vn -0.9200 0.0920 -0.3811
vn -0.9200 0.0920 0.3811
vn -0.3811 0.0920 0.9200
vn 0.3811 0.0920 0.9200
vt 0.007439 0.043042
vt 0.106798 0.068433
vt 0.099359 0.110829
vt -0.000000 0.085438
vt 0.903984 0.687860
vt 0.903984 0.791674
vt 0.859921 0.792209
vt 0.859921 0.688396
vt 0.815858 0.791674
vt 0.815858 0.687860
vt 0.546548 0.085379
vt 0.447457 0.110960
vt 0.433662 0.067783
vt 0.532753 0.042202
vt 0.426523 0.025581
vt 0.525615 0.000000
vt 0.905286 0.002386
vt 0.900083 0.105179
vt 0.852449 0.102793
vt 0.857652 0.000000
vt 0.818672 0.105618
vt 0.823875 0.002824
vt 0.020990 0.000000
vt 0.120349 0.025391
vt 0.897163 0.884830
vt 0.930841 0.918508
vt 0.930841 0.966190
vt 0.897163 0.999945
vt 0.849536 1.000000
vt 0.815858 0.966322
vt 0.815858 0.918640
vt 0.849535 0.884885
vt 0.039099 0.945745
vt 0.211269 0.244945
vt 0.256479 0.255393
vt 0.084309 0.956193
vt 0.546548 0.885691
vt 0.546548 0.169505
vt 0.590611 0.171978
vt 0.590612 0.888164
vt 0.634675 0.169505
vt 0.634675 0.885691
vt 0.462466 0.956120
vt 0.290759 0.255805
vt 0.329472 0.244464
vt 0.501179 0.944779
vt 0.374841 0.234099
vt 0.546548 0.934414
vt 0.634675 0.814953
vt 0.634675 0.093277
vt 0.678738 0.092237
vt 0.678738 0.813913
vt 0.722801 0.093277
vt 0.722801 0.814953
vt 0.000000 0.934649
vt 0.172170 0.233849
vt 0.782146 0.938030
vt 0.734470 0.938016
vt 0.700758 0.904283
vt 0.700758 0.856592
vt 0.734470 0.822880
vt 0.782146 0.822895
vt 0.815858 0.856628
vt 0.815858 0.904318
vt 0.678738 0.025026
vt 0.722801 0.022140
vt 0.634675 0.022140
vt 0.313621 0.165576
vt 0.360257 0.164605
vt 0.273642 0.167522
vt 0.590612 0.078284
vt 0.634675 0.079741
vt 0.546548 0.079741
vt 0.227163 0.166009
vt 0.273642 0.167059
vt 0.186794 0.164312
vt 0.220458 0.119418
vt 0.260742 0.096504
vt 0.183041 0.091462
vt 0.205376 0.051718
vt 0.546548 0.011038
vt 0.590612 -0.000000
vt 0.859035 0.274884
vt 0.823875 0.264172
vt 0.815858 0.195321
vt 0.849600 0.196426
vt 0.634675 0.011038
vt 0.905286 0.263734
vt 0.897269 0.194882
vt 0.286508 0.096957
vt 0.320308 0.118982
vt 0.341725 0.052071
vt 0.357624 0.090958
vt 0.360765 0.141981
vt 0.380180 0.130820
vt 0.634675 0.000000
vt 0.678738 0.012149
vt 0.859921 0.872309
vt 0.815858 0.884830
vt 0.815858 0.862829
vt 0.859921 0.859445
vt 0.722801 0.000000
vt 0.903984 0.884830
vt 0.903984 0.862829
vt 0.186285 0.141684
vt 0.166817 0.130559
vt 0.611100 0.968782
vt 0.577761 0.968744
vt 0.554187 0.945116
vt 0.554187 0.911738
vt 0.577761 0.888163
vt 0.611100 0.888202
vt 0.634675 0.911830
vt 0.634675 0.945208
vt 0.664737 0.814953
vt 0.664307 0.939984
vt 0.642834 0.941429
vt 0.634675 0.816976
vt 0.696260 0.816976
vt 0.686823 0.941429
vt 0.928940 0.122853
vt 0.926754 0.247974
vt 0.909858 0.249295
vt 0.905286 0.124702
vt 0.903984 0.829175
vt 0.920713 0.812445
vt 0.944372 0.812600
vt 0.961101 0.829550
vt 0.961101 0.853364
vt 0.944372 0.870094
vt 0.920713 0.869939
vt 0.903984 0.852990
vt 0.962274 0.124702
vt 0.950564 0.249295
vt 0.936940 0.120671
vt 0.934577 0.000000
vt 0.955921 0.001558
vt 0.966821 0.122853
vt 0.905286 0.122853
vt 0.911967 0.001558
vt 0.934828 0.688235
vt 0.934828 0.812445
vt 0.912797 0.812178
vt 0.965673 0.687860
vt 0.956860 0.812178
s 0
usemtl driking_water_tap.002
f 4337/7288/1092 4338/7289/1092 4340/7290/1092 4339/7291/1092
f 4339/7292/1093 4340/7293/1093 4342/7294/1093 4341/7295/1093
f 4341/7295/1094 4342/7294/1094 4344/7296/1094 4343/7297/1094
f 4343/7298/1095 4344/7299/1095 4346/7300/1095 4345/7301/1095
f 4345/7301/1096 4346/7300/1096 4348/7302/1096 4347/7303/1096
f 4347/7304/1097 4348/7305/1097 4350/7306/1097 4349/7307/1097
f 4349/7307/1098 4350/7306/1098 4352/7308/1098 4351/7309/1098
f 4351/7310/1099 4352/7311/1099 4338/7289/1099 4337/7288/1099
f 4337/7312/1100 4339/7313/1100 4341/7314/1100 4343/7315/1100 4345/7316/1100 4347/7317/1100 4349/7318/1100 4351/7319/1100
f 4353/7320/1101 4354/7321/1101 4356/7322/1101 4355/7323/1101
f 4355/7324/1102 4356/7325/1102 4358/7326/1102 4357/7327/1102
f 4357/7327/1103 4358/7326/1103 4360/7328/1103 4359/7329/1103
f 4359/7330/1104 4360/7331/1104 4362/7332/1104 4361/7333/1104
f 4361/7333/1105 4362/7332/1105 4364/7334/1105 4363/7335/1105
f 4363/7336/1106 4364/7337/1106 4366/7338/1106 4365/7339/1106
f 4365/7339/1107 4366/7338/1107 4368/7340/1107 4367/7341/1107
f 4367/7342/1108 4368/7343/1108 4354/7321/1108 4353/7320/1108
f 4353/7344/1109 4355/7345/1109 4357/7346/1109 4359/7347/1109 4361/7348/1109 4363/7349/1109 4365/7350/1109 4367/7351/1109
f 4368/7340/1110 4366/7338/1110 4389/7352/1110 4390/7353/1110
f 4366/7338/1111 4364/7337/1111 4386/7354/1111 4389/7352/1111
f 4364/7334/1112 4362/7332/1112 4383/7355/1112 4386/7356/1112
f 4362/7332/1113 4360/7331/1113 4380/7357/1113 4383/7355/1113
f 4360/7328/1114 4358/7326/1114 4377/7358/1114 4380/7359/1114
f 4358/7326/1115 4356/7325/1115 4374/7360/1115 4377/7358/1115
f 4356/7322/1116 4354/7321/1116 4371/7361/1116 4374/7362/1116
f 4354/7321/1117 4368/7343/1117 4390/7363/1117 4371/7361/1117
f 4374/7362/1118 4371/7361/1118 4370/7364/1118 4373/7365/1118
f 4373/7365/1119 4370/7364/1119 4369/7366/1119 4372/7367/1119
f 4372/7367/1120 4369/7366/1120 4338/7289/1120 4352/7311/1120
f 4377/7358/1121 4374/7360/1121 4373/7368/1121 4376/7369/1121
f 4376/7370/1122 4373/7371/1122 4372/7372/1122 4375/7373/1122
f 4375/7373/1123 4372/7372/1123 4352/7308/1123 4350/7306/1123
f 4380/7359/1124 4377/7358/1124 4376/7369/1124 4379/7374/1124
f 4379/7375/1125 4376/7370/1125 4375/7373/1125 4378/7376/1125
f 4378/7376/1126 4375/7373/1126 4350/7306/1126 4348/7305/1126
f 4383/7355/1127 4380/7357/1127 4379/7377/1127 4382/7378/1127
f 4382/7378/1128 4379/7377/1128 4378/7379/1128 4381/7380/1128
f 4381/7380/1129 4378/7379/1129 4348/7302/1129 4346/7300/1129
f 4386/7356/1130 4383/7355/1130 4382/7378/1130 4385/7381/1130
f 4385/7381/1131 4382/7378/1131 4381/7380/1131 4384/7382/1131
f 4384/7382/1132 4381/7380/1132 4346/7300/1132 4344/7299/1132
f 4389/7352/1133 4386/7354/1133 4385/7383/1133 4388/7384/1133
f 4388/7385/1134 4385/7386/1134 4384/7387/1134 4387/7388/1134
f 4387/7388/1135 4384/7387/1135 4344/7296/1135 4342/7294/1135
f 4390/7353/1136 4389/7352/1136 4388/7384/1136 4391/7389/1136
f 4391/7390/1137 4388/7385/1137 4387/7388/1137 4392/7391/1137
f 4392/7391/1138 4387/7388/1138 4342/7294/1138 4340/7293/1138
f 4371/7361/1139 4390/7363/1139 4391/7392/1139 4370/7364/1139
f 4370/7364/1140 4391/7392/1140 4392/7393/1140 4369/7366/1140
f 4369/7366/1141 4392/7393/1141 4340/7290/1141 4338/7289/1141
f 4393/7394/1100 4394/7395/1100 4405/7396/1100 4404/7397/1100 4403/7398/1100 4402/7399/1100 4397/7400/1100 4396/7401/1100
f 4393/7402/1142 4395/7403/1142 4408/7404/1142 4394/7405/1142
f 4396/7406/1143 4398/7407/1143 4395/7403/1143 4393/7402/1143
f 4397/7408/1144 4399/7409/1144 4398/7410/1144 4396/7411/1144
f 4408/7412/1145 4395/7413/1145 4398/7414/1145 4399/7415/1145 4400/7416/1145 4401/7417/1145 4406/7418/1145 4407/7419/1145
f 4402/7420/1146 4400/7421/1146 4399/7409/1146 4397/7408/1146
f 4403/7422/1147 4401/7423/1147 4400/7424/1147 4402/7425/1147
f 4404/7426/1148 4406/7427/1148 4401/7423/1148 4403/7422/1148
f 4405/7428/1149 4407/7429/1149 4406/7430/1149 4404/7292/1149
f 4394/7431/1150 4408/7432/1150 4407/7429/1150 4405/7428/1150
o Cylinder.027
v -0.967250 1.779800 8.155497
v -0.947250 1.779800 8.155497
v -0.967250 1.794800 8.155497
v -0.967250 1.779800 8.175497
v -0.947250 1.779800 8.175497
v -0.967250 1.794800 8.175497
v -0.947250 1.794800 8.175497
v -0.947250 1.794800 8.155497
v -0.922250 1.809800 8.185497
v -0.922250 1.809800 8.145496
v -0.922250 1.794800 8.185497
v -0.882250 1.809800 8.193497
v -0.882250 1.809800 8.137497
v -0.882250 1.794800 8.193497
v -0.757250 1.809800 8.193497
v -0.757250 1.809800 8.137497
v -0.757250 1.794800 8.193497
v -0.719750 1.803796 8.182297
v -0.719750 1.803796 8.148697
v -0.719750 1.794796 8.182297
v -0.719750 1.794796 8.148697
v -0.757250 1.794800 8.137497
v -0.882250 1.794800 8.137497
v -0.922250 1.794800 8.145496
vn -0.0000 -1.0000 -0.0000
vn -0.0000 -0.0000 -1.0000
vn -1.0000 -0.0000 -0.0000
vn -0.0000 -0.0000 1.0000
vn -0.0000 1.0000 -0.0000
vn -0.5145 0.8575 -0.0000
vn -0.3714 -0.0000 0.9285
vn -0.1961 -0.0000 0.9806
vn 0.1581 0.9874 -0.0000
vn 0.2862 -0.0000 0.9582
vn 1.0000 -0.0000 -0.0000
vn -0.0001 -1.0000 -0.0000
vn 0.2862 -0.0000 -0.9582
vn -0.1961 -0.0000 -0.9806
vn -0.3714 -0.0000 -0.9285
vn 0.5145 -0.8575 -0.0000
vt 0.752712 0.378565
vt 0.785947 0.378565
vt 0.785947 0.411615
vt 0.752712 0.411615
vt 0.907582 0.687860
vt 0.882710 0.686221
vt 0.884892 0.653114
vt 0.909764 0.654753
vt 0.934690 0.363953
vt 0.909764 0.363953
vt 0.909764 0.330718
vt 0.934690 0.330718
vt 0.815858 0.654753
vt 0.840730 0.653114
vt 0.842912 0.686221
vt 0.818040 0.687860
vt 0.752712 0.789735
vt 0.785947 0.789735
vt 0.785947 0.822880
vt 0.752712 0.822880
vt 0.736095 0.746476
vt 0.802564 0.746476
vt 0.837939 0.610773
vt 0.862811 0.609134
vt 0.722801 0.680186
vt 0.815858 0.680186
vt 0.833524 0.543793
vt 0.858396 0.542153
vt 0.722801 0.473030
vt 0.815858 0.473030
vt 0.819886 0.336872
vt 0.844758 0.335233
vt 0.741412 0.411615
vt 0.797246 0.411615
vt 0.815858 0.275868
vt 0.830781 0.274884
vt 0.924720 0.330718
vt 0.909764 0.330718
vt 0.909764 0.274884
vt 0.924720 0.274884
vt 0.815858 0.061968
vt 0.722801 0.061968
vt 0.741412 0.000000
vt 0.797246 0.000000
vt 0.905736 0.336872
vt 0.880864 0.335233
vt 0.894841 0.274884
vt 0.909764 0.275868
vt 0.892098 0.543793
vt 0.867226 0.542153
vt 0.815858 0.268528
vt 0.722801 0.268528
vt 0.887683 0.610773
vt 0.862811 0.609133
vt 0.802564 0.334628
vt 0.736095 0.334628
s 0
usemtl driking_water_tap.002
f 4410/7433/1151 4413/7434/1151 4412/7435/1151 4409/7436/1151
f 4409/7437/1152 4411/7438/1152 4416/7439/1152 4410/7440/1152
f 4412/7441/1153 4414/7442/1153 4411/7443/1153 4409/7444/1153
f 4413/7445/1154 4415/7446/1154 4414/7447/1154 4412/7448/1154
f 4415/7449/1155 4416/7450/1155 4411/7451/1155 4414/7452/1155
f 4416/7450/1156 4415/7449/1156 4417/7453/1156 4418/7454/1156
f 4415/7446/1157 4413/7445/1157 4419/7455/1157 4417/7456/1157
f 4418/7454/1155 4417/7453/1155 4420/7457/1155 4421/7458/1155
f 4417/7456/1158 4419/7455/1158 4422/7459/1158 4420/7460/1158
f 4421/7458/1155 4420/7457/1155 4423/7461/1155 4424/7462/1155
f 4420/7460/1154 4422/7459/1154 4425/7463/1154 4423/7464/1154
f 4424/7462/1159 4423/7461/1159 4426/7465/1159 4427/7466/1159
f 4423/7464/1160 4425/7463/1160 4428/7467/1160 4426/7468/1160
f 4429/7469/1161 4427/7470/1161 4426/7471/1161 4428/7472/1161
f 4425/7473/1162 4430/7474/1162 4429/7475/1162 4428/7476/1162
f 4430/7477/1163 4424/7478/1163 4427/7479/1163 4429/7480/1163
f 4431/7481/1152 4421/7482/1152 4424/7478/1152 4430/7477/1152
f 4422/7483/1151 4431/7484/1151 4430/7474/1151 4425/7473/1151
f 4432/7485/1164 4418/7486/1164 4421/7482/1164 4431/7481/1164
f 4419/7487/1151 4432/7488/1151 4431/7484/1151 4422/7483/1151
f 4410/7440/1165 4416/7439/1165 4418/7486/1165 4432/7485/1165
f 4413/7434/1166 4410/7433/1166 4432/7488/1166 4419/7487/1166
o Plane.004
v 8.469670 3.176504 -1.354108
v 8.469670 2.823016 -1.360895
v 8.423695 3.113237 -1.355322
v 8.399525 3.038862 -1.356751
v 8.399525 2.960659 -1.358252
v 8.423695 2.886283 -1.359680
v 9.176777 3.529992 -1.347320
v 8.823223 3.529992 -1.347320
v 9.113498 3.575959 -1.346438
v 9.039108 3.600125 -1.345974
v 8.960892 3.600125 -1.345974
v 8.886502 3.575959 -1.346438
v 8.823223 2.469528 -1.367682
v 9.176777 2.469528 -1.367682
v 8.886502 2.423561 -1.368565
v 8.960892 2.399395 -1.369029
v 9.039108 2.399395 -1.369029
v 9.113498 2.423561 -1.368565
v 9.530330 2.823016 -1.360895
v 9.530330 3.176504 -1.354108
v 9.576305 2.886283 -1.359680
v 9.600475 2.960659 -1.358252
v 9.600475 3.038861 -1.356751
v 9.576305 3.113237 -1.355322
v 8.469670 2.823496 -1.385890
v 8.469670 3.176984 -1.379103
v 8.423695 2.886763 -1.384676
v 8.399525 2.961138 -1.383247
v 8.399525 3.039341 -1.381746
v 8.423695 3.113717 -1.380318
v 8.823223 3.530472 -1.372316
v 9.176777 3.530472 -1.372316
v 8.886502 3.576439 -1.371433
v 8.960892 3.600605 -1.370969
v 9.039108 3.600605 -1.370969
v 9.113498 3.576439 -1.371433
v 9.176777 2.470008 -1.392678
v 8.823223 2.470008 -1.392678
v 9.113498 2.424041 -1.393560
v 9.039108 2.399875 -1.394024
v 8.960892 2.399875 -1.394024
v 8.886502 2.424041 -1.393560
v 9.530330 3.176984 -1.379103
v 9.530330 2.823496 -1.385890
v 9.576305 3.113717 -1.380318
v 9.600475 3.039341 -1.381746
v 9.600475 2.961138 -1.383247
v 9.576305 2.886763 -1.384676
vn -0.7071 0.7070 0.0136
vn 0.7071 -0.7070 -0.0136
vn -0.0000 -0.0192 0.9998
vn -0.0000 0.0192 -0.9998
vn 0.7071 0.7070 0.0136
vn 0.8090 -0.5877 -0.0113
vn 0.9511 -0.3090 -0.0059
vn 1.0000 -0.0000 -0.0000
vn 0.9511 0.3090 0.0059
vn 0.8090 0.5877 0.0113
vn -0.5878 0.8089 0.0155
vn -0.3090 0.9509 0.0183
vn -0.0000 0.9998 0.0192
vn 0.3090 0.9509 0.0183
vn 0.5878 0.8089 0.0155
vn -0.8090 0.5877 0.0113
vn -0.9511 0.3090 0.0059
vn -1.0000 -0.0000 -0.0000
vn -0.9511 -0.3090 -0.0059
vn -0.8090 -0.5877 -0.0113
vn 0.5878 -0.8089 -0.0155
vn 0.3090 -0.9509 -0.0183
vn -0.0000 -0.9998 -0.0192
vn -0.3090 -0.9509 -0.0183
vn -0.5878 -0.8089 -0.0155
vn -0.7071 -0.7070 -0.0136
vt 0.922442 0.054141
vt 0.896906 0.023708
vt 0.898439 0.022423
vt 0.923975 0.052856
vt 0.889559 0.014952
vt 0.907740 0.036619
vt 0.906208 0.037905
vt 0.888027 0.016238
vt 0.750000 -0.000000
vt 0.827254 0.012236
vt 0.896946 0.047745
vt 0.952254 0.103053
vt 0.987764 0.172745
vt 1.000000 0.250000
vt 1.000000 0.750000
vt 0.987764 0.827254
vt 0.952254 0.896946
vt 0.896946 0.952254
vt 0.827254 0.987764
vt 0.750000 1.000000
vt 0.250000 1.000000
vt 0.172746 0.987764
vt 0.103054 0.952254
vt 0.047746 0.896946
vt 0.012236 0.827254
vt 0.000000 0.750000
vt 0.000000 0.250000
vt 0.012236 0.172746
vt 0.047746 0.103054
vt 0.103054 0.047746
vt 0.172746 0.012236
vt 0.250000 -0.000000
vt 0.250000 1.000000
vt 0.172746 0.987764
vt 0.103054 0.952254
vt 0.047746 0.896946
vt 0.012236 0.827254
vt 0.000000 0.750000
vt -0.000000 0.250000
vt 0.012236 0.172746
vt 0.047746 0.103054
vt 0.103054 0.047746
vt 0.172746 0.012236
vt 0.250000 -0.000000
vt 0.750000 0.000000
vt 0.827254 0.012236
vt 0.896946 0.047746
vt 0.952254 0.103054
vt 0.987764 0.172746
vt 1.000000 0.250000
vt 1.000000 0.750000
vt 0.987764 0.827254
vt 0.952254 0.896946
vt 0.896946 0.952254
vt 0.827254 0.987764
vt 0.750000 1.000000
vt 0.944372 0.077164
vt 0.969908 0.107597
vt 0.968376 0.108883
vt 0.942840 0.078450
vt 0.885663 0.013420
vt 0.887195 0.012135
vt 0.983087 0.123303
vt 0.981555 0.124589
vt 0.979324 0.121930
vt 0.980856 0.120644
vt 0.976167 0.118168
vt 0.977699 0.116882
vt 0.972395 0.113672
vt 0.973927 0.112387
vt 0.893034 0.019094
vt 0.894566 0.017808
vt 0.889688 0.015106
vt 0.891220 0.013820
vt 0.888727 0.010849
vt 0.935622 0.069847
vt 0.937154 0.068562
vt 0.940500 0.072550
vt 0.938968 0.073835
vt 0.927994 0.057645
vt 0.926461 0.058931
vt 0.931766 0.062141
vt 0.930234 0.063426
vt 0.934922 0.065902
vt 0.933390 0.067188
vt 0.946466 0.082771
vt 0.944933 0.084056
vt 0.942569 0.081239
vt 0.944101 0.079953
vt 0.910994 0.040497
vt 0.909462 0.041783
vt 0.914819 0.045056
vt 0.913287 0.046342
vt 0.918841 0.049849
vt 0.917309 0.051135
vt 0.922667 0.054408
vt 0.921135 0.055694
vt 0.925921 0.058286
vt 0.924388 0.059572
s 0
usemtl station_sign.001
f 4433/7489/1167 4440/7490/1167 4463/7491/1167 4458/7492/1167
f 4451/7493/1168 4446/7494/1168 4469/7495/1168 4476/7496/1168
f 4433/7497/1169 4435/7498/1169 4436/7499/1169 4437/7500/1169 4438/7501/1169 4434/7502/1169 4445/7503/1169 4447/7504/1169 4448/7505/1169 4449/7506/1169 4450/7507/1169 4446/7508/1169 4451/7509/1169 4453/7510/1169 4454/7511/1169 4455/7512/1169 4456/7513/1169 4452/7514/1169 4439/7515/1169 4441/7516/1169 4442/7517/1169 4443/7518/1169 4444/7519/1169 4440/7520/1169
f 4457/7521/1170 4459/7522/1170 4460/7523/1170 4461/7524/1170 4462/7525/1170 4458/7526/1170 4463/7527/1170 4465/7528/1170 4466/7529/1170 4467/7530/1170 4468/7531/1170 4464/7532/1170 4475/7533/1170 4477/7534/1170 4478/7535/1170 4479/7536/1170 4480/7537/1170 4476/7538/1170 4469/7539/1170 4471/7540/1170 4472/7541/1170 4473/7542/1170 4474/7543/1170 4470/7544/1170
f 4439/7545/1171 4452/7546/1171 4475/7547/1171 4464/7548/1171
f 4451/7493/1172 4476/7496/1172 4480/7549/1172 4453/7550/1172
f 4453/7551/1173 4480/7552/1173 4479/7553/1173 4454/7554/1173
f 4454/7554/1174 4479/7553/1174 4478/7555/1174 4455/7556/1174
f 4455/7556/1175 4478/7555/1175 4477/7557/1175 4456/7558/1175
f 4456/7558/1176 4477/7557/1176 4475/7547/1176 4452/7546/1176
f 4463/7491/1177 4440/7490/1177 4444/7559/1177 4465/7560/1177
f 4465/7560/1178 4444/7559/1178 4443/7561/1178 4466/7562/1178
f 4466/7562/1179 4443/7561/1179 4442/7550/1179 4467/7563/1179
f 4467/7564/1180 4442/7565/1180 4441/7566/1180 4468/7567/1180
f 4468/7567/1181 4441/7566/1181 4439/7545/1181 4464/7548/1181
f 4433/7489/1182 4458/7492/1182 4462/7568/1182 4435/7569/1182
f 4435/7569/1183 4462/7568/1183 4461/7570/1183 4436/7571/1183
f 4436/7571/1184 4461/7570/1184 4460/7572/1184 4437/7573/1184
f 4437/7573/1185 4460/7572/1185 4459/7565/1185 4438/7564/1185
f 4438/7574/1186 4459/7575/1186 4457/7576/1186 4434/7577/1186
f 4469/7495/1187 4446/7494/1187 4450/7578/1187 4471/7579/1187
f 4471/7579/1188 4450/7578/1188 4449/7580/1188 4472/7581/1188
f 4472/7581/1189 4449/7580/1189 4448/7582/1189 4473/7583/1189
f 4473/7583/1190 4448/7582/1190 4447/7584/1190 4474/7585/1190
f 4474/7585/1191 4447/7584/1191 4445/7586/1191 4470/7587/1191
f 4445/7586/1192 4434/7577/1192 4457/7576/1192 4470/7587/1192
o Cube
v 1.900000 0.000000 1.800000
v -2.500000 4.000000 2.500000
v -1.800000 0.000000 -1.800000
v -2.500000 0.000000 1.800000
v -2.500000 4.000000 -2.500000
v -1.800000 1.300000 -1.800000
v -2.500000 0.000000 2.500000
v 2.500000 4.000000 2.500000
v -1.800000 1.300000 -2.500000
v 2.500000 0.000000 2.500000
v 1.900000 0.000000 -1.800000
v 2.500000 4.000000 -2.500000
v 1.900000 1.300000 -1.800000
v 2.500000 0.000000 -2.500000
v 1.900000 1.300000 -2.500000
v -2.500000 0.000000 -2.500000
v -2.500000 1.300000 -1.800000
v -1.800000 0.000000 0.500000
v -1.800000 1.300000 0.500000
v -2.500000 0.000000 0.500000
v -2.500000 1.300000 0.500000
v 1.900000 0.000000 1.300000
v 1.900000 1.100000 1.300000
v -1.800000 3.200000 -1.800000
v 1.900000 1.100000 -0.900000
v -1.800000 3.200000 -2.500000
v 1.900000 0.000000 -0.900000
v -2.500000 3.200000 -1.800000
v 1.200000 0.000000 -0.900000
v 1.200000 0.000000 1.300000
v 1.200000 1.100000 1.300000
v 1.200000 1.100000 -0.900000
v 1.900000 3.200000 -2.500000
v 1.900000 3.200000 1.800000
v -2.500000 3.200000 1.800000
vn -1.0000 -0.0000 -0.0000
vn -0.0000 -0.0000 -1.0000
vn -0.0000 -1.0000 -0.0000
vn -0.0000 1.0000 -0.0000
vn -0.0000 -0.0000 1.0000
vn 1.0000 -0.0000 -0.0000
vt 0.652778 0.694445
vt 0.652778 0.743056
vt 0.743056 0.743056
vt 0.743056 0.805556
vt 0.666667 0.805556
vt 0.666667 0.958333
vt 0.743056 0.958333
vt 0.743056 0.993056
vt 0.520833 0.993056
vt 0.520833 0.694445
vt 0.520833 0.694444
vt 0.520833 1.000000
vt 0.298611 1.000000
vt 0.298611 0.694444
vt 0.000000 0.347222
vt 0.000000 0.000000
vt 0.048611 0.000000
vt 0.048611 0.305556
vt 0.083333 0.305556
vt 0.083333 0.256944
vt 0.236111 0.256944
vt 0.236111 0.305556
vt 0.298611 0.305556
vt 0.298611 0.048611
vt 0.138889 0.048611
vt 0.138889 0.000000
vt 0.347222 0.000000
vt 0.347222 0.347222
vt 0.625000 0.347222
vt 0.347222 0.347222
vt 0.402778 0.298611
vt 0.625000 0.298611
vt 0.882104 0.854167
vt 0.882104 0.930556
vt 0.833493 0.930556
vt 0.833493 0.854167
vt 0.979167 0.409722
vt 0.902778 0.409722
vt 0.902778 0.256944
vt 0.979167 0.256944
vt 0.951547 0.000000
vt 0.951547 0.152778
vt 0.902936 0.152778
vt 0.902936 0.000000
vt 0.902778 0.645833
vt 0.902778 0.569444
vt 0.951389 0.569444
vt 0.951389 0.645833
vt 0.743056 0.951389
vt 0.743056 0.694444
vt 0.833333 0.694444
vt 0.833333 0.951389
vt 0.951389 0.000000
vt 0.951389 0.256944
vt 0.902778 0.000000
vt 0.625000 -0.000000
vt 0.625000 0.208333
vt 0.534722 0.208333
vt 0.534722 0.048611
vt 0.833333 0.944444
vt 0.833333 0.854167
vt 0.881944 0.854167
vt 0.881944 0.944444
vt 0.923611 0.854167
vt 0.833333 0.854167
vt 0.833333 0.694445
vt 0.923611 0.694445
vt 0.951389 0.569444
vt 0.902778 0.569444
vt 0.951389 0.409722
vt 0.972222 0.826389
vt 0.923611 0.826389
vt 0.923611 0.694444
vt 0.972222 0.694444
vt 0.972222 0.958333
vt 0.923611 0.958333
vt 0.347222 0.347222
vt 0.347222 0.694444
vt -0.000000 0.694444
vt 0.000000 0.347222
vt 0.625000 0.694444
vt 0.347222 0.694444
vt 0.347222 0.347222
vt 0.625000 0.347222
vt 0.000000 0.694444
vt 0.250000 0.694444
vt 0.250000 0.743056
vt -0.000000 1.000000
vt 0.298611 1.000000
vt 0.298611 0.743056
vt 0.347222 -0.000000
vt 0.402778 0.048611
vt 0.680556 0.298611
vt 0.812500 0.298611
vt 0.902778 0.347222
vt 0.625000 0.347222
vt 0.902778 0.000000
vt 0.812500 0.041667
vt 0.625000 0.694444
vt 0.625000 0.347222
vt 0.902778 0.347222
vt 0.902778 0.694444
vt 0.625000 -0.000000
vt 0.680556 0.041667
s 0
usemtl stall_base
f 4495/7588/1193 4493/7589/1193 4491/7590/1193 4507/7591/1193 4505/7592/1193 4503/7593/1193 4502/7594/1193 4481/7595/1193 4514/7596/1193 4513/7597/1193
f 4481/7598/1194 4484/7599/1194 4515/7600/1194 4514/7601/1194
f 4490/7602/1195 4487/7603/1195 4484/7604/1195 4481/7605/1195 4502/7606/1195 4510/7607/1195 4509/7608/1195 4507/7609/1195 4491/7610/1195 4483/7611/1195 4498/7612/1195 4500/7613/1195 4496/7614/1195 4494/7615/1195
f 4487/7616/1193 4482/7617/1193 4515/7618/1193 4484/7619/1193
f 4505/7620/1194 4507/7621/1194 4509/7622/1194 4512/7623/1194
f 4510/7624/1193 4511/7625/1193 4512/7626/1193 4509/7627/1193
f 4503/7628/1196 4505/7629/1196 4512/7630/1196 4511/7631/1196
f 4502/7632/1197 4503/7633/1197 4511/7634/1197 4510/7635/1197
f 4493/7636/1197 4486/7637/1197 4483/7638/1197 4491/7639/1197
f 4495/7640/1196 4489/7641/1196 4486/7626/1196 4493/7642/1196
f 4496/7643/1193 4500/7644/1193 4501/7645/1193 4497/7646/1193
f 4498/7647/1197 4499/7648/1197 4501/7649/1197 4500/7650/1197
f 4483/7651/1198 4486/7652/1198 4499/7653/1198 4498/7654/1198
f 4486/7655/1196 4497/7656/1196 4501/7625/1196 4499/7657/1196
f 4497/7658/1197 4486/7659/1197 4504/7660/1197 4508/7661/1197
f 4486/7662/1198 4489/7663/1198 4506/7659/1198 4504/7658/1198
f 4492/7664/1196 4485/7665/1196 4482/7666/1196 4488/7667/1196
f 4490/7668/1197 4488/7669/1197 4482/7670/1197 4487/7671/1197
f 4515/7672/1195 4508/7673/1195 4504/7674/1195 4514/7675/1195
f 4513/7676/1195 4514/7675/1195 4504/7674/1195 4506/7677/1195
f 4485/7678/1193 4496/7643/1193 4497/7646/1193 4508/7679/1193
f 4506/7680/1194 4489/7681/1194 4496/7682/1194 4485/7683/1194
f 4482/7617/1193 4485/7678/1193 4508/7679/1193 4515/7618/1193
f 4494/7684/1194 4496/7682/1194 4489/7681/1194 4495/7685/1194
f 4492/7686/1198 4488/7687/1198 4490/7688/1198 4494/7689/1198
f 4485/7683/1194 4492/7690/1194 4513/7691/1194 4506/7680/1194
f 4492/7690/1194 4494/7684/1194 4495/7685/1194 4513/7691/1194
o Cube.018
v -1.800000 3.150000 -1.250000
v -1.800000 3.200000 -1.250000
v -1.800000 3.150000 -3.100000
v -1.800000 3.200000 -3.100000
v 1.900000 3.150000 -1.250000
v 1.900000 3.200000 -1.250000
v 1.900000 3.150000 -3.100000
v 1.900000 3.200000 -3.100000
vn -1.0000 -0.0000 -0.0000
vn -0.0000 -0.0000 -1.0000
vn 1.0000 -0.0000 -0.0000
vn -0.0000 -0.0000 1.0000
vn -0.0000 -1.0000 -0.0000
vn -0.0000 1.0000 -0.0000
vt 0.950000 0.950000
vt 0.950000 0.975000
vt 0.487500 0.975000
vt 0.487500 0.950000
vt 0.950000 0.925000
vt 0.925000 0.925000
vt 0.925000 0.000000
vt 0.950000 0.000000
vt 0.025000 0.975000
vt 0.025000 0.950000
vt 0.487500 0.950000
vt 0.487500 0.975000
vt 0.975000 0.925000
vt 0.950000 0.925000
vt 0.950000 0.000000
vt 0.975000 0.000000
vt 0.462500 0.000000
vt 0.462500 0.925000
vt -0.000000 0.925000
vt 0.000000 0.000000
vt 0.462500 0.925000
vt 0.462500 0.000000
vt 0.925000 -0.000000
vt 0.925000 0.925000
s 0
usemtl shop_cover.002
f 4516/7692/1199 4517/7693/1199 4519/7694/1199 4518/7695/1199
f 4518/7696/1200 4519/7697/1200 4523/7698/1200 4522/7699/1200
f 4522/7700/1201 4523/7701/1201 4521/7702/1201 4520/7703/1201
f 4520/7704/1202 4521/7705/1202 4517/7706/1202 4516/7707/1202
f 4518/7708/1203 4522/7709/1203 4520/7710/1203 4516/7711/1203
f 4523/7712/1204 4519/7713/1204 4517/7714/1204 4521/7715/1204
o Cube.019
v -1.800000 3.150000 1.800000
v -1.800000 3.200000 1.800000
v -3.650000 3.150000 1.800000
v -3.650000 3.200000 1.800000
v -1.800000 3.150000 -1.800000
v -1.800000 3.200000 -1.800000
v -3.650000 3.150000 -1.800000
v -3.650000 3.200000 -1.800000
vn -0.0000 -0.0000 1.0000
vn -1.0000 -0.0000 -0.0000
vn -0.0000 -0.0000 -1.0000
vn 1.0000 -0.0000 -0.0000
vn -0.0000 -1.0000 -0.0000
vn -0.0000 1.0000 -0.0000
vt 0.025000 0.975000
vt 0.025000 0.950000
vt 0.487500 0.950000
vt 0.487500 0.975000
vt 0.950000 0.900000
vt 0.925000 0.900000
vt 0.925000 0.000000
vt 0.950000 0.000000
vt 0.950000 0.950000
vt 0.950000 0.975000
vt 0.487500 0.975000
vt 0.487500 0.950000
vt 0.975000 0.900000
vt 0.950000 0.900000
vt 0.950000 0.000000
vt 0.975000 0.000000
vt 0.462500 0.000000
vt 0.462500 0.900000
vt -0.000000 0.900000
vt 0.000000 0.000000
vt 0.462500 0.900000
vt 0.462500 0.000000
vt 0.925000 -0.000000
vt 0.925000 0.900000
s 0
usemtl shop_cover
f 4524/7716/1205 4525/7717/1205 4527/7718/1205 4526/7719/1205
f 4526/7720/1206 4527/7721/1206 4531/7722/1206 4530/7723/1206
f 4530/7724/1207 4531/7725/1207 4529/7726/1207 4528/7727/1207
f 4528/7728/1208 4529/7729/1208 4525/7730/1208 4524/7731/1208
f 4526/7732/1209 4530/7733/1209 4528/7734/1209 4524/7735/1209
f 4531/7736/1210 4527/7737/1210 4525/7738/1210 4529/7739/1210
o Cube.042
v 1.311000 1.330000 -0.612321
v 1.311000 1.336000 -0.612321
v 1.311000 1.330000 -0.620321
v 1.311000 1.336000 -0.620321
v 1.319000 1.330000 -0.612321
v 1.319000 1.336000 -0.612321
v 1.319000 1.330000 -0.620321
v 1.319000 1.336000 -0.620321
v 1.307000 1.342000 -0.630321
v 1.307000 1.336000 -0.630321
v 1.323000 1.336000 -0.630321
v 1.323000 1.342000 -0.630321
v 1.303800 1.342000 -0.646321
v 1.303800 1.336000 -0.646321
v 1.326200 1.336000 -0.646321
v 1.326200 1.342000 -0.646321
v 1.303800 1.342000 -0.696321
v 1.303800 1.336000 -0.696321
v 1.326200 1.336000 -0.696321
v 1.326200 1.342000 -0.696321
v 1.308280 1.339598 -0.711321
v 1.308280 1.335998 -0.711321
v 1.321720 1.335998 -0.711321
v 1.321720 1.339598 -0.711321
vn -1.0000 -0.0000 -0.0000
vn -0.9285 -0.0000 0.3714
vn 1.0000 -0.0000 -0.0000
vn -0.0000 -0.0000 1.0000
vn -0.0000 -1.0000 -0.0000
vn -0.0000 1.0000 -0.0000
vn 0.9285 -0.0000 0.3714
vn -0.0000 -0.8575 -0.5145
vn -0.0000 0.8575 0.5145
vn -0.9806 -0.0000 0.1961
vn 0.9806 -0.0000 0.1961
vn -0.0000 0.9874 -0.1581
vn -0.0000 -0.0000 -1.0000
vn -0.9582 -0.0000 -0.2862
vn 0.9582 -0.0000 -0.2862
vn -0.0000 -1.0000 0.0001
vt 0.559075 1.000000
vt 0.498848 0.996030
vt 0.504132 0.915863
vt 0.564358 0.919832
vt 0.450664 0.809367
vt 0.510890 0.813336
vt 0.564359 0.919832
vt 0.624585 0.915863
vt 0.629869 0.996030
vt 0.569642 1.000000
vt 0.738410 0.215675
vt 0.678053 0.215675
vt 0.678053 0.135199
vt 0.738410 0.135199
vt 0.072428 0.916675
vt 0.152904 0.916675
vt 0.152904 0.996703
vt 0.072428 0.996703
vt 0.297760 0.915600
vt 0.378236 0.915600
vt 0.378236 0.995858
vt 0.297760 0.995858
vt 0.418474 0.810848
vt 0.257522 0.810848
vt 0.225332 0.650330
vt 0.450664 0.650330
vt 0.617827 0.813336
vt 0.678053 0.809367
vt 0.032190 0.810284
vt 0.193142 0.810284
vt 0.667363 0.647178
vt 0.607137 0.651148
vt 0.574112 0.150100
vt 0.634338 0.146130
vt 0.461354 0.647178
vt 0.521580 0.651148
vt 0.000000 0.650227
vt 0.225332 0.650227
vt 0.450664 0.148713
vt 0.225332 0.148713
vt 0.270398 0.000000
vt 0.405598 0.000000
vt 0.000000 0.150051
vt 0.225332 0.150051
vt 0.494379 0.146130
vt 0.554605 0.150100
vt 0.714267 0.135199
vt 0.678053 0.135199
vt 0.678053 0.000000
vt 0.714267 0.000000
vt 0.528223 0.000000
vt 0.564359 0.002382
vt 0.564359 0.002382
vt 0.600494 -0.000000
vt 0.045066 0.000000
vt 0.180266 0.000000
s 0
usemtl tap
f 4532/7740/1211 4533/7741/1211 4535/7742/1211 4534/7743/1211
f 4534/7743/1212 4535/7742/1212 4540/7744/1212 4541/7745/1212
f 4538/7746/1213 4539/7747/1213 4537/7748/1213 4536/7749/1213
f 4536/7750/1214 4537/7751/1214 4533/7752/1214 4532/7753/1214
f 4534/7754/1215 4538/7755/1215 4536/7756/1215 4532/7757/1215
f 4539/7758/1216 4535/7759/1216 4533/7760/1216 4537/7761/1216
f 4540/7762/1216 4543/7763/1216 4547/7764/1216 4544/7765/1216
f 4539/7747/1217 4538/7746/1217 4542/7766/1217 4543/7767/1217
f 4538/7755/1218 4534/7754/1218 4541/7768/1218 4542/7769/1218
f 4535/7759/1219 4539/7758/1219 4543/7763/1219 4540/7762/1219
f 4547/7770/1213 4546/7771/1213 4550/7772/1213 4551/7773/1213
f 4541/7745/1220 4540/7744/1220 4544/7774/1220 4545/7775/1220
f 4543/7767/1221 4542/7766/1221 4546/7771/1221 4547/7770/1221
f 4542/7769/1215 4541/7768/1215 4545/7776/1215 4546/7777/1215
f 4548/7778/1222 4551/7779/1222 4555/7780/1222 4552/7781/1222
f 4546/7777/1215 4545/7776/1215 4549/7782/1215 4550/7783/1215
f 4544/7765/1216 4547/7764/1216 4551/7779/1216 4548/7778/1216
f 4545/7775/1211 4544/7774/1211 4548/7784/1211 4549/7785/1211
f 4553/7786/1223 4552/7787/1223 4555/7788/1223 4554/7789/1223
f 4549/7785/1224 4548/7784/1224 4552/7790/1224 4553/7791/1224
f 4551/7773/1225 4550/7772/1225 4554/7792/1225 4555/7793/1225
f 4550/7783/1226 4549/7782/1226 4553/7794/1226 4554/7795/1226
o Cylinder.016
v 1.600000 1.100964 -0.866321
v 1.600000 1.850964 -0.866321
v 1.695671 1.100964 -0.847291
v 1.695671 1.850964 -0.847291
v 1.776777 1.100964 -0.793098
v 1.776777 1.850964 -0.793098
v 1.830970 1.100964 -0.711992
v 1.830970 1.850964 -0.711992
v 1.850000 1.100964 -0.616321
v 1.850000 1.850964 -0.616321
v 1.830970 1.100964 -0.520650
v 1.830970 1.850964 -0.520650
v 1.776777 1.100964 -0.439544
v 1.776777 1.850964 -0.439544
v 1.695671 1.100964 -0.385351
v 1.695671 1.850964 -0.385351
v 1.600000 1.100964 -0.366321
v 1.600000 1.850964 -0.366321
v 1.504329 1.100964 -0.385351
v 1.504329 1.850964 -0.385351
v 1.423223 1.100964 -0.439544
v 1.423223 1.850964 -0.439544
v 1.369030 1.100964 -0.520650
v 1.369030 1.850964 -0.520650
v 1.350000 1.100964 -0.616321
v 1.350000 1.850964 -0.616321
v 1.369030 1.100964 -0.711992
v 1.369030 1.850964 -0.711992
v 1.423223 1.100964 -0.793098
v 1.423223 1.850964 -0.793098
v 1.504329 1.100964 -0.847291
v 1.504329 1.850964 -0.847291
v 1.676162 1.850964 -0.800192
v 1.600000 1.850964 -0.815342
v 1.523838 1.850964 -0.800192
v 1.459271 1.850964 -0.757050
v 1.416129 1.850964 -0.692483
v 1.400980 1.850964 -0.616321
v 1.416129 1.850964 -0.540159
v 1.459271 1.850964 -0.475592
v 1.523838 1.850964 -0.432450
v 1.600000 1.850964 -0.417301
v 1.676162 1.850964 -0.432450
v 1.740729 1.850964 -0.475592
v 1.783871 1.850964 -0.540159
v 1.799021 1.850964 -0.616321
v 1.783871 1.850964 -0.692483
v 1.740729 1.850964 -0.757050
v 1.676162 1.870964 -0.800192
v 1.600000 1.870964 -0.815342
v 1.740729 1.870964 -0.757050
v 1.523838 1.870964 -0.800192
v 1.459271 1.870964 -0.757050
v 1.416129 1.870964 -0.692483
v 1.400980 1.870964 -0.616321
v 1.416129 1.870964 -0.540159
v 1.459271 1.870964 -0.475592
v 1.523838 1.870964 -0.432450
v 1.600000 1.870964 -0.417301
v 1.676162 1.870964 -0.432450
v 1.740729 1.870964 -0.475592
v 1.783871 1.870964 -0.540159
v 1.799021 1.870964 -0.616321
v 1.783871 1.870964 -0.692483
v 1.245000 1.240000 -0.631321
v 1.245000 1.265000 -0.631321
v 1.255607 1.240000 -0.626928
v 1.255607 1.265000 -0.626928
v 1.260000 1.240000 -0.616321
v 1.260000 1.265000 -0.616321
v 1.255607 1.240000 -0.605715
v 1.255607 1.265000 -0.605715
v 1.245000 1.240000 -0.601321
v 1.245000 1.265000 -0.601321
v 1.234393 1.240000 -0.605715
v 1.234393 1.265000 -0.605715
v 1.230000 1.240000 -0.616321
v 1.230000 1.265000 -0.616321
v 1.234393 1.240000 -0.626928
v 1.234393 1.265000 -0.626928
v 1.315000 1.310000 -0.626821
v 1.315000 1.340000 -0.623821
v 1.322425 1.310000 -0.623746
v 1.320303 1.340000 -0.621625
v 1.325500 1.310000 -0.616321
v 1.322500 1.340000 -0.616321
v 1.322425 1.310000 -0.608897
v 1.320303 1.340000 -0.611018
v 1.315000 1.310000 -0.605821
v 1.315000 1.340000 -0.608821
v 1.307575 1.310000 -0.608897
v 1.309697 1.340000 -0.611018
v 1.304500 1.310000 -0.616321
v 1.307500 1.340000 -0.616321
v 1.307575 1.310000 -0.623746
v 1.309697 1.340000 -0.621625
v 1.370000 1.300000 -0.631321
v 1.280000 1.300000 -0.631321
v 1.370000 1.310607 -0.626928
v 1.280000 1.310607 -0.626928
v 1.370000 1.315000 -0.616321
v 1.280000 1.315000 -0.616321
v 1.370000 1.310607 -0.605715
v 1.280000 1.310607 -0.605715
v 1.370000 1.300000 -0.601321
v 1.280000 1.300000 -0.601321
v 1.370000 1.289393 -0.605715
v 1.280000 1.289393 -0.605715
v 1.370000 1.285000 -0.616321
v 1.280000 1.285000 -0.616321
v 1.370000 1.289393 -0.626928
v 1.280000 1.289393 -0.626928
v 1.245828 1.284390 -0.631321
v 1.250126 1.294874 -0.631321
v 1.260610 1.299172 -0.631321
v 1.235468 1.286662 -0.626928
v 1.242626 1.302374 -0.626928
v 1.258338 1.309532 -0.626928
v 1.231176 1.287602 -0.616321
v 1.239519 1.305481 -0.616321
v 1.257398 1.313824 -0.616321
v 1.235468 1.286662 -0.605715
v 1.242626 1.302374 -0.605715
v 1.258338 1.309532 -0.605715
v 1.245828 1.284390 -0.601321
v 1.250126 1.294874 -0.601321
v 1.260610 1.299172 -0.601321
v 1.256189 1.282118 -0.605715
v 1.257626 1.287374 -0.605715
v 1.262882 1.288811 -0.605715
v 1.260480 1.281177 -0.616321
v 1.260732 1.284268 -0.616321
v 1.263823 1.284520 -0.616321
v 1.262882 1.288811 -0.626928
v 1.257626 1.287374 -0.626928
v 1.256189 1.282118 -0.626928
vn 0.1951 -0.0000 -0.9808
vn 0.5556 -0.0000 -0.8315
vn 0.8315 -0.0000 -0.5556
vn 0.9808 -0.0000 -0.1951
vn 0.9808 -0.0000 0.1951
vn 0.8315 -0.0000 0.5556
vn 0.5556 -0.0000 0.8315
vn 0.1951 -0.0000 0.9808
vn -0.1951 -0.0000 0.9808
vn -0.5556 -0.0000 0.8315
vn -0.8315 -0.0000 0.5556
vn -0.9808 -0.0000 0.1951
vn -0.9808 -0.0000 -0.1951
vn -0.8315 -0.0000 -0.5556
vn -0.1951 -0.0000 -0.9808
vn -0.5556 -0.0000 -0.8315
vn -0.0000 -1.0000 -0.0000
vn -0.0000 1.0000 -0.0000
vn 0.3827 -0.0000 -0.9239
vn 0.9239 -0.0000 -0.3827
vn 0.9239 -0.0000 0.3827
vn 0.3827 -0.0000 0.9239
vn -0.3827 -0.0000 0.9239
vn -0.9239 -0.0000 0.3827
vn -0.9239 -0.0000 -0.3827
vn -0.3827 -0.0000 -0.9239
vn 0.3811 0.0920 -0.9200
vn 0.9200 0.0920 -0.3811
vn 0.9200 0.0920 0.3811
vn 0.3811 0.0920 0.9200
vn -0.3811 0.0920 0.9200
vn -0.9200 0.0920 0.3811
vn -0.9200 0.0920 -0.3811
vn -0.3811 0.0920 -0.9200
vn -0.0000 0.3827 -0.9239
vn -0.0000 0.9239 -0.3827
vn -0.0000 0.9239 0.3827
vn -0.0000 0.3827 0.9239
vn -0.0000 -0.3827 0.9239
vn -0.0000 -0.9239 0.3827
vn -0.0000 -0.9239 -0.3827
vn -0.0000 -0.3827 -0.9239
vn 1.0000 -0.0000 -0.0000
vn 0.0295 -0.9246 -0.3798
vn 0.0295 -0.9246 0.3798
vn 0.0149 -0.3851 0.9228
vn -0.0178 0.3848 0.9228
vn -0.0470 0.9237 0.3802
vn -0.0470 0.9237 -0.3802
vn -0.0178 0.3848 -0.9228
vn 0.0149 -0.3851 -0.9228
vn -0.1593 0.3643 -0.9176
vn -0.3643 0.1593 -0.9176
vn -0.3848 0.0178 -0.9228
vn -0.3895 0.8440 -0.3687
vn -0.8440 0.3895 -0.3687
vn -0.9237 0.0470 -0.3802
vn -0.3895 0.8440 0.3687
vn -0.8440 0.3895 0.3687
vn -0.9237 0.0470 0.3802
vn -0.1593 0.3643 0.9176
vn -0.3643 0.1593 0.9176
vn -0.3848 0.0178 0.9228
vn 0.1370 -0.3759 0.9165
vn 0.3759 -0.1370 0.9165
vn 0.3851 -0.0149 0.9228
vn 0.1854 -0.9163 0.3549
vn 0.9163 -0.1854 0.3549
vn 0.9246 -0.0295 0.3798
vn 0.1854 -0.9163 -0.3549
vn 0.9163 -0.1854 -0.3549
vn 0.9246 -0.0295 -0.3798
vn 0.1370 -0.3759 -0.9165
vn 0.3759 -0.1370 -0.9165
vn 0.3851 -0.0149 -0.9228
vt 0.654985 0.533034
vt 0.654985 0.000000
vt 0.724311 0.000000
vt 0.724311 0.533034
vt 0.788361 0.000000
vt 0.788361 0.533034
vt 0.852410 0.000000
vt 0.852410 0.533034
vt 0.921736 0.000000
vt 0.921736 0.533034
vt 0.985786 0.000000
vt 0.985786 0.533034
vt 0.295468 0.533034
vt 0.295468 0.000000
vt 0.344489 0.000000
vt 0.344489 0.533034
vt 0.408538 0.000000
vt 0.408538 0.533034
vt 0.477865 0.000000
vt 0.477865 0.533034
vt 0.541914 0.000000
vt 0.541914 0.533034
vt 0.000000 0.533034
vt 0.000000 0.000000
vt 0.049021 0.000000
vt 0.049021 0.533034
vt 0.113071 0.000000
vt 0.113071 0.533034
vt 0.182397 0.000000
vt 0.182397 0.533034
vt 0.246446 0.000000
vt 0.246446 0.533034
vt 1.000000 0.106178
vt 1.000000 0.157167
vt 0.985786 0.157167
vt 0.985786 0.106178
vt 0.590935 0.000000
vt 0.590935 0.533034
vt -0.000000 0.741961
vt -0.000000 0.672635
vt 0.026530 0.608585
vt 0.075551 0.559564
vt 0.139601 0.533034
vt 0.208927 0.533034
vt 0.272976 0.559564
vt 0.321998 0.608585
vt 0.348528 0.672635
vt 0.348528 0.741961
vt 0.321998 0.806010
vt 0.272977 0.855032
vt 0.208927 0.881562
vt 0.139601 0.881562
vt 0.075551 0.855032
vt 0.026530 0.806010
vt 0.375058 0.806010
vt 0.348528 0.741961
vt 0.384063 0.734893
vt 0.405184 0.785881
vt 0.348528 0.672635
vt 0.384063 0.679703
vt 0.375058 0.608585
vt 0.405184 0.628715
vt 0.424079 0.559564
vt 0.444208 0.589690
vt 0.488128 0.533034
vt 0.495197 0.568570
vt 0.557455 0.533034
vt 0.550387 0.568570
vt 0.621504 0.559564
vt 0.601375 0.589690
vt 0.670526 0.608585
vt 0.640400 0.628715
vt 0.697056 0.672635
vt 0.661520 0.679703
vt 0.697056 0.741961
vt 0.661520 0.734893
vt 0.670526 0.806010
vt 0.640400 0.785881
vt 0.621504 0.855032
vt 0.601375 0.824906
vt 0.557455 0.881562
vt 0.550387 0.846026
vt 0.488128 0.881562
vt 0.495197 0.846026
vt 0.424079 0.855032
vt 0.444208 0.824906
vt 0.718176 0.750346
vt 0.697056 0.699357
vt 0.697056 0.644167
vt 0.718176 0.593179
vt 0.757201 0.554154
vt 0.808189 0.533034
vt 0.863379 0.533034
vt 0.914367 0.554154
vt 0.953392 0.593179
vt 0.974512 0.644167
vt 0.974512 0.699357
vt 0.953392 0.750346
vt 0.914367 0.789370
vt 0.863379 0.810491
vt 0.808189 0.810491
vt 0.757201 0.789370
vt 0.988727 0.819239
vt 0.988727 0.874428
vt 0.974512 0.874428
vt 0.974512 0.819239
vt 1.000000 0.196191
vt 0.985786 0.196191
vt 0.988726 0.925417
vt 0.974512 0.925417
vt 0.988727 0.533034
vt 0.988727 0.572059
vt 0.974512 0.572059
vt 0.974512 0.533034
vt 0.988726 0.964442
vt 0.974512 0.964442
vt 0.988727 0.623047
vt 0.974512 0.623047
vt 0.711270 0.810491
vt 0.711270 0.861479
vt 0.697056 0.861479
vt 0.697056 0.810491
vt 0.988727 0.678237
vt 0.974512 0.678237
vt 0.711270 0.916669
vt 0.697056 0.916669
vt 0.988727 0.729225
vt 0.974512 0.729225
vt 1.000000 0.050989
vt 0.985786 0.050989
vt 0.711270 0.967657
vt 0.697056 0.967657
vt 0.988727 0.768250
vt 0.974512 0.768250
vt 1.000000 0.000000
vt 0.985786 0.000000
vt 0.988727 0.768250
vt 0.974512 0.768250
vt 0.018838 0.053661
vt 0.143969 0.108265
vt 0.125130 0.162383
vt 0.000000 0.107779
vt 0.800554 0.722112
vt 0.800554 0.860317
vt 0.741894 0.861030
vt 0.741894 0.722825
vt 0.683233 0.860317
vt 0.683233 0.722112
vt 0.683233 0.107734
vt 0.558471 0.162475
vt 0.531137 0.108677
vt 0.655900 0.053936
vt 0.512760 0.054742
vt 0.637522 -0.000000
vt 0.919608 0.624296
vt 0.912681 0.761143
vt 0.849268 0.757967
vt 0.856194 0.621120
vt 0.804300 0.761726
vt 0.811227 0.624880
vt 0.045846 0.000000
vt 0.170976 0.054604
vt 0.261471 0.843197
vt 0.306306 0.888032
vt 0.306306 0.951510
vt 0.261471 0.996448
vt 0.198065 0.996521
vt 0.153231 0.951686
vt 0.153231 0.888208
vt 0.198065 0.843270
vt 0.957897 0.000000
vt 0.957324 0.166451
vt 0.928737 0.168375
vt 0.917875 0.002694
vt 1.000000 0.168375
vt 0.988268 0.333876
vt 0.958938 0.334233
vt 0.958938 0.168874
vt 0.929607 0.333876
vt 0.917875 0.168375
vt 0.917875 0.497784
vt 0.926770 0.336307
vt 0.956870 0.334233
vt 0.960016 0.494880
vt 0.985285 0.336307
vt 0.999796 0.497784
vt 0.995476 0.623582
vt 0.979885 0.789450
vt 0.948188 0.787691
vt 0.951099 0.621120
vt 0.503039 0.919838
vt 0.471543 0.920044
vt 0.449272 0.897772
vt 0.449272 0.866068
vt 0.471543 0.843504
vt 0.503039 0.843297
vt 0.525311 0.865570
vt 0.525311 0.897274
vt 0.925694 0.789450
vt 0.919608 0.623582
vt 0.999862 0.002694
vt 0.987300 0.168375
vt 0.417887 0.843297
vt 0.449272 0.874682
vt 0.449272 0.919116
vt 0.417887 0.950573
vt 0.373503 0.950624
vt 0.342119 0.919240
vt 0.342119 0.874805
vt 0.373503 0.843348
vt 0.049004 0.819803
vt 0.243510 0.362535
vt 0.300683 0.385930
vt 0.106177 0.843197
vt 0.683233 0.718820
vt 0.683233 0.225659
vt 0.741894 0.228951
vt 0.741894 0.722112
vt 0.800554 0.225659
vt 0.800554 0.718820
vt 0.577369 0.843297
vt 0.383434 0.386222
vt 0.431888 0.363067
vt 0.625823 0.820142
vt 0.489298 0.339773
vt 0.683233 0.796848
vt 0.800554 0.621120
vt 0.800554 0.124178
vt 0.859215 0.122793
vt 0.859215 0.619735
vt 0.917875 0.124178
vt 0.917875 0.621120
vt -0.000000 0.796865
vt 0.194506 0.339597
vt 0.108351 0.843197
vt 0.153231 0.888077
vt 0.153231 0.951567
vt 0.108351 0.996475
vt 0.044880 0.996494
vt 0.000000 0.951614
vt 0.000000 0.888124
vt 0.044880 0.843217
vt 0.859215 0.033317
vt 0.917875 0.029474
vt 0.800554 0.029474
vt 0.394241 0.262779
vt 0.455317 0.251561
vt 0.342119 0.273859
vt 0.741894 0.104218
vt 0.800554 0.106158
vt 0.683233 0.106158
vt 0.281269 0.262211
vt 0.342119 0.273527
vt 0.228588 0.251352
vt 0.282419 0.199556
vt 0.340251 0.178060
vt 0.239229 0.154824
vt 0.277074 0.107374
vt 0.683233 0.014695
vt 0.741894 -0.000000
vt 0.858035 0.987068
vt 0.811227 0.972807
vt 0.800554 0.881147
vt 0.845475 0.882618
vt 0.800554 0.014695
vt 0.919608 0.972224
vt 0.908935 0.880563
vt 0.343982 0.178387
vt 0.393094 0.200123
vt 0.406973 0.107630
vt 0.436157 0.155342
vt 0.451162 0.221721
vt 0.474296 0.202915
vt 0.800554 0.000000
vt 0.859215 0.016174
vt 0.741894 0.967665
vt 0.683233 0.984334
vt 0.683233 0.955044
vt 0.741894 0.950540
vt 0.917875 -0.000000
vt 0.800554 0.984334
vt 0.800554 0.955044
vt 0.232755 0.221509
vt 0.209553 0.202730
s 0
usemtl canister
f 4556/7796/1227 4557/7797/1227 4559/7798/1227 4558/7799/1227
f 4558/7799/1228 4559/7798/1228 4561/7800/1228 4560/7801/1228
f 4560/7801/1229 4561/7800/1229 4563/7802/1229 4562/7803/1229
f 4562/7803/1230 4563/7802/1230 4565/7804/1230 4564/7805/1230
f 4564/7805/1231 4565/7804/1231 4567/7806/1231 4566/7807/1231
f 4566/7808/1232 4567/7809/1232 4569/7810/1232 4568/7811/1232
f 4568/7811/1233 4569/7810/1233 4571/7812/1233 4570/7813/1233
f 4570/7813/1234 4571/7812/1234 4573/7814/1234 4572/7815/1234
f 4572/7815/1235 4573/7814/1235 4575/7816/1235 4574/7817/1235
f 4574/7818/1236 4575/7819/1236 4577/7820/1236 4576/7821/1236
f 4576/7821/1237 4577/7820/1237 4579/7822/1237 4578/7823/1237
f 4578/7823/1238 4579/7822/1238 4581/7824/1238 4580/7825/1238
f 4580/7825/1239 4581/7824/1239 4583/7826/1239 4582/7827/1239
f 4582/7827/1240 4583/7826/1240 4585/7809/1240 4584/7808/1240
f 4589/7828/1241 4590/7829/1241 4607/7830/1241 4605/7831/1241
f 4584/7817/1242 4585/7816/1242 4587/7832/1242 4586/7833/1242
f 4586/7833/1241 4587/7832/1241 4557/7797/1241 4556/7796/1241
f 4556/7834/1243 4558/7835/1243 4560/7836/1243 4562/7837/1243 4564/7838/1243 4566/7839/1243 4568/7840/1243 4570/7841/1243 4572/7842/1243 4574/7843/1243 4576/7844/1243 4578/7845/1243 4580/7846/1243 4582/7847/1243 4584/7848/1243 4586/7849/1243
f 4559/7850/1244 4557/7851/1244 4589/7852/1244 4588/7853/1244
f 4557/7851/1244 4587/7854/1244 4590/7855/1244 4589/7852/1244
f 4587/7854/1244 4585/7856/1244 4591/7857/1244 4590/7855/1244
f 4585/7856/1244 4583/7858/1244 4592/7859/1244 4591/7857/1244
f 4583/7858/1244 4581/7860/1244 4593/7861/1244 4592/7859/1244
f 4581/7860/1244 4579/7862/1244 4594/7863/1244 4593/7861/1244
f 4579/7862/1244 4577/7864/1244 4595/7865/1244 4594/7863/1244
f 4577/7864/1244 4575/7866/1244 4596/7867/1244 4595/7865/1244
f 4575/7866/1244 4573/7868/1244 4597/7869/1244 4596/7867/1244
f 4573/7868/1244 4571/7870/1244 4598/7871/1244 4597/7869/1244
f 4571/7870/1244 4569/7872/1244 4599/7873/1244 4598/7871/1244
f 4569/7872/1244 4567/7874/1244 4600/7875/1244 4599/7873/1244
f 4567/7874/1244 4565/7876/1244 4601/7877/1244 4600/7875/1244
f 4565/7876/1244 4563/7878/1244 4602/7879/1244 4601/7877/1244
f 4563/7878/1244 4561/7880/1244 4603/7881/1244 4602/7879/1244
f 4561/7880/1244 4559/7850/1244 4588/7853/1244 4603/7881/1244
f 4604/7882/1244 4605/7883/1244 4607/7884/1244 4608/7885/1244 4609/7886/1244 4610/7887/1244 4611/7888/1244 4612/7889/1244 4613/7890/1244 4614/7891/1244 4615/7892/1244 4616/7893/1244 4617/7894/1244 4618/7895/1244 4619/7896/1244 4606/7897/1244
f 4597/7898/1234 4598/7899/1234 4615/7900/1234 4614/7901/1234
f 4590/7829/1242 4591/7902/1242 4608/7903/1242 4607/7830/1242
f 4598/7899/1233 4599/7904/1233 4616/7905/1233 4615/7900/1233
f 4591/7906/1240 4592/7907/1240 4609/7908/1240 4608/7909/1240
f 4599/7904/1232 4600/7910/1232 4617/7911/1232 4616/7905/1232
f 4592/7907/1239 4593/7912/1239 4610/7913/1239 4609/7908/1239
f 4600/7914/1231 4601/7915/1231 4618/7916/1231 4617/7917/1231
f 4593/7912/1238 4594/7918/1238 4611/7919/1238 4610/7913/1238
f 4601/7915/1230 4602/7920/1230 4619/7921/1230 4618/7916/1230
f 4594/7918/1237 4595/7922/1237 4612/7923/1237 4611/7919/1237
f 4588/7924/1227 4589/7828/1227 4605/7831/1227 4604/7925/1227
f 4602/7920/1229 4603/7926/1229 4606/7927/1229 4619/7921/1229
f 4595/7922/1236 4596/7928/1236 4613/7929/1236 4612/7923/1236
f 4603/7930/1228 4588/7924/1228 4604/7925/1228 4606/7931/1228
f 4596/7932/1235 4597/7898/1235 4614/7901/1235 4613/7933/1235
usemtl canister_tap
f 4620/7934/1245 4621/7935/1245 4623/7936/1245 4622/7937/1245
f 4622/7938/1246 4623/7939/1246 4625/7940/1246 4624/7941/1246
f 4624/7941/1247 4625/7940/1247 4627/7942/1247 4626/7943/1247
f 4626/7944/1248 4627/7945/1248 4629/7946/1248 4628/7947/1248
f 4628/7947/1249 4629/7946/1249 4631/7948/1249 4630/7949/1249
f 4630/7950/1250 4631/7951/1250 4633/7952/1250 4632/7953/1250
f 4632/7953/1251 4633/7952/1251 4635/7954/1251 4634/7955/1251
f 4634/7956/1252 4635/7957/1252 4621/7935/1252 4620/7934/1252
f 4620/7958/1243 4622/7959/1243 4624/7960/1243 4626/7961/1243 4628/7962/1243 4630/7963/1243 4632/7964/1243 4634/7965/1243
f 4636/7966/1253 4637/7967/1253 4639/7968/1253 4638/7969/1253
f 4638/7970/1254 4639/7971/1254 4641/7972/1254 4640/7973/1254
f 4640/7973/1255 4641/7972/1255 4643/7974/1255 4642/7975/1255
f 4642/7976/1256 4643/7977/1256 4645/7978/1256 4644/7979/1256
f 4644/7979/1257 4645/7978/1257 4647/7980/1257 4646/7981/1257
f 4646/7982/1258 4647/7983/1258 4649/7984/1258 4648/7985/1258
f 4639/7986/1244 4637/7987/1244 4651/7988/1244 4649/7989/1244 4647/7990/1244 4645/7991/1244 4643/7992/1244 4641/7993/1244
f 4648/7985/1259 4649/7984/1259 4651/7994/1259 4650/7995/1259
f 4650/7996/1260 4651/7997/1260 4637/7967/1260 4636/7966/1260
f 4636/7998/1243 4638/7999/1243 4640/8000/1243 4642/8001/1243 4644/8002/1243 4646/8003/1243 4648/8004/1243 4650/8005/1243
f 4652/8006/1261 4653/8007/1261 4655/8008/1261 4654/8009/1261
f 4654/8010/1262 4655/8011/1262 4657/8012/1262 4656/8013/1262
f 4656/8013/1263 4657/8012/1263 4659/8014/1263 4658/8015/1263
f 4658/8016/1264 4659/8017/1264 4661/8018/1264 4660/8019/1264
f 4660/8019/1265 4661/8018/1265 4663/8020/1265 4662/8021/1265
f 4662/8022/1266 4663/8023/1266 4665/8024/1266 4664/8025/1266
f 4664/8025/1267 4665/8024/1267 4667/8026/1267 4666/8027/1267
f 4666/8028/1268 4667/8029/1268 4653/8007/1268 4652/8006/1268
f 4652/8030/1269 4654/8031/1269 4656/8032/1269 4658/8033/1269 4660/8034/1269 4662/8035/1269 4664/8036/1269 4666/8037/1269
f 4667/8026/1270 4665/8024/1270 4688/8038/1270 4689/8039/1270
f 4665/8024/1271 4663/8023/1271 4685/8040/1271 4688/8038/1271
f 4663/8020/1272 4661/8018/1272 4682/8041/1272 4685/8042/1272
f 4661/8018/1273 4659/8017/1273 4679/8043/1273 4682/8041/1273
f 4659/8014/1274 4657/8012/1274 4676/8044/1274 4679/8045/1274
f 4657/8012/1275 4655/8011/1275 4673/8046/1275 4676/8044/1275
f 4655/8008/1276 4653/8007/1276 4670/8047/1276 4673/8048/1276
f 4653/8007/1277 4667/8029/1277 4689/8049/1277 4670/8047/1277
f 4673/8048/1278 4670/8047/1278 4669/8050/1278 4672/8051/1278
f 4672/8051/1279 4669/8050/1279 4668/8052/1279 4671/8053/1279
f 4671/8053/1280 4668/8052/1280 4621/7935/1280 4635/7957/1280
f 4676/8044/1281 4673/8046/1281 4672/8054/1281 4675/8055/1281
f 4675/8056/1282 4672/8057/1282 4671/8058/1282 4674/8059/1282
f 4674/8059/1283 4671/8058/1283 4635/7954/1283 4633/7952/1283
f 4679/8045/1284 4676/8044/1284 4675/8055/1284 4678/8060/1284
f 4678/8061/1285 4675/8056/1285 4674/8059/1285 4677/8062/1285
f 4677/8062/1286 4674/8059/1286 4633/7952/1286 4631/7951/1286
f 4682/8041/1287 4679/8043/1287 4678/8063/1287 4681/8064/1287
f 4681/8064/1288 4678/8063/1288 4677/8065/1288 4680/8066/1288
f 4680/8066/1289 4677/8065/1289 4631/7948/1289 4629/7946/1289
f 4685/8042/1290 4682/8041/1290 4681/8064/1290 4684/8067/1290
f 4684/8067/1291 4681/8064/1291 4680/8066/1291 4683/8068/1291
f 4683/8068/1292 4680/8066/1292 4629/7946/1292 4627/7945/1292
f 4688/8038/1293 4685/8040/1293 4684/8069/1293 4687/8070/1293
f 4687/8071/1294 4684/8072/1294 4683/8073/1294 4686/8074/1294
f 4686/8074/1295 4683/8073/1295 4627/7942/1295 4625/7940/1295
f 4689/8039/1296 4688/8038/1296 4687/8070/1296 4690/8075/1296
f 4690/8076/1297 4687/8071/1297 4686/8074/1297 4691/8077/1297
f 4691/8077/1298 4686/8074/1298 4625/7940/1298 4623/7939/1298
f 4670/8047/1299 4689/8049/1299 4690/8078/1299 4669/8050/1299
f 4669/8050/1300 4690/8078/1300 4691/8079/1300 4668/8052/1300
f 4668/8052/1301 4691/8079/1301 4623/7936/1301 4621/7935/1301
o Cylinder.017
v 1.420000 1.300000 -1.950000
v 1.420000 1.420000 -1.970000
v 1.443511 1.300000 -1.942361
v 1.455267 1.420000 -1.958541
v 1.458042 1.300000 -1.922361
v 1.477063 1.420000 -1.928541
v 1.458042 1.300000 -1.897640
v 1.477063 1.420000 -1.891459
v 1.443511 1.300000 -1.877640
v 1.455267 1.420000 -1.861459
v 1.420000 1.300000 -1.870000
v 1.420000 1.420000 -1.850000
v 1.396489 1.300000 -1.877640
v 1.384733 1.420000 -1.861459
v 1.381958 1.300000 -1.897640
v 1.362937 1.420000 -1.891459
v 1.381958 1.300000 -1.922361
v 1.362937 1.420000 -1.928541
v 1.396489 1.300000 -1.942361
v 1.384733 1.420000 -1.958541
v 1.452177 1.420000 -1.954288
v 1.420000 1.420000 -1.964743
v 1.387823 1.420000 -1.954288
v 1.367937 1.420000 -1.926917
v 1.367937 1.420000 -1.893084
v 1.387823 1.420000 -1.865713
v 1.420000 1.420000 -1.855258
v 1.452177 1.420000 -1.865713
v 1.472063 1.420000 -1.893084
v 1.472063 1.420000 -1.926917
v 1.442524 1.303000 -1.941002
v 1.420000 1.303000 -1.948320
v 1.456444 1.303000 -1.921842
v 1.397476 1.303000 -1.941002
v 1.383556 1.303000 -1.921842
v 1.383556 1.303000 -1.898159
v 1.397476 1.303000 -1.878999
v 1.420000 1.303000 -1.871680
v 1.442524 1.303000 -1.878999
v 1.456444 1.303000 -1.898159
vn 0.3052 -0.1566 -0.9393
vn 0.7990 -0.1566 -0.5805
vn 0.9877 -0.1566 -0.0000
vn 0.7990 -0.1566 0.5805
vn 0.3052 -0.1566 0.9393
vn -0.3052 -0.1566 0.9393
vn -0.7990 -0.1566 0.5805
vn -0.9877 -0.1566 -0.0000
vn 0.3063 0.1323 0.9427
vn -0.7990 -0.1566 -0.5805
vn -0.3052 -0.1566 -0.9393
vn -0.0000 -1.0000 -0.0000
vn -0.0000 1.0000 -0.0000
vn -0.9912 0.1323 -0.0000
vn 0.3063 0.1323 -0.9427
vn 0.8019 0.1323 0.5826
vn -0.3063 0.1323 0.9427
vn -0.3063 0.1323 -0.9427
vn 0.9912 0.1323 -0.0000
vn -0.8019 0.1323 0.5826
vn -0.8019 0.1323 -0.5826
vn 0.8019 0.1323 -0.5826
vt 0.424322 0.339396
vt 0.406875 0.000000
vt 0.511559 0.000000
vt 0.494111 0.339396
vt 0.596250 0.000753
vt 0.550572 0.339899
vt 0.045678 0.678663
vt 0.000000 0.339518
vt 0.084691 0.338764
vt 0.102138 0.678160
vt 0.189375 0.338764
vt 0.171928 0.678160
vt 0.274066 0.339518
vt 0.228388 0.678663
vt 0.640578 0.339741
vt 0.596250 0.000416
vt 0.680943 -0.000000
vt 0.697040 0.339463
vt 0.785626 0.000416
vt 0.766829 0.339741
vt 0.829954 0.339741
vt 0.785626 0.000416
vt 0.870320 0.000000
vt 0.886417 0.339463
vt 0.322184 0.339899
vt 0.399454 0.340586
vt 0.413781 0.670316
vt 0.359692 0.669835
vt 0.975003 0.000416
vt 0.956205 0.339741
vt 0.367862 0.339899
vt 0.322184 0.000753
vt 0.363205 0.874593
vt 0.322184 0.818132
vt 0.322184 0.748343
vt 0.363205 0.691882
vt 0.429578 0.670316
vt 0.495952 0.691882
vt 0.536973 0.748343
vt 0.536973 0.818132
vt 0.495952 0.874593
vt 0.429578 0.896159
vt 0.260652 0.306415
vt 0.161092 0.338764
vt 0.161092 0.323923
vt 0.251929 0.294408
vt 0.061532 0.306415
vt 0.070255 0.294408
vt 0.000000 0.221724
vt 0.014115 0.217138
vt 0.000000 0.117040
vt 0.014115 0.121626
vt 0.061532 0.032349
vt 0.070255 0.044356
vt 0.161092 0.000000
vt 0.161092 0.014842
vt 0.260652 0.032349
vt 0.251929 0.044356
vt 0.322184 0.117040
vt 0.308069 0.121626
vt 0.322184 0.221724
vt 0.308069 0.217138
vt 0.576271 0.866013
vt 0.536973 0.811924
vt 0.536973 0.745066
vt 0.576271 0.690977
vt 0.639857 0.670316
vt 0.703442 0.690977
vt 0.742741 0.745066
vt 0.742741 0.811924
vt 0.703442 0.866013
vt 0.639857 0.886673
vt 0.917798 0.670329
vt 0.995070 0.669949
vt 0.956250 0.999734
vt 0.902160 1.000000
vt 0.649506 0.340586
vt 0.745017 0.340586
vt 0.730691 0.670316
vt 0.663833 0.670316
vt 0.494965 0.340586
vt 0.480639 0.670316
vt 0.917798 0.340279
vt 0.995070 0.339899
vt 0.956250 0.669683
vt 0.902160 0.669949
vt 0.822287 0.339899
vt 0.784780 0.669835
vt 0.572236 0.339899
vt 0.534728 0.669835
vt 0.822287 0.339899
vt 0.835302 0.669683
vt 0.822287 0.669949
vt 0.835302 0.999734
vt 0.572236 0.339899
vt 0.609743 0.669835
s 0
usemtl paper_cup
f 4692/8080/1302 4693/8081/1302 4695/8082/1302 4694/8083/1302
f 4694/8083/1303 4695/8082/1303 4697/8084/1303 4696/8085/1303
f 4696/8086/1304 4697/8087/1304 4699/8088/1304 4698/8089/1304
f 4698/8089/1305 4699/8088/1305 4701/8090/1305 4700/8091/1305
f 4700/8091/1306 4701/8090/1306 4703/8092/1306 4702/8093/1306
f 4702/8094/1307 4703/8095/1307 4705/8096/1307 4704/8097/1307
f 4704/8097/1308 4705/8096/1308 4707/8098/1308 4706/8099/1308
f 4706/8100/1309 4707/8101/1309 4709/8102/1309 4708/8103/1309
f 4713/8104/1310 4714/8105/1310 4725/8106/1310 4723/8107/1310
f 4708/8103/1311 4709/8102/1311 4711/8108/1311 4710/8109/1311
f 4710/8110/1312 4711/8111/1312 4693/8081/1312 4692/8080/1312
f 4692/8112/1313 4694/8113/1313 4696/8114/1313 4698/8115/1313 4700/8116/1313 4702/8117/1313 4704/8118/1313 4706/8119/1313 4708/8120/1313 4710/8121/1313
f 4695/8122/1314 4693/8123/1314 4713/8124/1314 4712/8125/1314
f 4693/8123/1314 4711/8126/1314 4714/8127/1314 4713/8124/1314
f 4711/8126/1314 4709/8128/1314 4715/8129/1314 4714/8127/1314
f 4709/8128/1314 4707/8130/1314 4716/8131/1314 4715/8129/1314
f 4707/8130/1314 4705/8132/1314 4717/8133/1314 4716/8131/1314
f 4705/8132/1314 4703/8134/1314 4718/8135/1314 4717/8133/1314
f 4703/8134/1314 4701/8136/1314 4719/8137/1314 4718/8135/1314
f 4701/8136/1314 4699/8138/1314 4720/8139/1314 4719/8137/1314
f 4699/8138/1314 4697/8140/1314 4721/8141/1314 4720/8139/1314
f 4697/8140/1314 4695/8122/1314 4712/8125/1314 4721/8141/1314
f 4722/8142/1314 4723/8143/1314 4725/8144/1314 4726/8145/1314 4727/8146/1314 4728/8147/1314 4729/8148/1314 4730/8149/1314 4731/8150/1314 4724/8151/1314
f 4720/8152/1315 4721/8153/1315 4724/8154/1315 4731/8155/1315
f 4717/8156/1316 4718/8157/1316 4729/8158/1316 4728/8159/1316
f 4714/8105/1317 4715/8160/1317 4726/8161/1317 4725/8106/1317
f 4712/8162/1318 4713/8163/1318 4723/8164/1318 4722/8165/1318
f 4718/8157/1319 4719/8166/1319 4730/8167/1319 4729/8158/1319
f 4715/8160/1320 4716/8168/1320 4727/8169/1320 4726/8161/1320
f 4721/8170/1321 4712/8162/1321 4722/8165/1321 4724/8171/1321
f 4719/8172/1322 4720/8152/1322 4731/8155/1322 4730/8173/1322
f 4716/8174/1323 4717/8156/1323 4728/8159/1323 4727/8175/1323
o Plane.003
v 1.403035 1.670000 -0.451758
v 1.403035 1.470000 -0.451758
v 1.403035 1.670000 -0.780884
v 1.403035 1.470000 -0.780884
v 1.359279 1.670000 -0.714210
v 1.346951 1.670000 -0.616321
v 1.359279 1.670000 -0.518432
v 1.359279 1.470000 -0.518432
v 1.346951 1.470000 -0.616321
v 1.359279 1.470000 -0.714210
vn 0.8360 -0.0000 0.5487
vn 0.8360 -0.0000 -0.5487
vn 0.9922 -0.0000 -0.1250
vn 0.9922 -0.0000 0.1250
vt 0.228451 0.809531
vt 0.228451 0.190469
vt 0.000009 0.190469
vt 0.000009 0.809531
vt 1.000009 0.809531
vt 1.000009 0.190469
vt 0.823294 0.190469
vt 0.823294 0.809531
vt 0.533160 0.190469
vt 0.533160 0.809531
s 0
usemtl plate
f 4736/8176/1324 4741/8177/1324 4735/8178/1324 4734/8179/1324
f 4732/8180/1325 4733/8181/1325 4739/8182/1325 4738/8183/1325
f 4738/8183/1326 4739/8182/1326 4740/8184/1326 4737/8185/1326
f 4737/8185/1327 4740/8184/1327 4741/8177/1327 4736/8176/1327
o Torus
v 1.600000 1.877937 -0.399254
v 1.593420 1.878250 -0.402085
v 1.590919 1.879076 -0.408687
v 1.593718 1.879993 -0.414987
v 1.600000 1.880394 -0.417528
v 1.606282 1.879993 -0.414987
v 1.609081 1.879076 -0.408687
v 1.606580 1.878250 -0.402085
v 1.600000 1.965269 -0.408444
v 1.593293 1.964145 -0.411159
v 1.590909 1.961567 -0.417382
v 1.593890 1.959217 -0.423055
v 1.600000 1.958322 -0.425216
v 1.606110 1.959217 -0.423055
v 1.609091 1.961567 -0.417382
v 1.606707 1.964145 -0.411159
v 1.600000 2.038289 -0.457235
v 1.593293 2.036212 -0.459312
v 1.590909 2.031448 -0.464076
v 1.593890 2.027107 -0.468417
v 1.600000 2.025453 -0.470071
v 1.606110 2.027107 -0.468417
v 1.609091 2.031448 -0.464076
v 1.606707 2.036212 -0.459312
v 1.600000 2.087080 -0.530255
v 1.593293 2.084365 -0.531379
v 1.590909 2.078142 -0.533957
v 1.593890 2.072469 -0.536307
v 1.600000 2.070308 -0.537202
v 1.606110 2.072469 -0.536307
v 1.609091 2.078142 -0.533957
v 1.606707 2.084365 -0.531379
v 1.600000 2.104213 -0.616388
v 1.593293 2.101274 -0.616388
v 1.590909 2.094538 -0.616388
v 1.593890 2.088398 -0.616388
v 1.600000 2.086059 -0.616388
v 1.606110 2.088398 -0.616388
v 1.609091 2.094538 -0.616388
v 1.606707 2.101274 -0.616388
v 1.600000 2.087080 -0.702521
v 1.593293 2.084365 -0.701397
v 1.590909 2.078142 -0.698819
v 1.593890 2.072469 -0.696469
v 1.600000 2.070308 -0.695574
v 1.606110 2.072469 -0.696469
v 1.609091 2.078142 -0.698819
v 1.606707 2.084365 -0.701397
v 1.600000 2.038289 -0.775541
v 1.593293 2.036212 -0.773464
v 1.590909 2.031448 -0.768700
v 1.593890 2.027107 -0.764359
v 1.600000 2.025453 -0.762705
v 1.606110 2.027107 -0.764359
v 1.609091 2.031448 -0.768700
v 1.606707 2.036212 -0.773464
v 1.600000 1.965269 -0.824332
v 1.593293 1.964145 -0.821617
v 1.590909 1.961567 -0.815394
v 1.593890 1.959217 -0.809721
v 1.600000 1.958322 -0.807560
v 1.606110 1.959217 -0.809721
v 1.609091 1.961567 -0.815394
v 1.606707 1.964145 -0.821617
v 1.600000 1.877937 -0.833522
v 1.593420 1.878250 -0.830691
v 1.590919 1.879076 -0.824089
v 1.593718 1.879993 -0.817789
v 1.600000 1.880394 -0.815248
v 1.606282 1.879993 -0.817789
v 1.609081 1.879076 -0.824089
v 1.606580 1.878250 -0.830691
v 1.608398 1.843829 -0.832786
v 1.611877 1.843829 -0.824388
v 1.608398 1.843829 -0.815989
v 1.600000 1.843829 -0.812511
v 1.591602 1.843829 -0.815989
v 1.588123 1.843829 -0.824388
v 1.591602 1.843829 -0.832786
v 1.600000 1.843829 -0.836265
v 1.608398 1.843829 -0.399989
v 1.611877 1.843829 -0.408388
v 1.608398 1.843829 -0.416786
v 1.600000 1.843829 -0.420265
v 1.591602 1.843829 -0.416786
v 1.588123 1.843829 -0.408388
v 1.591602 1.843829 -0.399989
v 1.600000 1.843829 -0.396511
vn -0.3884 0.0963 0.9164
vn -0.9355 0.0363 0.3513
vn -0.9017 -0.0437 -0.4301
vn -0.3565 -0.0928 -0.9297
vn 0.3565 -0.0928 -0.9297
vn 0.9017 -0.0437 -0.4301
vn 0.9355 0.0363 0.3513
vn 0.3884 0.0963 0.9164
vn -0.3948 0.5105 0.7639
vn -0.9406 0.1886 0.2822
vn -0.8962 -0.2465 -0.3689
vn -0.3515 -0.5201 -0.7784
vn 0.3515 -0.5201 -0.7784
vn 0.8962 -0.2465 -0.3689
vn 0.9406 0.1886 0.2822
vn 0.3948 0.5105 0.7639
vn -0.3948 0.7639 0.5104
vn -0.9406 0.2822 0.1886
vn -0.8962 -0.3689 -0.2465
vn -0.3515 -0.7784 -0.5201
vn 0.3515 -0.7784 -0.5201
vn 0.8962 -0.3689 -0.2465
vn 0.9406 0.2822 0.1886
vn 0.3948 0.7639 0.5104
vn -0.3948 0.9011 0.1792
vn -0.9406 0.3329 0.0662
vn -0.8962 -0.4351 -0.0866
vn -0.3515 -0.9182 -0.1826
vn 0.3515 -0.9182 -0.1826
vn 0.8962 -0.4351 -0.0866
vn 0.9406 0.3329 0.0662
vn 0.3948 0.9011 0.1792
vn -0.3948 0.9011 -0.1792
vn -0.9406 0.3329 -0.0662
vn -0.8962 -0.4351 0.0866
vn -0.3515 -0.9182 0.1826
vn 0.3515 -0.9182 0.1826
vn 0.8962 -0.4351 0.0866
vn 0.9406 0.3329 -0.0662
vn 0.3948 0.9011 -0.1792
vn -0.3948 0.7639 -0.5105
vn -0.9406 0.2822 -0.1886
vn -0.8962 -0.3689 0.2465
vn -0.3515 -0.7784 0.5201
vn 0.3515 -0.7784 0.5201
vn 0.8962 -0.3689 0.2465
vn 0.9406 0.2822 -0.1886
vn 0.3948 0.7639 -0.5105
vn -0.3948 0.5105 -0.7639
vn -0.9406 0.1886 -0.2822
vn -0.8962 -0.2465 0.3689
vn -0.3515 -0.5201 0.7784
vn 0.3515 -0.5201 0.7784
vn 0.8962 -0.2465 0.3689
vn 0.9406 0.1886 -0.2822
vn 0.3948 0.5105 -0.7639
vn -0.3884 0.0963 -0.9164
vn -0.9355 0.0363 -0.3513
vn -0.9017 -0.0437 0.4301
vn -0.3565 -0.0928 0.9297
vn 0.3565 -0.0928 0.9297
vn 0.9017 -0.0437 0.4301
vn 0.9355 0.0363 -0.3513
vn 0.3884 0.0963 -0.9164
vn 0.3801 0.0686 0.9224
vn -0.3801 0.0686 -0.9224
vn -0.3858 0.0752 -0.9195
vn 0.3858 0.0752 -0.9195
vn -0.3801 0.0686 0.9224
vn 0.9189 0.0714 -0.3880
vn -0.3858 0.0752 0.9195
vn 0.3858 0.0752 0.9195
vn 0.9250 0.0741 -0.3728
vn -0.9189 0.0714 -0.3880
vn -0.9189 0.0714 0.3880
vn 0.3801 0.0686 -0.9224
vn 0.9189 0.0714 0.3880
vn -0.9250 0.0741 -0.3728
vn -0.0000 -1.0000 -0.0000
vn 0.9250 0.0741 0.3728
vn -0.9250 0.0741 0.3728
vt 0.910751 0.686940
vt 0.900304 0.831760
vt 0.892007 0.828265
vt 0.902454 0.685859
vt 0.797406 0.706322
vt 0.655172 0.696972
vt 0.658777 0.685730
vt 0.795343 0.694636
vt 0.663495 0.677455
vt 0.794602 0.685477
vt 0.995641 0.689003
vt 1.000000 0.819170
vt 0.989068 0.818608
vt 0.984354 0.690566
vt 0.981279 0.821693
vt 0.976393 0.691598
vt 0.061430 0.701123
vt 0.192811 0.688312
vt 0.195919 0.698023
vt 0.059171 0.711847
vt 0.200822 0.708349
vt 0.058460 0.722769
vt 0.922641 0.688805
vt 0.912583 0.831268
vt 0.928394 0.628304
vt 0.885410 0.524061
vt 0.897358 0.521321
vt 0.939781 0.624203
vt 0.535864 0.622958
vt 0.543088 0.613960
vt 0.551104 0.607731
vt 0.978029 0.924661
vt 0.967343 0.922920
vt 0.989110 0.003414
vt 0.966374 0.090908
vt 0.955687 0.088484
vt 0.978679 0.000000
vt 0.305356 0.612839
vt 0.311767 0.620336
vt 0.320293 0.628232
vt 0.930548 0.948929
vt 0.918507 0.950977
vt 0.862148 0.387862
vt 0.874399 0.386900
vt 0.456146 0.508352
vt 0.465787 0.502830
vt 0.476006 0.499769
vt 0.975691 0.088439
vt 0.962032 0.210245
vt 0.952868 0.211352
vt 0.942028 0.210289
vt 0.380557 0.499365
vt 0.389174 0.503533
vt 0.400121 0.507777
vt 0.876844 0.521321
vt 0.853885 0.386900
vt 0.862147 0.240441
vt 0.874399 0.241404
vt 0.428153 0.370603
vt 0.438643 0.369258
vt 0.449635 0.370005
vt 0.959786 0.346828
vt 0.950647 0.346409
vt 0.939781 0.346873
vt 0.406964 0.365166
vt 0.416356 0.365396
vt 0.428153 0.365320
vt 0.853885 0.241404
vt 0.885410 0.104242
vt 0.897358 0.106982
vt 0.456146 0.230682
vt 0.465787 0.233580
vt 0.476006 0.238194
vt 0.969294 0.477396
vt 0.960049 0.475517
vt 0.949290 0.477441
vt 0.380557 0.230672
vt 0.389174 0.226956
vt 0.400121 0.222551
vt 0.876844 0.106982
vt 0.928394 0.000000
vt 0.939781 0.004101
vt 0.535865 0.109890
vt 0.543088 0.116451
vt 0.551104 0.124404
vt 0.989110 0.582070
vt 0.979643 0.579021
vt 0.969106 0.582115
vt 0.305356 0.116359
vt 0.311767 0.109289
vt 0.320293 0.101203
vt 0.325507 0.097347
vt 0.406391 0.220300
vt 0.865933 0.628304
vt 0.883579 0.762633
vt 0.871300 0.763196
vt 0.853885 0.630621
vt 0.655172 0.026617
vt 0.658777 0.035704
vt 0.663495 0.045958
vt 0.967343 0.628304
vt 0.949454 0.749572
vt 0.941509 0.751270
vt 0.959198 0.631358
vt 0.930548 0.750763
vt 0.948437 0.629495
vt 0.192811 0.039630
vt 0.195919 0.030308
vt 0.200822 0.019753
vt 0.874592 0.631699
vt 0.892007 0.764275
vt 0.873520 0.909591
vt 0.861624 0.907755
vt 0.797406 0.006329
vt 0.795343 0.016207
vt 0.794602 0.027627
vt 0.957193 0.883004
vt 0.949017 0.882493
vt 0.937756 0.884229
vt 0.061430 0.025372
vt 0.059171 0.014956
vt 0.058460 0.003728
vt 0.881940 0.908813
vt 0.956548 0.942924
vt 0.941357 0.944368
vt 0.977863 0.629493
vt 0.993075 0.628304
vt 0.869055 0.966749
vt 0.853885 0.965105
vt 0.879815 0.966455
vt 0.967343 0.942731
vt 0.000000 0.712184
vt 0.000918 0.697893
vt 0.904783 0.628304
vt 0.915386 0.630342
vt 0.930548 0.632064
vt -0.000000 0.014292
vt 0.000918 -0.000000
vt 0.853885 0.679405
vt 0.852919 0.691790
vt 0.852919 0.012385
vt 0.853885 0.027432
vt 0.967343 0.631772
vt 0.000918 0.028179
vt 0.853885 0.000000
vt 0.453399 0.706898
vt 0.463857 0.717730
vt 0.463857 0.732987
vt 0.453399 0.743733
vt 0.438610 0.743672
vt 0.428153 0.732841
vt 0.428153 0.717583
vt 0.438610 0.706837
vt 0.474314 0.743672
vt 0.463857 0.732841
vt 0.463857 0.717583
vt 0.474314 0.706837
vt 0.489103 0.706898
vt 0.499561 0.717730
vt 0.499561 0.732987
vt 0.489103 0.743733
vt 0.000918 0.726071
vt 0.853885 0.706837
s 0
usemtl canister_holder
f 4742/8186/1328 4750/8187/1328 4751/8188/1328 4743/8189/1328
f 4743/8190/1329 4751/8191/1329 4752/8192/1329 4744/8193/1329
f 4744/8193/1330 4752/8192/1330 4753/8194/1330 4745/8195/1330
f 4745/8196/1331 4753/8197/1331 4754/8198/1331 4746/8199/1331
f 4746/8199/1332 4754/8198/1332 4755/8200/1332 4747/8201/1332
f 4747/8202/1333 4755/8203/1333 4756/8204/1333 4748/8205/1333
f 4748/8205/1334 4756/8204/1334 4757/8206/1334 4749/8207/1334
f 4749/8208/1335 4757/8209/1335 4750/8187/1335 4742/8186/1335
f 4750/8210/1336 4758/8211/1336 4759/8212/1336 4751/8213/1336
f 4751/8191/1337 4759/8214/1337 4760/8215/1337 4752/8192/1337
f 4752/8192/1338 4760/8215/1338 4761/8216/1338 4753/8194/1338
f 4753/8197/1339 4761/8217/1339 4762/8218/1339 4754/8198/1339
f 4754/8219/1340 4762/8220/1340 4763/8221/1340 4755/8222/1340
f 4755/8203/1341 4763/8223/1341 4764/8224/1341 4756/8204/1341
f 4756/8204/1342 4764/8224/1342 4765/8225/1342 4757/8206/1342
f 4757/8209/1343 4765/8226/1343 4758/8227/1343 4750/8187/1343
f 4758/8211/1344 4766/8228/1344 4767/8229/1344 4759/8212/1344
f 4759/8214/1345 4767/8230/1345 4768/8231/1345 4760/8215/1345
f 4760/8215/1346 4768/8231/1346 4769/8232/1346 4761/8216/1346
f 4761/8233/1347 4769/8234/1347 4770/8235/1347 4762/8220/1347
f 4762/8220/1348 4770/8235/1348 4771/8236/1348 4763/8221/1348
f 4763/8223/1349 4771/8237/1349 4772/8238/1349 4764/8224/1349
f 4764/8224/1350 4772/8238/1350 4773/8239/1350 4765/8225/1350
f 4765/8240/1351 4773/8241/1351 4766/8228/1351 4758/8211/1351
f 4766/8228/1352 4774/8242/1352 4775/8243/1352 4767/8229/1352
f 4767/8230/1353 4775/8244/1353 4776/8245/1353 4768/8231/1353
f 4768/8231/1354 4776/8245/1354 4777/8246/1354 4769/8232/1354
f 4769/8234/1355 4777/8247/1355 4778/8248/1355 4770/8235/1355
f 4770/8235/1356 4778/8248/1356 4779/8249/1356 4771/8236/1356
f 4771/8237/1357 4779/8250/1357 4780/8251/1357 4772/8238/1357
f 4772/8238/1358 4780/8251/1358 4781/8252/1358 4773/8239/1358
f 4773/8241/1359 4781/8253/1359 4774/8242/1359 4766/8228/1359
f 4774/8242/1360 4782/8254/1360 4783/8255/1360 4775/8243/1360
f 4775/8244/1361 4783/8256/1361 4784/8257/1361 4776/8245/1361
f 4776/8245/1362 4784/8257/1362 4785/8258/1362 4777/8246/1362
f 4777/8247/1363 4785/8259/1363 4786/8260/1363 4778/8248/1363
f 4778/8248/1364 4786/8260/1364 4787/8261/1364 4779/8249/1364
f 4779/8250/1365 4787/8262/1365 4788/8263/1365 4780/8251/1365
f 4780/8251/1366 4788/8263/1366 4789/8264/1366 4781/8252/1366
f 4781/8253/1367 4789/8265/1367 4782/8254/1367 4774/8242/1367
f 4782/8254/1368 4790/8266/1368 4791/8267/1368 4783/8255/1368
f 4783/8256/1369 4791/8268/1369 4792/8269/1369 4784/8257/1369
f 4784/8257/1370 4792/8269/1370 4793/8270/1370 4785/8258/1370
f 4785/8259/1371 4793/8271/1371 4794/8272/1371 4786/8260/1371
f 4786/8260/1372 4794/8272/1372 4795/8273/1372 4787/8261/1372
f 4787/8262/1373 4795/8274/1373 4796/8275/1373 4788/8263/1373
f 4788/8263/1374 4796/8275/1374 4797/8276/1374 4789/8264/1374
f 4789/8264/1375 4797/8276/1375 4790/8277/1375 4782/8278/1375
f 4790/8279/1376 4798/8280/1376 4799/8281/1376 4791/8282/1376
f 4791/8268/1377 4799/8283/1377 4800/8284/1377 4792/8269/1377
f 4792/8269/1378 4800/8284/1378 4801/8285/1378 4793/8270/1378
f 4793/8286/1379 4801/8287/1379 4802/8288/1379 4794/8289/1379
f 4794/8289/1380 4802/8288/1380 4803/8290/1380 4795/8291/1380
f 4795/8274/1381 4803/8292/1381 4804/8293/1381 4796/8275/1381
f 4796/8275/1382 4804/8293/1382 4805/8294/1382 4797/8276/1382
f 4797/8295/1383 4805/8296/1383 4798/8280/1383 4790/8279/1383
f 4798/8280/1384 4806/8297/1384 4807/8298/1384 4799/8281/1384
f 4799/8283/1385 4807/8299/1385 4808/8300/1385 4800/8284/1385
f 4800/8284/1386 4808/8300/1386 4809/8301/1386 4801/8285/1386
f 4801/8287/1387 4809/8302/1387 4810/8303/1387 4802/8288/1387
f 4802/8288/1388 4810/8303/1388 4811/8304/1388 4803/8290/1388
f 4803/8292/1389 4811/8305/1389 4812/8306/1389 4804/8293/1389
f 4804/8293/1390 4812/8306/1390 4813/8307/1390 4805/8294/1390
f 4805/8296/1391 4813/8308/1391 4806/8297/1391 4798/8280/1391
f 4811/8304/1392 4810/8303/1392 4817/8309/1392 4816/8310/1392
f 4745/8196/1393 4746/8199/1393 4825/8311/1393 4826/8312/1393
f 4807/8298/1394 4806/8297/1394 4821/8313/1394 4820/8314/1394
f 4806/8297/1395 4813/8308/1395 4814/8315/1395 4821/8313/1395
f 4810/8303/1396 4809/8302/1396 4818/8316/1396 4817/8309/1396
f 4747/8202/1397 4748/8205/1397 4823/8317/1397 4824/8318/1397
f 4742/8186/1398 4743/8189/1398 4828/8319/1398 4829/8320/1398
f 4749/8208/1399 4742/8186/1399 4829/8320/1399 4822/8321/1399
f 4813/8307/1400 4812/8306/1400 4815/8322/1400 4814/8323/1400
f 4744/8193/1401 4745/8195/1401 4826/8324/1401 4827/8325/1401
f 4809/8301/1402 4808/8300/1402 4819/8326/1402 4818/8327/1402
f 4746/8199/1403 4747/8201/1403 4824/8328/1403 4825/8311/1403
f 4812/8306/1404 4811/8305/1404 4816/8329/1404 4815/8322/1404
f 4808/8300/1405 4807/8299/1405 4820/8330/1405 4819/8326/1405
f 4821/8331/1406 4814/8332/1406 4815/8333/1406 4816/8334/1406 4817/8335/1406 4818/8336/1406 4819/8337/1406 4820/8338/1406
f 4829/8339/1406 4828/8340/1406 4827/8341/1406 4826/8342/1406 4825/8343/1406 4824/8344/1406 4823/8345/1406 4822/8346/1406
f 4748/8205/1407 4749/8207/1407 4822/8347/1407 4823/8317/1407
f 4743/8190/1408 4744/8193/1408 4827/8325/1408 4828/8348/1408
o Cube.043
v -0.040000 -0.100000 -0.080000
v -0.040000 0.100000 -0.080000
v -0.040000 -0.100000 -0.120000
v -0.040000 0.100000 -0.120000
v 0.040000 -0.100000 -0.080000
v 0.040000 0.100000 -0.080000
v 0.040000 -0.100000 -0.120000
v 0.040000 0.100000 -0.120000
v -0.050000 0.050000 -0.080000
v -0.050000 0.050000 -0.120000
v 0.050000 0.050000 -0.120000
v 0.050000 0.050000 -0.080000
v -0.050000 -0.020000 -0.120000
v 0.050000 -0.020000 -0.120000
v 0.050000 -0.020000 -0.080000
v -0.050000 -0.020000 -0.080000
vn -0.9806 0.1961 -0.0000
vn -0.0000 -0.0000 -1.0000
vn 0.9806 0.1961 -0.0000
vn -0.0000 -0.0000 1.0000
vn -0.0000 -1.0000 -0.0000
vn -0.0000 1.0000 -0.0000
vn 1.0000 -0.0000 -0.0000
vn -1.0000 -0.0000 -0.0000
vn -0.9923 -0.1240 -0.0000
vn 0.9923 -0.1240 -0.0000
vt 0.714286 0.179385
vt 0.714286 0.000000
vt 0.857143 0.000000
vt 0.857143 0.179385
vt 0.000000 0.178572
vt 0.035714 0.000000
vt 0.321429 0.000000
vt 0.357143 0.178572
vt 0.857143 0.179385
vt 0.857143 0.000000
vt 1.000000 0.000000
vt 1.000000 0.179385
vt 0.357143 0.178572
vt 0.392857 0.000000
vt 0.678572 0.000000
vt 0.714286 0.178572
vt 0.857143 0.714076
vt 0.857143 0.999791
vt 0.714286 0.999791
vt 0.714286 0.714076
vt 1.000000 0.714076
vt 1.000000 0.999791
vt 0.857143 0.999791
vt 0.857143 0.714076
vt 0.357143 0.428572
vt 0.714286 0.428572
vt 0.857143 0.429311
vt 1.000000 0.429311
vt 0.000000 0.428572
vt 0.357143 0.428572
vt 0.714286 0.429312
vt 0.857143 0.429312
vt 0.035714 0.714286
vt 0.321429 0.714286
vt 0.857143 0.714076
vt 1.000000 0.714076
vt 0.392857 0.714286
vt 0.678572 0.714286
s 0
usemtl mokia
f 4838/8349/1409 4831/8350/1409 4833/8351/1409 4839/8352/1409
f 4839/8353/1410 4833/8354/1410 4837/8355/1410 4840/8356/1410
f 4840/8357/1411 4837/8358/1411 4835/8359/1411 4841/8360/1411
f 4841/8361/1412 4835/8362/1412 4831/8363/1412 4838/8364/1412
f 4832/8365/1413 4836/8366/1413 4834/8367/1413 4830/8368/1413
f 4837/8369/1414 4833/8370/1414 4831/8371/1414 4835/8372/1414
f 4844/8373/1412 4841/8361/1412 4838/8364/1412 4845/8374/1412
f 4843/8375/1415 4840/8357/1415 4841/8360/1415 4844/8376/1415
f 4842/8377/1410 4839/8353/1410 4840/8356/1410 4843/8378/1410
f 4845/8379/1416 4838/8349/1416 4839/8352/1416 4842/8380/1416
f 4830/8368/1417 4845/8379/1417 4842/8380/1417 4832/8365/1417
f 4832/8381/1410 4842/8377/1410 4843/8378/1410 4836/8382/1410
f 4836/8383/1418 4843/8375/1418 4844/8376/1418 4834/8384/1418
f 4834/8385/1412 4844/8373/1412 4845/8374/1412 4830/8386/1412
o Cube.001
v 1.311000 1.330000 -0.062321
v 1.311000 1.336000 -0.062321
v 1.311000 1.330000 -0.070321
v 1.311000 1.336000 -0.070321
v 1.319000 1.330000 -0.062321
v 1.319000 1.336000 -0.062321
v 1.319000 1.330000 -0.070321
v 1.319000 1.336000 -0.070321
v 1.307000 1.342000 -0.080321
v 1.307000 1.336000 -0.080321
v 1.323000 1.336000 -0.080321
v 1.323000 1.342000 -0.080321
v 1.303800 1.342000 -0.096321
v 1.303800 1.336000 -0.096321
v 1.326200 1.336000 -0.096321
v 1.326200 1.342000 -0.096321
v 1.303800 1.342000 -0.146321
v 1.303800 1.336000 -0.146321
v 1.326200 1.336000 -0.146321
v 1.326200 1.342000 -0.146321
v 1.308280 1.339598 -0.161321
v 1.308280 1.335998 -0.161321
v 1.321720 1.335998 -0.161321
v 1.321720 1.339598 -0.161321
vn -1.0000 -0.0000 -0.0000
vn -0.9285 -0.0000 0.3714
vn 1.0000 -0.0000 -0.0000
vn -0.0000 -0.0000 1.0000
vn -0.0000 -1.0000 -0.0000
vn -0.0000 1.0000 -0.0000
vn 0.9285 -0.0000 0.3714
vn -0.0000 -0.8575 -0.5145
vn -0.0000 0.8575 0.5145
vn -0.9806 -0.0000 0.1961
vn 0.9806 -0.0000 0.1961
vn -0.0000 0.9874 -0.1581
vn -0.0000 -0.0000 -1.0000
vn -0.9582 -0.0000 -0.2862
vn 0.9582 -0.0000 -0.2862
vn -0.0000 -1.0000 0.0001
vt 0.559075 1.000000
vt 0.498848 0.996030
vt 0.504132 0.915863
vt 0.564358 0.919832
vt 0.450664 0.809367
vt 0.510890 0.813336
vt 0.564359 0.919832
vt 0.624585 0.915863
vt 0.629869 0.996030
vt 0.569642 1.000000
vt 0.738410 0.215675
vt 0.678053 0.215675
vt 0.678053 0.135199
vt 0.738410 0.135199
vt 0.072428 0.916675
vt 0.152904 0.916675
vt 0.152904 0.996703
vt 0.072428 0.996703
vt 0.297760 0.915600
vt 0.378236 0.915600
vt 0.378236 0.995858
vt 0.297760 0.995858
vt 0.418474 0.810848
vt 0.257522 0.810848
vt 0.225332 0.650330
vt 0.450664 0.650330
vt 0.617827 0.813336
vt 0.678053 0.809367
vt 0.032190 0.810284
vt 0.193142 0.810284
vt 0.667363 0.647178
vt 0.607137 0.651148
vt 0.574112 0.150100
vt 0.634338 0.146130
vt 0.461354 0.647178
vt 0.521580 0.651148
vt 0.000000 0.650227
vt 0.225332 0.650227
vt 0.450664 0.148713
vt 0.225332 0.148713
vt 0.270398 0.000000
vt 0.405598 0.000000
vt 0.000000 0.150051
vt 0.225332 0.150051
vt 0.494379 0.146130
vt 0.554605 0.150100
vt 0.714267 0.135199
vt 0.678053 0.135199
vt 0.678053 0.000000
vt 0.714267 0.000000
vt 0.528223 0.000000
vt 0.564359 0.002382
vt 0.564359 0.002382
vt 0.600494 -0.000000
vt 0.045066 0.000000
vt 0.180266 0.000000
s 0
usemtl tap.001
f 4846/8387/1419 4847/8388/1419 4849/8389/1419 4848/8390/1419
f 4848/8390/1420 4849/8389/1420 4854/8391/1420 4855/8392/1420
f 4852/8393/1421 4853/8394/1421 4851/8395/1421 4850/8396/1421
f 4850/8397/1422 4851/8398/1422 4847/8399/1422 4846/8400/1422
f 4848/8401/1423 4852/8402/1423 4850/8403/1423 4846/8404/1423
f 4853/8405/1424 4849/8406/1424 4847/8407/1424 4851/8408/1424
f 4854/8409/1424 4857/8410/1424 4861/8411/1424 4858/8412/1424
f 4853/8394/1425 4852/8393/1425 4856/8413/1425 4857/8414/1425
f 4852/8402/1426 4848/8401/1426 4855/8415/1426 4856/8416/1426
f 4849/8406/1427 4853/8405/1427 4857/8410/1427 4854/8409/1427
f 4861/8417/1421 4860/8418/1421 4864/8419/1421 4865/8420/1421
f 4855/8392/1428 4854/8391/1428 4858/8421/1428 4859/8422/1428
f 4857/8414/1429 4856/8413/1429 4860/8418/1429 4861/8417/1429
f 4856/8416/1423 4855/8415/1423 4859/8423/1423 4860/8424/1423
f 4862/8425/1430 4865/8426/1430 4869/8427/1430 4866/8428/1430
f 4860/8424/1423 4859/8423/1423 4863/8429/1423 4864/8430/1423
f 4858/8412/1424 4861/8411/1424 4865/8426/1424 4862/8425/1424
f 4859/8422/1419 4858/8421/1419 4862/8431/1419 4863/8432/1419
f 4867/8433/1431 4866/8434/1431 4869/8435/1431 4868/8436/1431
f 4863/8432/1432 4862/8431/1432 4866/8437/1432 4867/8438/1432
f 4865/8420/1433 4864/8419/1433 4868/8439/1433 4869/8440/1433
f 4864/8430/1434 4863/8429/1434 4867/8441/1434 4868/8442/1434
o Cube.004
v 1.311000 1.330000 0.477679
v 1.311000 1.336000 0.477679
v 1.311000 1.330000 0.469679
v 1.311000 1.336000 0.469679
v 1.319000 1.330000 0.477679
v 1.319000 1.336000 0.477679
v 1.319000 1.330000 0.469679
v 1.319000 1.336000 0.469679
v 1.307000 1.342000 0.459679
v 1.307000 1.336000 0.459679
v 1.323000 1.336000 0.459679
v 1.323000 1.342000 0.459679
v 1.303800 1.342000 0.443679
v 1.303800 1.336000 0.443679
v 1.326200 1.336000 0.443679
v 1.326200 1.342000 0.443679
v 1.303800 1.342000 0.393679
v 1.303800 1.336000 0.393679
v 1.326200 1.336000 0.393679
v 1.326200 1.342000 0.393679
v 1.308280 1.339598 0.378679
v 1.308280 1.335998 0.378679
v 1.321720 1.335998 0.378679
v 1.321720 1.339598 0.378679
vn -1.0000 -0.0000 -0.0000
vn -0.9285 -0.0000 0.3714
vn 1.0000 -0.0000 -0.0000
vn -0.0000 -0.0000 1.0000
vn -0.0000 -1.0000 -0.0000
vn -0.0000 1.0000 -0.0000
vn 0.9285 -0.0000 0.3714
vn -0.0000 -0.8575 -0.5145
vn -0.0000 0.8575 0.5145
vn -0.9806 -0.0000 0.1961
vn 0.9806 -0.0000 0.1961
vn -0.0000 0.9874 -0.1581
vn -0.0000 -0.0000 -1.0000
vn -0.9582 -0.0000 -0.2862
vn 0.9582 -0.0000 -0.2862
vn -0.0000 -1.0000 0.0001
vt 0.559075 1.000000
vt 0.498848 0.996030
vt 0.504132 0.915863
vt 0.564358 0.919832
vt 0.450664 0.809367
vt 0.510890 0.813336
vt 0.564359 0.919832
vt 0.624585 0.915863
vt 0.629869 0.996030
vt 0.569642 1.000000
vt 0.738410 0.215675
vt 0.678053 0.215675
vt 0.678053 0.135199
vt 0.738410 0.135199
vt 0.072428 0.916675
vt 0.152904 0.916675
vt 0.152904 0.996703
vt 0.072428 0.996703
vt 0.297760 0.915600
vt 0.378236 0.915600
vt 0.378236 0.995858
vt 0.297760 0.995858
vt 0.418474 0.810848
vt 0.257522 0.810848
vt 0.225332 0.650330
vt 0.450664 0.650330
vt 0.617827 0.813336
vt 0.678053 0.809367
vt 0.032190 0.810284
vt 0.193142 0.810284
vt 0.667363 0.647178
vt 0.607137 0.651148
vt 0.574112 0.150100
vt 0.634338 0.146130
vt 0.461354 0.647178
vt 0.521580 0.651148
vt 0.000000 0.650227
vt 0.225332 0.650227
vt 0.450664 0.148713
vt 0.225332 0.148713
vt 0.270398 0.000000
vt 0.405598 0.000000
vt 0.000000 0.150051
vt 0.225332 0.150051
vt 0.494379 0.146130
vt 0.554605 0.150100
vt 0.714267 0.135199
vt 0.678053 0.135199
vt 0.678053 0.000000
vt 0.714267 0.000000
vt 0.528223 0.000000
vt 0.564359 0.002382
vt 0.564359 0.002382
vt 0.600494 -0.000000
vt 0.045066 0.000000
vt 0.180266 0.000000
s 0
usemtl tap.002
f 4870/8443/1435 4871/8444/1435 4873/8445/1435 4872/8446/1435
f 4872/8446/1436 4873/8445/1436 4878/8447/1436 4879/8448/1436
f 4876/8449/1437 4877/8450/1437 4875/8451/1437 4874/8452/1437
f 4874/8453/1438 4875/8454/1438 4871/8455/1438 4870/8456/1438
f 4872/8457/1439 4876/8458/1439 4874/8459/1439 4870/8460/1439
f 4877/8461/1440 4873/8462/1440 4871/8463/1440 4875/8464/1440
f 4878/8465/1440 4881/8466/1440 4885/8467/1440 4882/8468/1440
f 4877/8450/1441 4876/8449/1441 4880/8469/1441 4881/8470/1441
f 4876/8458/1442 4872/8457/1442 4879/8471/1442 4880/8472/1442
f 4873/8462/1443 4877/8461/1443 4881/8466/1443 4878/8465/1443
f 4885/8473/1437 4884/8474/1437 4888/8475/1437 4889/8476/1437
f 4879/8448/1444 4878/8447/1444 4882/8477/1444 4883/8478/1444
f 4881/8470/1445 4880/8469/1445 4884/8474/1445 4885/8473/1445
f 4880/8472/1439 4879/8471/1439 4883/8479/1439 4884/8480/1439
f 4886/8481/1446 4889/8482/1446 4893/8483/1446 4890/8484/1446
f 4884/8480/1439 4883/8479/1439 4887/8485/1439 4888/8486/1439
f 4882/8468/1440 4885/8467/1440 4889/8482/1440 4886/8481/1440
f 4883/8478/1435 4882/8477/1435 4886/8487/1435 4887/8488/1435
f 4891/8489/1447 4890/8490/1447 4893/8491/1447 4892/8492/1447
f 4887/8488/1448 4886/8487/1448 4890/8493/1448 4891/8494/1448
f 4889/8476/1449 4888/8475/1449 4892/8495/1449 4893/8496/1449
f 4888/8486/1450 4887/8485/1450 4891/8497/1450 4892/8498/1450
o Cube.008
v 1.311000 1.330000 1.017679
v 1.311000 1.336000 1.017679
v 1.311000 1.330000 1.009679
v 1.311000 1.336000 1.009679
v 1.319000 1.330000 1.017679
v 1.319000 1.336000 1.017679
v 1.319000 1.330000 1.009679
v 1.319000 1.336000 1.009679
v 1.307000 1.342000 0.999679
v 1.307000 1.336000 0.999679
v 1.323000 1.336000 0.999679
v 1.323000 1.342000 0.999679
v 1.303800 1.342000 0.983679
v 1.303800 1.336000 0.983679
v 1.326200 1.336000 0.983679
v 1.326200 1.342000 0.983679
v 1.303800 1.342000 0.933679
v 1.303800 1.336000 0.933679
v 1.326200 1.336000 0.933679
v 1.326200 1.342000 0.933679
v 1.308280 1.339598 0.918679
v 1.308280 1.335998 0.918679
v 1.321720 1.335998 0.918679
v 1.321720 1.339598 0.918679
vn -1.0000 -0.0000 -0.0000
vn -0.9285 -0.0000 0.3714
vn 1.0000 -0.0000 -0.0000
vn -0.0000 -0.0000 1.0000
vn -0.0000 -1.0000 -0.0000
vn -0.0000 1.0000 -0.0000
vn 0.9285 -0.0000 0.3714
vn -0.0000 -0.8575 -0.5145
vn -0.0000 0.8575 0.5145
vn -0.9806 -0.0000 0.1961
vn 0.9806 -0.0000 0.1961
vn -0.0000 0.9874 -0.1581
vn -0.0000 -0.0000 -1.0000
vn -0.9582 -0.0000 -0.2862
vn 0.9582 -0.0000 -0.2862
vn -0.0000 -1.0000 0.0001
vt 0.559075 1.000000
vt 0.498848 0.996030
vt 0.504132 0.915863
vt 0.564358 0.919832
vt 0.450664 0.809367
vt 0.510890 0.813336
vt 0.564359 0.919832
vt 0.624585 0.915863
vt 0.629869 0.996030
vt 0.569642 1.000000
vt 0.738410 0.215675
vt 0.678053 0.215675
vt 0.678053 0.135199
vt 0.738410 0.135199
vt 0.072428 0.916675
vt 0.152904 0.916675
vt 0.152904 0.996703
vt 0.072428 0.996703
vt 0.297760 0.915600
vt 0.378236 0.915600
vt 0.378236 0.995858
vt 0.297760 0.995858
vt 0.418474 0.810848
vt 0.257522 0.810848
vt 0.225332 0.650330
vt 0.450664 0.650330
vt 0.617827 0.813336
vt 0.678053 0.809367
vt 0.032190 0.810284
vt 0.193142 0.810284
vt 0.667363 0.647178
vt 0.607137 0.651148
vt 0.574112 0.150100
vt 0.634338 0.146130
vt 0.461354 0.647178
vt 0.521580 0.651148
vt 0.000000 0.650227
vt 0.225332 0.650227
vt 0.450664 0.148713
vt 0.225332 0.148713
vt 0.270398 0.000000
vt 0.405598 0.000000
vt 0.000000 0.150051
vt 0.225332 0.150051
vt 0.494379 0.146130
vt 0.554605 0.150100
vt 0.714267 0.135199
vt 0.678053 0.135199
vt 0.678053 0.000000
vt 0.714267 0.000000
vt 0.528223 0.000000
vt 0.564359 0.002382
vt 0.564359 0.002382
vt 0.600494 -0.000000
vt 0.045066 0.000000
vt 0.180266 0.000000
s 0
usemtl tap.003
f 4894/8499/1451 4895/8500/1451 4897/8501/1451 4896/8502/1451
f 4896/8502/1452 4897/8501/1452 4902/8503/1452 4903/8504/1452
f 4900/8505/1453 4901/8506/1453 4899/8507/1453 4898/8508/1453
f 4898/8509/1454 4899/8510/1454 4895/8511/1454 4894/8512/1454
f 4896/8513/1455 4900/8514/1455 4898/8515/1455 4894/8516/1455
f 4901/8517/1456 4897/8518/1456 4895/8519/1456 4899/8520/1456
f 4902/8521/1456 4905/8522/1456 4909/8523/1456 4906/8524/1456
f 4901/8506/1457 4900/8505/1457 4904/8525/1457 4905/8526/1457
f 4900/8514/1458 4896/8513/1458 4903/8527/1458 4904/8528/1458
f 4897/8518/1459 4901/8517/1459 4905/8522/1459 4902/8521/1459
f 4909/8529/1453 4908/8530/1453 4912/8531/1453 4913/8532/1453
f 4903/8504/1460 4902/8503/1460 4906/8533/1460 4907/8534/1460
f 4905/8526/1461 4904/8525/1461 4908/8530/1461 4909/8529/1461
f 4904/8528/1455 4903/8527/1455 4907/8535/1455 4908/8536/1455
f 4910/8537/1462 4913/8538/1462 4917/8539/1462 4914/8540/1462
f 4908/8536/1455 4907/8535/1455 4911/8541/1455 4912/8542/1455
f 4906/8524/1456 4909/8523/1456 4913/8538/1456 4910/8537/1456
f 4907/8534/1451 4906/8533/1451 4910/8543/1451 4911/8544/1451
f 4915/8545/1463 4914/8546/1463 4917/8547/1463 4916/8548/1463
f 4911/8544/1464 4910/8543/1464 4914/8549/1464 4915/8550/1464
f 4913/8532/1465 4912/8531/1465 4916/8551/1465 4917/8552/1465
f 4912/8542/1466 4911/8541/1466 4915/8553/1466 4916/8554/1466
o Cylinder.018
v 1.600000 1.100964 -0.316321
v 1.600000 1.850964 -0.316321
v 1.695671 1.100964 -0.297291
v 1.695671 1.850964 -0.297291
v 1.776777 1.100964 -0.243098
v 1.776777 1.850964 -0.243098
v 1.830970 1.100964 -0.161992
v 1.830970 1.850964 -0.161992
v 1.850000 1.100964 -0.066321
v 1.850000 1.850964 -0.066321
v 1.830970 1.100964 0.029350
v 1.830970 1.850964 0.029350
v 1.776777 1.100964 0.110456
v 1.776777 1.850964 0.110456
v 1.695671 1.100964 0.164649
v 1.695671 1.850964 0.164649
v 1.600000 1.100964 0.183679
v 1.600000 1.850964 0.183679
v 1.504329 1.100964 0.164649
v 1.504329 1.850964 0.164649
v 1.423223 1.100964 0.110456
v 1.423223 1.850964 0.110456
v 1.369030 1.100964 0.029350
v 1.369030 1.850964 0.029350
v 1.350000 1.100964 -0.066321
v 1.350000 1.850964 -0.066321
v 1.369030 1.100964 -0.161992
v 1.369030 1.850964 -0.161992
v 1.423223 1.100964 -0.243098
v 1.423223 1.850964 -0.243098
v 1.504329 1.100964 -0.297291
v 1.504329 1.850964 -0.297291
v 1.676162 1.850964 -0.250192
v 1.600000 1.850964 -0.265342
v 1.523838 1.850964 -0.250192
v 1.459271 1.850964 -0.207050
v 1.416129 1.850964 -0.142483
v 1.400980 1.850964 -0.066321
v 1.416129 1.850964 0.009841
v 1.459271 1.850964 0.074408
v 1.523838 1.850964 0.117550
v 1.600000 1.850964 0.132699
v 1.676162 1.850964 0.117550
v 1.740729 1.850964 0.074408
v 1.783871 1.850964 0.009841
v 1.799021 1.850964 -0.066321
v 1.783871 1.850964 -0.142483
v 1.740729 1.850964 -0.207050
v 1.676162 1.870964 -0.250192
v 1.600000 1.870964 -0.265342
v 1.740729 1.870964 -0.207050
v 1.523838 1.870964 -0.250192
v 1.459271 1.870964 -0.207050
v 1.416129 1.870964 -0.142483
v 1.400980 1.870964 -0.066321
v 1.416129 1.870964 0.009841
v 1.459271 1.870964 0.074408
v 1.523838 1.870964 0.117550
v 1.600000 1.870964 0.132699
v 1.676162 1.870964 0.117550
v 1.740729 1.870964 0.074408
v 1.783871 1.870964 0.009841
v 1.799021 1.870964 -0.066321
v 1.783871 1.870964 -0.142483
v 1.245000 1.240000 -0.081321
v 1.245000 1.265000 -0.081321
v 1.255607 1.240000 -0.076928
v 1.255607 1.265000 -0.076928
v 1.260000 1.240000 -0.066321
v 1.260000 1.265000 -0.066321
v 1.255607 1.240000 -0.055715
v 1.255607 1.265000 -0.055715
v 1.245000 1.240000 -0.051321
v 1.245000 1.265000 -0.051321
v 1.234393 1.240000 -0.055715
v 1.234393 1.265000 -0.055715
v 1.230000 1.240000 -0.066321
v 1.230000 1.265000 -0.066321
v 1.234393 1.240000 -0.076928
v 1.234393 1.265000 -0.076928
v 1.315000 1.310000 -0.076821
v 1.315000 1.340000 -0.073821
v 1.322425 1.310000 -0.073746
v 1.320303 1.340000 -0.071624
v 1.325500 1.310000 -0.066321
v 1.322500 1.340000 -0.066321
v 1.322425 1.310000 -0.058897
v 1.320303 1.340000 -0.061018
v 1.315000 1.310000 -0.055821
v 1.315000 1.340000 -0.058821
v 1.307575 1.310000 -0.058897
v 1.309697 1.340000 -0.061018
v 1.304500 1.310000 -0.066321
v 1.307500 1.340000 -0.066321
v 1.307575 1.310000 -0.073746
v 1.309697 1.340000 -0.071624
v 1.370000 1.300000 -0.081321
v 1.280000 1.300000 -0.081321
v 1.370000 1.310607 -0.076928
v 1.280000 1.310607 -0.076928
v 1.370000 1.315000 -0.066321
v 1.280000 1.315000 -0.066321
v 1.370000 1.310607 -0.055715
v 1.280000 1.310607 -0.055715
v 1.370000 1.300000 -0.051321
v 1.280000 1.300000 -0.051321
v 1.370000 1.289393 -0.055715
v 1.280000 1.289393 -0.055715
v 1.370000 1.285000 -0.066321
v 1.280000 1.285000 -0.066321
v 1.370000 1.289393 -0.076928
v 1.280000 1.289393 -0.076928
v 1.245828 1.284390 -0.081321
v 1.250126 1.294874 -0.081321
v 1.260610 1.299172 -0.081321
v 1.235468 1.286662 -0.076928
v 1.242626 1.302374 -0.076928
v 1.258338 1.309532 -0.076928
v 1.231176 1.287602 -0.066321
v 1.239519 1.305481 -0.066321
v 1.257398 1.313824 -0.066321
v 1.235468 1.286662 -0.055715
v 1.242626 1.302374 -0.055715
v 1.258338 1.309532 -0.055715
v 1.245828 1.284390 -0.051321
v 1.250126 1.294874 -0.051321
v 1.260610 1.299172 -0.051321
v 1.256189 1.282118 -0.055715
v 1.257626 1.287374 -0.055715
v 1.262882 1.288811 -0.055715
v 1.260480 1.281177 -0.066321
v 1.260732 1.284268 -0.066321
v 1.263823 1.284520 -0.066321
v 1.262882 1.288811 -0.076928
v 1.257626 1.287374 -0.076928
v 1.256189 1.282118 -0.076928
vn 0.1951 -0.0000 -0.9808
vn 0.5556 -0.0000 -0.8315
vn 0.8315 -0.0000 -0.5556
vn 0.9808 -0.0000 -0.1951
vn 0.9808 -0.0000 0.1951
vn 0.8315 -0.0000 0.5556
vn 0.5556 -0.0000 0.8315
vn 0.1951 -0.0000 0.9808
vn -0.1951 -0.0000 0.9808
vn -0.5556 -0.0000 0.8315
vn -0.8315 -0.0000 0.5556
vn -0.9808 -0.0000 0.1951
vn -0.9808 -0.0000 -0.1951
vn -0.8315 -0.0000 -0.5556
vn -0.1951 -0.0000 -0.9808
vn -0.5556 -0.0000 -0.8315
vn -0.0000 -1.0000 -0.0000
vn -0.0000 1.0000 -0.0000
vn 0.3827 -0.0000 -0.9239
vn 0.9239 -0.0000 -0.3827
vn 0.9239 -0.0000 0.3827
vn 0.3827 -0.0000 0.9239
vn -0.3827 -0.0000 0.9239
vn -0.9239 -0.0000 0.3827
vn -0.9239 -0.0000 -0.3827
vn -0.3827 -0.0000 -0.9239
vn 0.3811 0.0920 -0.9200
vn 0.9200 0.0920 -0.3811
vn 0.9200 0.0920 0.3811
vn 0.3811 0.0920 0.9200
vn -0.3811 0.0920 0.9200
vn -0.9200 0.0920 0.3811
vn -0.9200 0.0920 -0.3811
vn -0.3811 0.0920 -0.9200
vn -0.0000 0.3827 -0.9239
vn -0.0000 0.9239 -0.3827
vn -0.0000 0.9239 0.3827
vn -0.0000 0.3827 0.9239
vn -0.0000 -0.3827 0.9239
vn -0.0000 -0.9239 0.3827
vn -0.0000 -0.9239 -0.3827
vn -0.0000 -0.3827 -0.9239
vn 1.0000 -0.0000 -0.0000
vn 0.0295 -0.9246 -0.3798
vn 0.0295 -0.9246 0.3798
vn 0.0149 -0.3851 0.9228
vn -0.0178 0.3848 0.9228
vn -0.0470 0.9237 0.3802
vn -0.0470 0.9237 -0.3802
vn -0.0178 0.3848 -0.9228
vn 0.0149 -0.3851 -0.9228
vn -0.1593 0.3643 -0.9176
vn -0.3643 0.1593 -0.9176
vn -0.3848 0.0178 -0.9228
vn -0.3895 0.8440 -0.3687
vn -0.8440 0.3895 -0.3687
vn -0.9237 0.0470 -0.3802
vn -0.3895 0.8440 0.3687
vn -0.8440 0.3895 0.3687
vn -0.9237 0.0470 0.3802
vn -0.1593 0.3643 0.9176
vn -0.3643 0.1593 0.9176
vn -0.3848 0.0178 0.9228
vn 0.1370 -0.3759 0.9165
vn 0.3759 -0.1370 0.9165
vn 0.3851 -0.0149 0.9228
vn 0.1854 -0.9163 0.3549
vn 0.9163 -0.1854 0.3549
vn 0.9246 -0.0295 0.3798
vn 0.1854 -0.9163 -0.3549
vn 0.9163 -0.1854 -0.3549
vn 0.9246 -0.0295 -0.3798
vn 0.1370 -0.3759 -0.9165
vn 0.3759 -0.1370 -0.9165
vn 0.3851 -0.0149 -0.9228
vt 0.654985 0.533034
vt 0.654985 0.000000
vt 0.724311 0.000000
vt 0.724311 0.533034
vt 0.788361 0.000000
vt 0.788361 0.533034
vt 0.852410 0.000000
vt 0.852410 0.533034
vt 0.921736 0.000000
vt 0.921736 0.533034
vt 0.985786 0.000000
vt 0.985786 0.533034
vt 0.295468 0.533034
vt 0.295468 0.000000
vt 0.344489 0.000000
vt 0.344489 0.533034
vt 0.408538 0.000000
vt 0.408538 0.533034
vt 0.477865 0.000000
vt 0.477865 0.533034
vt 0.541914 0.000000
vt 0.541914 0.533034
vt 0.000000 0.533034
vt 0.000000 0.000000
vt 0.049021 0.000000
vt 0.049021 0.533034
vt 0.113071 0.000000
vt 0.113071 0.533034
vt 0.182397 0.000000
vt 0.182397 0.533034
vt 0.246446 0.000000
vt 0.246446 0.533034
vt 1.000000 0.106178
vt 1.000000 0.157167
vt 0.985786 0.157167
vt 0.985786 0.106178
vt 0.590935 0.000000
vt 0.590935 0.533034
vt -0.000000 0.741961
vt -0.000000 0.672635
vt 0.026530 0.608585
vt 0.075551 0.559564
vt 0.139601 0.533034
vt 0.208927 0.533034
vt 0.272976 0.559564
vt 0.321998 0.608585
vt 0.348528 0.672635
vt 0.348528 0.741961
vt 0.321998 0.806010
vt 0.272977 0.855032
vt 0.208927 0.881562
vt 0.139601 0.881562
vt 0.075551 0.855032
vt 0.026530 0.806010
vt 0.375058 0.806010
vt 0.348528 0.741961
vt 0.384063 0.734893
vt 0.405184 0.785881
vt 0.348528 0.672635
vt 0.384063 0.679703
vt 0.375058 0.608585
vt 0.405184 0.628715
vt 0.424079 0.559564
vt 0.444208 0.589690
vt 0.488128 0.533034
vt 0.495197 0.568570
vt 0.557455 0.533034
vt 0.550387 0.568570
vt 0.621504 0.559564
vt 0.601375 0.589690
vt 0.670526 0.608585
vt 0.640400 0.628715
vt 0.697056 0.672635
vt 0.661520 0.679703
vt 0.697056 0.741961
vt 0.661520 0.734893
vt 0.670526 0.806010
vt 0.640400 0.785881
vt 0.621504 0.855032
vt 0.601375 0.824906
vt 0.557455 0.881562
vt 0.550387 0.846026
vt 0.488128 0.881562
vt 0.495197 0.846026
vt 0.424079 0.855032
vt 0.444208 0.824906
vt 0.718176 0.750346
vt 0.697056 0.699357
vt 0.697056 0.644167
vt 0.718176 0.593179
vt 0.757201 0.554154
vt 0.808189 0.533034
vt 0.863379 0.533034
vt 0.914367 0.554154
vt 0.953392 0.593179
vt 0.974512 0.644167
vt 0.974512 0.699357
vt 0.953392 0.750346
vt 0.914367 0.789370
vt 0.863379 0.810491
vt 0.808189 0.810491
vt 0.757201 0.789370
vt 0.988727 0.819239
vt 0.988727 0.874428
vt 0.974512 0.874428
vt 0.974512 0.819239
vt 1.000000 0.196191
vt 0.985786 0.196191
vt 0.988726 0.925417
vt 0.974512 0.925417
vt 0.988727 0.533034
vt 0.988727 0.572059
vt 0.974512 0.572059
vt 0.974512 0.533034
vt 0.988726 0.964442
vt 0.974512 0.964442
vt 0.988727 0.623047
vt 0.974512 0.623047
vt 0.711270 0.810491
vt 0.711270 0.861479
vt 0.697056 0.861479
vt 0.697056 0.810491
vt 0.988727 0.678237
vt 0.974512 0.678237
vt 0.711270 0.916669
vt 0.697056 0.916669
vt 0.988727 0.729225
vt 0.974512 0.729225
vt 1.000000 0.050989
vt 0.985786 0.050989
vt 0.711270 0.967657
vt 0.697056 0.967657
vt 0.988727 0.768250
vt 0.974512 0.768250
vt 1.000000 0.000000
vt 0.985786 0.000000
vt 0.988727 0.768250
vt 0.974512 0.768250
vt 0.018838 0.053661
vt 0.143969 0.108265
vt 0.125130 0.162383
vt 0.000000 0.107779
vt 0.800554 0.722112
vt 0.800554 0.860317
vt 0.741894 0.861030
vt 0.741894 0.722825
vt 0.683233 0.860317
vt 0.683233 0.722112
vt 0.683233 0.107734
vt 0.558471 0.162475
vt 0.531137 0.108677
vt 0.655900 0.053936
vt 0.512760 0.054742
vt 0.637522 -0.000000
vt 0.919608 0.624296
vt 0.912681 0.761143
vt 0.849268 0.757967
vt 0.856194 0.621120
vt 0.804300 0.761726
vt 0.811227 0.624880
vt 0.045846 0.000000
vt 0.170976 0.054604
vt 0.261471 0.843197
vt 0.306306 0.888032
vt 0.306306 0.951510
vt 0.261471 0.996448
vt 0.198065 0.996521
vt 0.153231 0.951686
vt 0.153231 0.888208
vt 0.198065 0.843270
vt 0.957897 0.000000
vt 0.957324 0.166451
vt 0.928737 0.168375
vt 0.917875 0.002694
vt 1.000000 0.168375
vt 0.988268 0.333876
vt 0.958938 0.334233
vt 0.958938 0.168874
vt 0.929607 0.333876
vt 0.917875 0.168375
vt 0.917875 0.497784
vt 0.926770 0.336307
vt 0.956870 0.334233
vt 0.960016 0.494880
vt 0.985285 0.336307
vt 0.999796 0.497784
vt 0.995476 0.623582
vt 0.979885 0.789450
vt 0.948188 0.787691
vt 0.951099 0.621120
vt 0.503039 0.919838
vt 0.471543 0.920044
vt 0.449272 0.897772
vt 0.449272 0.866068
vt 0.471543 0.843504
vt 0.503039 0.843297
vt 0.525311 0.865570
vt 0.525311 0.897274
vt 0.925694 0.789450
vt 0.919608 0.623582
vt 0.999862 0.002694
vt 0.987300 0.168375
vt 0.417887 0.843297
vt 0.449272 0.874682
vt 0.449272 0.919116
vt 0.417887 0.950573
vt 0.373503 0.950624
vt 0.342119 0.919240
vt 0.342119 0.874805
vt 0.373503 0.843348
vt 0.049004 0.819803
vt 0.243510 0.362535
vt 0.300683 0.385930
vt 0.106177 0.843197
vt 0.683233 0.718820
vt 0.683233 0.225659
vt 0.741894 0.228951
vt 0.741894 0.722112
vt 0.800554 0.225659
vt 0.800554 0.718820
vt 0.577369 0.843297
vt 0.383434 0.386222
vt 0.431888 0.363067
vt 0.625823 0.820142
vt 0.489298 0.339773
vt 0.683233 0.796848
vt 0.800554 0.621120
vt 0.800554 0.124178
vt 0.859215 0.122793
vt 0.859215 0.619735
vt 0.917875 0.124178
vt 0.917875 0.621120
vt -0.000000 0.796865
vt 0.194506 0.339597
vt 0.108351 0.843197
vt 0.153231 0.888077
vt 0.153231 0.951567
vt 0.108351 0.996475
vt 0.044880 0.996494
vt 0.000000 0.951614
vt 0.000000 0.888124
vt 0.044880 0.843217
vt 0.859215 0.033317
vt 0.917875 0.029474
vt 0.800554 0.029474
vt 0.394241 0.262779
vt 0.455317 0.251561
vt 0.342119 0.273859
vt 0.741894 0.104218
vt 0.800554 0.106158
vt 0.683233 0.106158
vt 0.281269 0.262211
vt 0.342119 0.273527
vt 0.228588 0.251352
vt 0.282419 0.199556
vt 0.340251 0.178060
vt 0.239229 0.154824
vt 0.277074 0.107374
vt 0.683233 0.014695
vt 0.741894 -0.000000
vt 0.858035 0.987068
vt 0.811227 0.972807
vt 0.800554 0.881147
vt 0.845475 0.882618
vt 0.800554 0.014695
vt 0.919608 0.972224
vt 0.908935 0.880563
vt 0.343982 0.178387
vt 0.393094 0.200123
vt 0.406973 0.107630
vt 0.436157 0.155342
vt 0.451162 0.221721
vt 0.474296 0.202915
vt 0.800554 0.000000
vt 0.859215 0.016174
vt 0.741894 0.967665
vt 0.683233 0.984334
vt 0.683233 0.955044
vt 0.741894 0.950540
vt 0.917875 -0.000000
vt 0.800554 0.984334
vt 0.800554 0.955044
vt 0.232755 0.221509
vt 0.209553 0.202730
s 0
usemtl canister.001
f 4918/8555/1467 4919/8556/1467 4921/8557/1467 4920/8558/1467
f 4920/8558/1468 4921/8557/1468 4923/8559/1468 4922/8560/1468
f 4922/8560/1469 4923/8559/1469 4925/8561/1469 4924/8562/1469
f 4924/8562/1470 4925/8561/1470 4927/8563/1470 4926/8564/1470
f 4926/8564/1471 4927/8563/1471 4929/8565/1471 4928/8566/1471
f 4928/8567/1472 4929/8568/1472 4931/8569/1472 4930/8570/1472
f 4930/8570/1473 4931/8569/1473 4933/8571/1473 4932/8572/1473
f 4932/8572/1474 4933/8571/1474 4935/8573/1474 4934/8574/1474
f 4934/8574/1475 4935/8573/1475 4937/8575/1475 4936/8576/1475
f 4936/8577/1476 4937/8578/1476 4939/8579/1476 4938/8580/1476
f 4938/8580/1477 4939/8579/1477 4941/8581/1477 4940/8582/1477
f 4940/8582/1478 4941/8581/1478 4943/8583/1478 4942/8584/1478
f 4942/8584/1479 4943/8583/1479 4945/8585/1479 4944/8586/1479
f 4944/8586/1480 4945/8585/1480 4947/8568/1480 4946/8567/1480
f 4951/8587/1481 4952/8588/1481 4969/8589/1481 4967/8590/1481
f 4946/8576/1482 4947/8575/1482 4949/8591/1482 4948/8592/1482
f 4948/8592/1481 4949/8591/1481 4919/8556/1481 4918/8555/1481
f 4918/8593/1483 4920/8594/1483 4922/8595/1483 4924/8596/1483 4926/8597/1483 4928/8598/1483 4930/8599/1483 4932/8600/1483 4934/8601/1483 4936/8602/1483 4938/8603/1483 4940/8604/1483 4942/8605/1483 4944/8606/1483 4946/8607/1483 4948/8608/1483
f 4921/8609/1484 4919/8610/1484 4951/8611/1484 4950/8612/1484
f 4919/8610/1484 4949/8613/1484 4952/8614/1484 4951/8611/1484
f 4949/8613/1484 4947/8615/1484 4953/8616/1484 4952/8614/1484
f 4947/8615/1484 4945/8617/1484 4954/8618/1484 4953/8616/1484
f 4945/8617/1484 4943/8619/1484 4955/8620/1484 4954/8618/1484
f 4943/8619/1484 4941/8621/1484 4956/8622/1484 4955/8620/1484
f 4941/8621/1484 4939/8623/1484 4957/8624/1484 4956/8622/1484
f 4939/8623/1484 4937/8625/1484 4958/8626/1484 4957/8624/1484
f 4937/8625/1484 4935/8627/1484 4959/8628/1484 4958/8626/1484
f 4935/8627/1484 4933/8629/1484 4960/8630/1484 4959/8628/1484
f 4933/8629/1484 4931/8631/1484 4961/8632/1484 4960/8630/1484
f 4931/8631/1484 4929/8633/1484 4962/8634/1484 4961/8632/1484
f 4929/8633/1484 4927/8635/1484 4963/8636/1484 4962/8634/1484
f 4927/8635/1484 4925/8637/1484 4964/8638/1484 4963/8636/1484
f 4925/8637/1484 4923/8639/1484 4965/8640/1484 4964/8638/1484
f 4923/8639/1484 4921/8609/1484 4950/8612/1484 4965/8640/1484
f 4966/8641/1484 4967/8642/1484 4969/8643/1484 4970/8644/1484 4971/8645/1484 4972/8646/1484 4973/8647/1484 4974/8648/1484 4975/8649/1484 4976/8650/1484 4977/8651/1484 4978/8652/1484 4979/8653/1484 4980/8654/1484 4981/8655/1484 4968/8656/1484
f 4959/8657/1474 4960/8658/1474 4977/8659/1474 4976/8660/1474
f 4952/8588/1482 4953/8661/1482 4970/8662/1482 4969/8589/1482
f 4960/8658/1473 4961/8663/1473 4978/8664/1473 4977/8659/1473
f 4953/8665/1480 4954/8666/1480 4971/8667/1480 4970/8668/1480
f 4961/8663/1472 4962/8669/1472 4979/8670/1472 4978/8664/1472
f 4954/8666/1479 4955/8671/1479 4972/8672/1479 4971/8667/1479
f 4962/8673/1471 4963/8674/1471 4980/8675/1471 4979/8676/1471
f 4955/8671/1478 4956/8677/1478 4973/8678/1478 4972/8672/1478
f 4963/8674/1470 4964/8679/1470 4981/8680/1470 4980/8675/1470
f 4956/8677/1477 4957/8681/1477 4974/8682/1477 4973/8678/1477
f 4950/8683/1467 4951/8587/1467 4967/8590/1467 4966/8684/1467
f 4964/8679/1469 4965/8685/1469 4968/8686/1469 4981/8680/1469
f 4957/8681/1476 4958/8687/1476 4975/8688/1476 4974/8682/1476
f 4965/8689/1468 4950/8683/1468 4966/8684/1468 4968/8690/1468
f 4958/8691/1475 4959/8657/1475 4976/8660/1475 4975/8692/1475
usemtl canister_tap.001
f 4982/8693/1485 4983/8694/1485 4985/8695/1485 4984/8696/1485
f 4984/8697/1486 4985/8698/1486 4987/8699/1486 4986/8700/1486
f 4986/8700/1487 4987/8699/1487 4989/8701/1487 4988/8702/1487
f 4988/8703/1488 4989/8704/1488 4991/8705/1488 4990/8706/1488
f 4990/8706/1489 4991/8705/1489 4993/8707/1489 4992/8708/1489
f 4992/8709/1490 4993/8710/1490 4995/8711/1490 4994/8712/1490
f 4994/8712/1491 4995/8711/1491 4997/8713/1491 4996/8714/1491
f 4996/8715/1492 4997/8716/1492 4983/8694/1492 4982/8693/1492
f 4982/8717/1483 4984/8718/1483 4986/8719/1483 4988/8720/1483 4990/8721/1483 4992/8722/1483 4994/8723/1483 4996/8724/1483
f 4998/8725/1493 4999/8726/1493 5001/8727/1493 5000/8728/1493
f 5000/8729/1494 5001/8730/1494 5003/8731/1494 5002/8732/1494
f 5002/8732/1495 5003/8731/1495 5005/8733/1495 5004/8734/1495
f 5004/8735/1496 5005/8736/1496 5007/8737/1496 5006/8738/1496
f 5006/8738/1497 5007/8737/1497 5009/8739/1497 5008/8740/1497
f 5008/8741/1498 5009/8742/1498 5011/8743/1498 5010/8744/1498
f 5001/8745/1484 4999/8746/1484 5013/8747/1484 5011/8748/1484 5009/8749/1484 5007/8750/1484 5005/8751/1484 5003/8752/1484
f 5010/8744/1499 5011/8743/1499 5013/8753/1499 5012/8754/1499
f 5012/8755/1500 5013/8756/1500 4999/8726/1500 4998/8725/1500
f 4998/8757/1483 5000/8758/1483 5002/8759/1483 5004/8760/1483 5006/8761/1483 5008/8762/1483 5010/8763/1483 5012/8764/1483
f 5014/8765/1501 5015/8766/1501 5017/8767/1501 5016/8768/1501
f 5016/8769/1502 5017/8770/1502 5019/8771/1502 5018/8772/1502
f 5018/8772/1503 5019/8771/1503 5021/8773/1503 5020/8774/1503
f 5020/8775/1504 5021/8776/1504 5023/8777/1504 5022/8778/1504
f 5022/8778/1505 5023/8777/1505 5025/8779/1505 5024/8780/1505
f 5024/8781/1506 5025/8782/1506 5027/8783/1506 5026/8784/1506
f 5026/8784/1507 5027/8783/1507 5029/8785/1507 5028/8786/1507
f 5028/8787/1508 5029/8788/1508 5015/8766/1508 5014/8765/1508
f 5014/8789/1509 5016/8790/1509 5018/8791/1509 5020/8792/1509 5022/8793/1509 5024/8794/1509 5026/8795/1509 5028/8796/1509
f 5029/8785/1510 5027/8783/1510 5050/8797/1510 5051/8798/1510
f 5027/8783/1511 5025/8782/1511 5047/8799/1511 5050/8797/1511
f 5025/8779/1512 5023/8777/1512 5044/8800/1512 5047/8801/1512
f 5023/8777/1513 5021/8776/1513 5041/8802/1513 5044/8800/1513
f 5021/8773/1514 5019/8771/1514 5038/8803/1514 5041/8804/1514
f 5019/8771/1515 5017/8770/1515 5035/8805/1515 5038/8803/1515
f 5017/8767/1516 5015/8766/1516 5032/8806/1516 5035/8807/1516
f 5015/8766/1517 5029/8788/1517 5051/8808/1517 5032/8806/1517
f 5035/8807/1518 5032/8806/1518 5031/8809/1518 5034/8810/1518
f 5034/8810/1519 5031/8809/1519 5030/8811/1519 5033/8812/1519
f 5033/8812/1520 5030/8811/1520 4983/8694/1520 4997/8716/1520
f 5038/8803/1521 5035/8805/1521 5034/8813/1521 5037/8814/1521
f 5037/8815/1522 5034/8816/1522 5033/8817/1522 5036/8818/1522
f 5036/8818/1523 5033/8817/1523 4997/8713/1523 4995/8711/1523
f 5041/8804/1524 5038/8803/1524 5037/8814/1524 5040/8819/1524
f 5040/8820/1525 5037/8815/1525 5036/8818/1525 5039/8821/1525
f 5039/8821/1526 5036/8818/1526 4995/8711/1526 4993/8710/1526
f 5044/8800/1527 5041/8802/1527 5040/8822/1527 5043/8823/1527
f 5043/8823/1528 5040/8822/1528 5039/8824/1528 5042/8825/1528
f 5042/8825/1529 5039/8824/1529 4993/8707/1529 4991/8705/1529
f 5047/8801/1530 5044/8800/1530 5043/8823/1530 5046/8826/1530
f 5046/8826/1531 5043/8823/1531 5042/8825/1531 5045/8827/1531
f 5045/8827/1532 5042/8825/1532 4991/8705/1532 4989/8704/1532
f 5050/8797/1533 5047/8799/1533 5046/8828/1533 5049/8829/1533
f 5049/8830/1534 5046/8831/1534 5045/8832/1534 5048/8833/1534
f 5048/8833/1535 5045/8832/1535 4989/8701/1535 4987/8699/1535
f 5051/8798/1536 5050/8797/1536 5049/8829/1536 5052/8834/1536
f 5052/8835/1537 5049/8830/1537 5048/8833/1537 5053/8836/1537
f 5053/8836/1538 5048/8833/1538 4987/8699/1538 4985/8698/1538
f 5032/8806/1539 5051/8808/1539 5052/8837/1539 5031/8809/1539
f 5031/8809/1540 5052/8837/1540 5053/8838/1540 5030/8811/1540
f 5030/8811/1541 5053/8838/1541 4985/8695/1541 4983/8694/1541
o Cylinder.022
v 1.600000 1.100964 0.223679
v 1.600000 1.850964 0.223679
v 1.695671 1.100964 0.242709
v 1.695671 1.850964 0.242709
v 1.776777 1.100964 0.296902
v 1.776777 1.850964 0.296902
v 1.830970 1.100964 0.378008
v 1.830970 1.850964 0.378008
v 1.850000 1.100964 0.473679
v 1.850000 1.850964 0.473679
v 1.830970 1.100964 0.569350
v 1.830970 1.850964 0.569350
v 1.776777 1.100964 0.650456
v 1.776777 1.850964 0.650456
v 1.695671 1.100964 0.704649
v 1.695671 1.850964 0.704649
v 1.600000 1.100964 0.723679
v 1.600000 1.850964 0.723679
v 1.504329 1.100964 0.704649
v 1.504329 1.850964 0.704649
v 1.423223 1.100964 0.650456
v 1.423223 1.850964 0.650456
v 1.369030 1.100964 0.569350
v 1.369030 1.850964 0.569350
v 1.350000 1.100964 0.473679
v 1.350000 1.850964 0.473679
v 1.369030 1.100964 0.378008
v 1.369030 1.850964 0.378008
v 1.423223 1.100964 0.296902
v 1.423223 1.850964 0.296902
v 1.504329 1.100964 0.242709
v 1.504329 1.850964 0.242709
v 1.676162 1.850964 0.289808
v 1.600000 1.850964 0.274658
v 1.523838 1.850964 0.289808
v 1.459271 1.850964 0.332950
v 1.416129 1.850964 0.397517
v 1.400980 1.850964 0.473679
v 1.416129 1.850964 0.549841
v 1.459271 1.850964 0.614408
v 1.523838 1.850964 0.657550
v 1.600000 1.850964 0.672699
v 1.676162 1.850964 0.657550
v 1.740729 1.850964 0.614408
v 1.783871 1.850964 0.549841
v 1.799021 1.850964 0.473679
v 1.783871 1.850964 0.397517
v 1.740729 1.850964 0.332950
v 1.676162 1.870964 0.289808
v 1.600000 1.870964 0.274658
v 1.740729 1.870964 0.332950
v 1.523838 1.870964 0.289808
v 1.459271 1.870964 0.332950
v 1.416129 1.870964 0.397517
v 1.400980 1.870964 0.473679
v 1.416129 1.870964 0.549841
v 1.459271 1.870964 0.614408
v 1.523838 1.870964 0.657550
v 1.600000 1.870964 0.672699
v 1.676162 1.870964 0.657550
v 1.740729 1.870964 0.614408
v 1.783871 1.870964 0.549841
v 1.799021 1.870964 0.473679
v 1.783871 1.870964 0.397517
v 1.245000 1.240000 0.458679
v 1.245000 1.265000 0.458679
v 1.255607 1.240000 0.463072
v 1.255607 1.265000 0.463072
v 1.260000 1.240000 0.473679
v 1.260000 1.265000 0.473679
v 1.255607 1.240000 0.484285
v 1.255607 1.265000 0.484285
v 1.245000 1.240000 0.488679
v 1.245000 1.265000 0.488679
v 1.234393 1.240000 0.484285
v 1.234393 1.265000 0.484285
v 1.230000 1.240000 0.473679
v 1.230000 1.265000 0.473679
v 1.234393 1.240000 0.463072
v 1.234393 1.265000 0.463072
v 1.315000 1.310000 0.463179
v 1.315000 1.340000 0.466179
v 1.322425 1.310000 0.466254
v 1.320303 1.340000 0.468376
v 1.325500 1.310000 0.473679
v 1.322500 1.340000 0.473679
v 1.322425 1.310000 0.481103
v 1.320303 1.340000 0.478982
v 1.315000 1.310000 0.484179
v 1.315000 1.340000 0.481179
v 1.307575 1.310000 0.481103
v 1.309697 1.340000 0.478982
v 1.304500 1.310000 0.473679
v 1.307500 1.340000 0.473679
v 1.307575 1.310000 0.466254
v 1.309697 1.340000 0.468376
v 1.370000 1.300000 0.458679
v 1.280000 1.300000 0.458679
v 1.370000 1.310607 0.463072
v 1.280000 1.310607 0.463072
v 1.370000 1.315000 0.473679
v 1.280000 1.315000 0.473679
v 1.370000 1.310607 0.484285
v 1.280000 1.310607 0.484285
v 1.370000 1.300000 0.488679
v 1.280000 1.300000 0.488679
v 1.370000 1.289393 0.484285
v 1.280000 1.289393 0.484285
v 1.370000 1.285000 0.473679
v 1.280000 1.285000 0.473679
v 1.370000 1.289393 0.463072
v 1.280000 1.289393 0.463072
v 1.245828 1.284390 0.458679
v 1.250126 1.294874 0.458679
v 1.260610 1.299172 0.458679
v 1.235468 1.286662 0.463072
v 1.242626 1.302374 0.463072
v 1.258338 1.309532 0.463072
v 1.231176 1.287602 0.473679
v 1.239519 1.305481 0.473679
v 1.257398 1.313824 0.473679
v 1.235468 1.286662 0.484285
v 1.242626 1.302374 0.484285
v 1.258338 1.309532 0.484285
v 1.245828 1.284390 0.488679
v 1.250126 1.294874 0.488679
v 1.260610 1.299172 0.488679
v 1.256189 1.282118 0.484285
v 1.257626 1.287374 0.484285
v 1.262882 1.288811 0.484285
v 1.260480 1.281177 0.473679
v 1.260732 1.284268 0.473679
v 1.263823 1.284520 0.473679
v 1.262882 1.288811 0.463072
v 1.257626 1.287374 0.463072
v 1.256189 1.282118 0.463072
vn 0.1951 -0.0000 -0.9808
vn 0.5556 -0.0000 -0.8315
vn 0.8315 -0.0000 -0.5556
vn 0.9808 -0.0000 -0.1951
vn 0.9808 -0.0000 0.1951
vn 0.8315 -0.0000 0.5556
vn 0.5556 -0.0000 0.8315
vn 0.1951 -0.0000 0.9808
vn -0.1951 -0.0000 0.9808
vn -0.5556 -0.0000 0.8315
vn -0.8315 -0.0000 0.5556
vn -0.9808 -0.0000 0.1951
vn -0.9808 -0.0000 -0.1951
vn -0.8315 -0.0000 -0.5556
vn -0.1951 -0.0000 -0.9808
vn -0.5556 -0.0000 -0.8315
vn -0.0000 -1.0000 -0.0000
vn -0.0000 1.0000 -0.0000
vn 0.3827 -0.0000 -0.9239
vn 0.9239 -0.0000 -0.3827
vn 0.9239 -0.0000 0.3827
vn 0.3827 -0.0000 0.9239
vn -0.3827 -0.0000 0.9239
vn -0.9239 -0.0000 0.3827
vn -0.9239 -0.0000 -0.3827
vn -0.3827 -0.0000 -0.9239
vn 0.3811 0.0920 -0.9200
vn 0.9200 0.0920 -0.3811
vn 0.9200 0.0920 0.3811
vn 0.3811 0.0920 0.9200
vn -0.3811 0.0920 0.9200
vn -0.9200 0.0920 0.3811
vn -0.9200 0.0920 -0.3811
vn -0.3811 0.0920 -0.9200
vn -0.0000 0.3827 -0.9239
vn -0.0000 0.9239 -0.3827
vn -0.0000 0.9239 0.3827
vn -0.0000 0.3827 0.9239
vn -0.0000 -0.3827 0.9239
vn -0.0000 -0.9239 0.3827
vn -0.0000 -0.9239 -0.3827
vn -0.0000 -0.3827 -0.9239
vn 1.0000 -0.0000 -0.0000
vn 0.0295 -0.9246 -0.3798
vn 0.0295 -0.9246 0.3798
vn 0.0149 -0.3851 0.9228
vn -0.0178 0.3848 0.9228
vn -0.0470 0.9237 0.3802
vn -0.0470 0.9237 -0.3802
vn -0.0178 0.3848 -0.9228
vn 0.0149 -0.3851 -0.9228
vn -0.1593 0.3643 -0.9176
vn -0.3643 0.1593 -0.9176
vn -0.3848 0.0178 -0.9228
vn -0.3895 0.8440 -0.3687
vn -0.8440 0.3895 -0.3687
vn -0.9237 0.0470 -0.3802
vn -0.3895 0.8440 0.3687
vn -0.8440 0.3895 0.3687
vn -0.9237 0.0470 0.3802
vn -0.1593 0.3643 0.9176
vn -0.3643 0.1593 0.9176
vn -0.3848 0.0178 0.9228
vn 0.1370 -0.3759 0.9165
vn 0.3759 -0.1370 0.9165
vn 0.3851 -0.0149 0.9228
vn 0.1854 -0.9163 0.3549
vn 0.9163 -0.1854 0.3549
vn 0.9246 -0.0295 0.3798
vn 0.1854 -0.9163 -0.3549
vn 0.9163 -0.1854 -0.3549
vn 0.9246 -0.0295 -0.3798
vn 0.1370 -0.3759 -0.9165
vn 0.3759 -0.1370 -0.9165
vn 0.3851 -0.0149 -0.9228
vt 0.654985 0.533034
vt 0.654985 0.000000
vt 0.724311 0.000000
vt 0.724311 0.533034
vt 0.788361 0.000000
vt 0.788361 0.533034
vt 0.852410 0.000000
vt 0.852410 0.533034
vt 0.921736 0.000000
vt 0.921736 0.533034
vt 0.985786 0.000000
vt 0.985786 0.533034
vt 0.295468 0.533034
vt 0.295468 0.000000
vt 0.344489 0.000000
vt 0.344489 0.533034
vt 0.408538 0.000000
vt 0.408538 0.533034
vt 0.477865 0.000000
vt 0.477865 0.533034
vt 0.541914 0.000000
vt 0.541914 0.533034
vt 0.000000 0.533034
vt 0.000000 0.000000
vt 0.049021 0.000000
vt 0.049021 0.533034
vt 0.113071 0.000000
vt 0.113071 0.533034
vt 0.182397 0.000000
vt 0.182397 0.533034
vt 0.246446 0.000000
vt 0.246446 0.533034
vt 1.000000 0.106178
vt 1.000000 0.157167
vt 0.985786 0.157167
vt 0.985786 0.106178
vt 0.590935 0.000000
vt 0.590935 0.533034
vt -0.000000 0.741961
vt -0.000000 0.672635
vt 0.026530 0.608585
vt 0.075551 0.559564
vt 0.139601 0.533034
vt 0.208927 0.533034
vt 0.272976 0.559564
vt 0.321998 0.608585
vt 0.348528 0.672635
vt 0.348528 0.741961
vt 0.321998 0.806010
vt 0.272977 0.855032
vt 0.208927 0.881562
vt 0.139601 0.881562
vt 0.075551 0.855032
vt 0.026530 0.806010
vt 0.375058 0.806010
vt 0.348528 0.741961
vt 0.384063 0.734893
vt 0.405184 0.785881
vt 0.348528 0.672635
vt 0.384063 0.679703
vt 0.375058 0.608585
vt 0.405184 0.628715
vt 0.424079 0.559564
vt 0.444208 0.589690
vt 0.488128 0.533034
vt 0.495197 0.568570
vt 0.557455 0.533034
vt 0.550387 0.568570
vt 0.621504 0.559564
vt 0.601375 0.589690
vt 0.670526 0.608585
vt 0.640400 0.628715
vt 0.697056 0.672635
vt 0.661520 0.679703
vt 0.697056 0.741961
vt 0.661520 0.734893
vt 0.670526 0.806010
vt 0.640400 0.785881
vt 0.621504 0.855032
vt 0.601375 0.824906
vt 0.557455 0.881562
vt 0.550387 0.846026
vt 0.488128 0.881562
vt 0.495197 0.846026
vt 0.424079 0.855032
vt 0.444208 0.824906
vt 0.718176 0.750346
vt 0.697056 0.699357
vt 0.697056 0.644167
vt 0.718176 0.593179
vt 0.757201 0.554154
vt 0.808189 0.533034
vt 0.863379 0.533034
vt 0.914367 0.554154
vt 0.953392 0.593179
vt 0.974512 0.644167
vt 0.974512 0.699357
vt 0.953392 0.750346
vt 0.914367 0.789370
vt 0.863379 0.810491
vt 0.808189 0.810491
vt 0.757201 0.789370
vt 0.988727 0.819239
vt 0.988727 0.874428
vt 0.974512 0.874428
vt 0.974512 0.819239
vt 1.000000 0.196191
vt 0.985786 0.196191
vt 0.988726 0.925417
vt 0.974512 0.925417
vt 0.988727 0.533034
vt 0.988727 0.572059
vt 0.974512 0.572059
vt 0.974512 0.533034
vt 0.988726 0.964442
vt 0.974512 0.964442
vt 0.988727 0.623047
vt 0.974512 0.623047
vt 0.711270 0.810491
vt 0.711270 0.861479
vt 0.697056 0.861479
vt 0.697056 0.810491
vt 0.988727 0.678237
vt 0.974512 0.678237
vt 0.711270 0.916669
vt 0.697056 0.916669
vt 0.988727 0.729225
vt 0.974512 0.729225
vt 1.000000 0.050989
vt 0.985786 0.050989
vt 0.711270 0.967657
vt 0.697056 0.967657
vt 0.988727 0.768250
vt 0.974512 0.768250
vt 1.000000 0.000000
vt 0.985786 0.000000
vt 0.988727 0.768250
vt 0.974512 0.768250
vt 0.018838 0.053661
vt 0.143969 0.108265
vt 0.125130 0.162383
vt 0.000000 0.107779
vt 0.800554 0.722112
vt 0.800554 0.860317
vt 0.741894 0.861030
vt 0.741894 0.722825
vt 0.683233 0.860317
vt 0.683233 0.722112
vt 0.683233 0.107734
vt 0.558471 0.162475
vt 0.531137 0.108677
vt 0.655900 0.053936
vt 0.512760 0.054742
vt 0.637522 -0.000000
vt 0.919608 0.624296
vt 0.912681 0.761143
vt 0.849268 0.757967
vt 0.856194 0.621120
vt 0.804300 0.761726
vt 0.811227 0.624880
vt 0.045846 0.000000
vt 0.170976 0.054604
vt 0.261471 0.843197
vt 0.306306 0.888032
vt 0.306306 0.951510
vt 0.261471 0.996448
vt 0.198065 0.996521
vt 0.153231 0.951686
vt 0.153231 0.888208
vt 0.198065 0.843270
vt 0.957897 0.000000
vt 0.957324 0.166451
vt 0.928737 0.168375
vt 0.917875 0.002694
vt 1.000000 0.168375
vt 0.988268 0.333876
vt 0.958938 0.334233
vt 0.958938 0.168874
vt 0.929607 0.333876
vt 0.917875 0.168375
vt 0.917875 0.497784
vt 0.926770 0.336307
vt 0.956870 0.334233
vt 0.960016 0.494880
vt 0.985285 0.336307
vt 0.999796 0.497784
vt 0.995476 0.623582
vt 0.979885 0.789450
vt 0.948188 0.787691
vt 0.951099 0.621120
vt 0.503039 0.919838
vt 0.471543 0.920044
vt 0.449272 0.897772
vt 0.449272 0.866068
vt 0.471543 0.843504
vt 0.503039 0.843297
vt 0.525311 0.865570
vt 0.525311 0.897274
vt 0.925694 0.789450
vt 0.919608 0.623582
vt 0.999862 0.002694
vt 0.987300 0.168375
vt 0.417887 0.843297
vt 0.449272 0.874682
vt 0.449272 0.919116
vt 0.417887 0.950573
vt 0.373503 0.950624
vt 0.342119 0.919240
vt 0.342119 0.874805
vt 0.373503 0.843348
vt 0.049004 0.819803
vt 0.243510 0.362535
vt 0.300683 0.385930
vt 0.106177 0.843197
vt 0.683233 0.718820
vt 0.683233 0.225659
vt 0.741894 0.228951
vt 0.741894 0.722112
vt 0.800554 0.225659
vt 0.800554 0.718820
vt 0.577369 0.843297
vt 0.383434 0.386222
vt 0.431888 0.363067
vt 0.625823 0.820142
vt 0.489298 0.339773
vt 0.683233 0.796848
vt 0.800554 0.621120
vt 0.800554 0.124178
vt 0.859215 0.122793
vt 0.859215 0.619735
vt 0.917875 0.124178
vt 0.917875 0.621120
vt -0.000000 0.796865
vt 0.194506 0.339597
vt 0.108351 0.843197
vt 0.153231 0.888077
vt 0.153231 0.951567
vt 0.108351 0.996475
vt 0.044880 0.996494
vt 0.000000 0.951614
vt 0.000000 0.888124
vt 0.044880 0.843217
vt 0.859215 0.033317
vt 0.917875 0.029474
vt 0.800554 0.029474
vt 0.394241 0.262779
vt 0.455317 0.251561
vt 0.342119 0.273859
vt 0.741894 0.104218
vt 0.800554 0.106158
vt 0.683233 0.106158
vt 0.281269 0.262211
vt 0.342119 0.273527
vt 0.228588 0.251352
vt 0.282419 0.199556
vt 0.340251 0.178060
vt 0.239229 0.154824
vt 0.277074 0.107374
vt 0.683233 0.014695
vt 0.741894 -0.000000
vt 0.858035 0.987068
vt 0.811227 0.972807
vt 0.800554 0.881147
vt 0.845475 0.882618
vt 0.800554 0.014695
vt 0.919608 0.972224
vt 0.908935 0.880563
vt 0.343982 0.178387
vt 0.393094 0.200123
vt 0.406973 0.107630
vt 0.436157 0.155342
vt 0.451162 0.221721
vt 0.474296 0.202915
vt 0.800554 0.000000
vt 0.859215 0.016174
vt 0.741894 0.967665
vt 0.683233 0.984334
vt 0.683233 0.955044
vt 0.741894 0.950540
vt 0.917875 -0.000000
vt 0.800554 0.984334
vt 0.800554 0.955044
vt 0.232755 0.221509
vt 0.209553 0.202730
s 0
usemtl canister.002
f 5054/8839/1542 5055/8840/1542 5057/8841/1542 5056/8842/1542
f 5056/8842/1543 5057/8841/1543 5059/8843/1543 5058/8844/1543
f 5058/8844/1544 5059/8843/1544 5061/8845/1544 5060/8846/1544
f 5060/8846/1545 5061/8845/1545 5063/8847/1545 5062/8848/1545
f 5062/8848/1546 5063/8847/1546 5065/8849/1546 5064/8850/1546
f 5064/8851/1547 5065/8852/1547 5067/8853/1547 5066/8854/1547
f 5066/8854/1548 5067/8853/1548 5069/8855/1548 5068/8856/1548
f 5068/8856/1549 5069/8855/1549 5071/8857/1549 5070/8858/1549
f 5070/8858/1550 5071/8857/1550 5073/8859/1550 5072/8860/1550
f 5072/8861/1551 5073/8862/1551 5075/8863/1551 5074/8864/1551
f 5074/8864/1552 5075/8863/1552 5077/8865/1552 5076/8866/1552
f 5076/8866/1553 5077/8865/1553 5079/8867/1553 5078/8868/1553
f 5078/8868/1554 5079/8867/1554 5081/8869/1554 5080/8870/1554
f 5080/8870/1555 5081/8869/1555 5083/8852/1555 5082/8851/1555
f 5087/8871/1556 5088/8872/1556 5105/8873/1556 5103/8874/1556
f 5082/8860/1557 5083/8859/1557 5085/8875/1557 5084/8876/1557
f 5084/8876/1556 5085/8875/1556 5055/8840/1556 5054/8839/1556
f 5054/8877/1558 5056/8878/1558 5058/8879/1558 5060/8880/1558 5062/8881/1558 5064/8882/1558 5066/8883/1558 5068/8884/1558 5070/8885/1558 5072/8886/1558 5074/8887/1558 5076/8888/1558 5078/8889/1558 5080/8890/1558 5082/8891/1558 5084/8892/1558
f 5057/8893/1559 5055/8894/1559 5087/8895/1559 5086/8896/1559
f 5055/8894/1559 5085/8897/1559 5088/8898/1559 5087/8895/1559
f 5085/8897/1559 5083/8899/1559 5089/8900/1559 5088/8898/1559
f 5083/8899/1559 5081/8901/1559 5090/8902/1559 5089/8900/1559
f 5081/8901/1559 5079/8903/1559 5091/8904/1559 5090/8902/1559
f 5079/8903/1559 5077/8905/1559 5092/8906/1559 5091/8904/1559
f 5077/8905/1559 5075/8907/1559 5093/8908/1559 5092/8906/1559
f 5075/8907/1559 5073/8909/1559 5094/8910/1559 5093/8908/1559
f 5073/8909/1559 5071/8911/1559 5095/8912/1559 5094/8910/1559
f 5071/8911/1559 5069/8913/1559 5096/8914/1559 5095/8912/1559
f 5069/8913/1559 5067/8915/1559 5097/8916/1559 5096/8914/1559
f 5067/8915/1559 5065/8917/1559 5098/8918/1559 5097/8916/1559
f 5065/8917/1559 5063/8919/1559 5099/8920/1559 5098/8918/1559
f 5063/8919/1559 5061/8921/1559 5100/8922/1559 5099/8920/1559
f 5061/8921/1559 5059/8923/1559 5101/8924/1559 5100/8922/1559
f 5059/8923/1559 5057/8893/1559 5086/8896/1559 5101/8924/1559
f 5102/8925/1559 5103/8926/1559 5105/8927/1559 5106/8928/1559 5107/8929/1559 5108/8930/1559 5109/8931/1559 5110/8932/1559 5111/8933/1559 5112/8934/1559 5113/8935/1559 5114/8936/1559 5115/8937/1559 5116/8938/1559 5117/8939/1559 5104/8940/1559
f 5095/8941/1549 5096/8942/1549 5113/8943/1549 5112/8944/1549
f 5088/8872/1557 5089/8945/1557 5106/8946/1557 5105/8873/1557
f 5096/8942/1548 5097/8947/1548 5114/8948/1548 5113/8943/1548
f 5089/8949/1555 5090/8950/1555 5107/8951/1555 5106/8952/1555
f 5097/8947/1547 5098/8953/1547 5115/8954/1547 5114/8948/1547
f 5090/8950/1554 5091/8955/1554 5108/8956/1554 5107/8951/1554
f 5098/8957/1546 5099/8958/1546 5116/8959/1546 5115/8960/1546
f 5091/8955/1553 5092/8961/1553 5109/8962/1553 5108/8956/1553
f 5099/8958/1545 5100/8963/1545 5117/8964/1545 5116/8959/1545
f 5092/8961/1552 5093/8965/1552 5110/8966/1552 5109/8962/1552
f 5086/8967/1542 5087/8871/1542 5103/8874/1542 5102/8968/1542
f 5100/8963/1544 5101/8969/1544 5104/8970/1544 5117/8964/1544
f 5093/8965/1551 5094/8971/1551 5111/8972/1551 5110/8966/1551
f 5101/8973/1543 5086/8967/1543 5102/8968/1543 5104/8974/1543
f 5094/8975/1550 5095/8941/1550 5112/8944/1550 5111/8976/1550
usemtl canister_tap.002
f 5118/8977/1560 5119/8978/1560 5121/8979/1560 5120/8980/1560
f 5120/8981/1561 5121/8982/1561 5123/8983/1561 5122/8984/1561
f 5122/8984/1562 5123/8983/1562 5125/8985/1562 5124/8986/1562
f 5124/8987/1563 5125/8988/1563 5127/8989/1563 5126/8990/1563
f 5126/8990/1564 5127/8989/1564 5129/8991/1564 5128/8992/1564
f 5128/8993/1565 5129/8994/1565 5131/8995/1565 5130/8996/1565
f 5130/8996/1566 5131/8995/1566 5133/8997/1566 5132/8998/1566
f 5132/8999/1567 5133/9000/1567 5119/8978/1567 5118/8977/1567
f 5118/9001/1558 5120/9002/1558 5122/9003/1558 5124/9004/1558 5126/9005/1558 5128/9006/1558 5130/9007/1558 5132/9008/1558
f 5134/9009/1568 5135/9010/1568 5137/9011/1568 5136/9012/1568
f 5136/9013/1569 5137/9014/1569 5139/9015/1569 5138/9016/1569
f 5138/9016/1570 5139/9015/1570 5141/9017/1570 5140/9018/1570
f 5140/9019/1571 5141/9020/1571 5143/9021/1571 5142/9022/1571
f 5142/9022/1572 5143/9021/1572 5145/9023/1572 5144/9024/1572
f 5144/9025/1573 5145/9026/1573 5147/9027/1573 5146/9028/1573
f 5137/9029/1559 5135/9030/1559 5149/9031/1559 5147/9032/1559 5145/9033/1559 5143/9034/1559 5141/9035/1559 5139/9036/1559
f 5146/9028/1574 5147/9027/1574 5149/9037/1574 5148/9038/1574
f 5148/9039/1575 5149/9040/1575 5135/9010/1575 5134/9009/1575
f 5134/9041/1558 5136/9042/1558 5138/9043/1558 5140/9044/1558 5142/9045/1558 5144/9046/1558 5146/9047/1558 5148/9048/1558
f 5150/9049/1576 5151/9050/1576 5153/9051/1576 5152/9052/1576
f 5152/9053/1577 5153/9054/1577 5155/9055/1577 5154/9056/1577
f 5154/9056/1578 5155/9055/1578 5157/9057/1578 5156/9058/1578
f 5156/9059/1579 5157/9060/1579 5159/9061/1579 5158/9062/1579
f 5158/9062/1580 5159/9061/1580 5161/9063/1580 5160/9064/1580
f 5160/9065/1581 5161/9066/1581 5163/9067/1581 5162/9068/1581
f 5162/9068/1582 5163/9067/1582 5165/9069/1582 5164/9070/1582
f 5164/9071/1583 5165/9072/1583 5151/9050/1583 5150/9049/1583
f 5150/9073/1584 5152/9074/1584 5154/9075/1584 5156/9076/1584 5158/9077/1584 5160/9078/1584 5162/9079/1584 5164/9080/1584
f 5165/9069/1585 5163/9067/1585 5186/9081/1585 5187/9082/1585
f 5163/9067/1586 5161/9066/1586 5183/9083/1586 5186/9081/1586
f 5161/9063/1587 5159/9061/1587 5180/9084/1587 5183/9085/1587
f 5159/9061/1588 5157/9060/1588 5177/9086/1588 5180/9084/1588
f 5157/9057/1589 5155/9055/1589 5174/9087/1589 5177/9088/1589
f 5155/9055/1590 5153/9054/1590 5171/9089/1590 5174/9087/1590
f 5153/9051/1591 5151/9050/1591 5168/9090/1591 5171/9091/1591
f 5151/9050/1592 5165/9072/1592 5187/9092/1592 5168/9090/1592
f 5171/9091/1593 5168/9090/1593 5167/9093/1593 5170/9094/1593
f 5170/9094/1594 5167/9093/1594 5166/9095/1594 5169/9096/1594
f 5169/9096/1595 5166/9095/1595 5119/8978/1595 5133/9000/1595
f 5174/9087/1596 5171/9089/1596 5170/9097/1596 5173/9098/1596
f 5173/9099/1597 5170/9100/1597 5169/9101/1597 5172/9102/1597
f 5172/9102/1598 5169/9101/1598 5133/8997/1598 5131/8995/1598
f 5177/9088/1599 5174/9087/1599 5173/9098/1599 5176/9103/1599
f 5176/9104/1600 5173/9099/1600 5172/9102/1600 5175/9105/1600
f 5175/9105/1601 5172/9102/1601 5131/8995/1601 5129/8994/1601
f 5180/9084/1602 5177/9086/1602 5176/9106/1602 5179/9107/1602
f 5179/9107/1603 5176/9106/1603 5175/9108/1603 5178/9109/1603
f 5178/9109/1604 5175/9108/1604 5129/8991/1604 5127/8989/1604
f 5183/9085/1605 5180/9084/1605 5179/9107/1605 5182/9110/1605
f 5182/9110/1606 5179/9107/1606 5178/9109/1606 5181/9111/1606
f 5181/9111/1607 5178/9109/1607 5127/8989/1607 5125/8988/1607
f 5186/9081/1608 5183/9083/1608 5182/9112/1608 5185/9113/1608
f 5185/9114/1609 5182/9115/1609 5181/9116/1609 5184/9117/1609
f 5184/9117/1610 5181/9116/1610 5125/8985/1610 5123/8983/1610
f 5187/9082/1611 5186/9081/1611 5185/9113/1611 5188/9118/1611
f 5188/9119/1612 5185/9114/1612 5184/9117/1612 5189/9120/1612
f 5189/9120/1613 5184/9117/1613 5123/8983/1613 5121/8982/1613
f 5168/9090/1614 5187/9092/1614 5188/9121/1614 5167/9093/1614
f 5167/9093/1615 5188/9121/1615 5189/9122/1615 5166/9095/1615
f 5166/9095/1616 5189/9122/1616 5121/8979/1616 5119/8978/1616
o Cylinder.023
v 1.600000 1.100964 0.763679
v 1.600000 1.850964 0.763679
v 1.695671 1.100964 0.782709
v 1.695671 1.850964 0.782709
v 1.776777 1.100964 0.836902
v 1.776777 1.850964 0.836902
v 1.830970 1.100964 0.918008
v 1.830970 1.850964 0.918008
v 1.850000 1.100964 1.013679
v 1.850000 1.850964 1.013679
v 1.830970 1.100964 1.109350
v 1.830970 1.850964 1.109350
v 1.776777 1.100964 1.190455
v 1.776777 1.850964 1.190455
v 1.695671 1.100964 1.244649
v 1.695671 1.850964 1.244649
v 1.600000 1.100964 1.263679
v 1.600000 1.850964 1.263679
v 1.504329 1.100964 1.244649
v 1.504329 1.850964 1.244649
v 1.423223 1.100964 1.190455
v 1.423223 1.850964 1.190455
v 1.369030 1.100964 1.109350
v 1.369030 1.850964 1.109350
v 1.350000 1.100964 1.013679
v 1.350000 1.850964 1.013679
v 1.369030 1.100964 0.918008
v 1.369030 1.850964 0.918008
v 1.423223 1.100964 0.836902
v 1.423223 1.850964 0.836902
v 1.504329 1.100964 0.782709
v 1.504329 1.850964 0.782709
v 1.676162 1.850964 0.829808
v 1.600000 1.850964 0.814658
v 1.523838 1.850964 0.829808
v 1.459271 1.850964 0.872950
v 1.416129 1.850964 0.937517
v 1.400980 1.850964 1.013679
v 1.416129 1.850964 1.089841
v 1.459271 1.850964 1.154408
v 1.523838 1.850964 1.197550
v 1.600000 1.850964 1.212699
v 1.676162 1.850964 1.197550
v 1.740729 1.850964 1.154408
v 1.783871 1.850964 1.089841
v 1.799021 1.850964 1.013679
v 1.783871 1.850964 0.937517
v 1.740729 1.850964 0.872950
v 1.676162 1.870964 0.829808
v 1.600000 1.870964 0.814658
v 1.740729 1.870964 0.872950
v 1.523838 1.870964 0.829808
v 1.459271 1.870964 0.872950
v 1.416129 1.870964 0.937517
v 1.400980 1.870964 1.013679
v 1.416129 1.870964 1.089841
v 1.459271 1.870964 1.154408
v 1.523838 1.870964 1.197550
v 1.600000 1.870964 1.212699
v 1.676162 1.870964 1.197550
v 1.740729 1.870964 1.154408
v 1.783871 1.870964 1.089841
v 1.799021 1.870964 1.013679
v 1.783871 1.870964 0.937517
v 1.245000 1.240000 0.998679
v 1.245000 1.265000 0.998679
v 1.255607 1.240000 1.003072
v 1.255607 1.265000 1.003072
v 1.260000 1.240000 1.013679
v 1.260000 1.265000 1.013679
v 1.255607 1.240000 1.024285
v 1.255607 1.265000 1.024285
v 1.245000 1.240000 1.028679
v 1.245000 1.265000 1.028679
v 1.234393 1.240000 1.024285
v 1.234393 1.265000 1.024285
v 1.230000 1.240000 1.013679
v 1.230000 1.265000 1.013679
v 1.234393 1.240000 1.003072
v 1.234393 1.265000 1.003072
v 1.315000 1.310000 1.003179
v 1.315000 1.340000 1.006179
v 1.322425 1.310000 1.006254
v 1.320303 1.340000 1.008376
v 1.325500 1.310000 1.013679
v 1.322500 1.340000 1.013679
v 1.322425 1.310000 1.021103
v 1.320303 1.340000 1.018982
v 1.315000 1.310000 1.024179
v 1.315000 1.340000 1.021179
v 1.307575 1.310000 1.021103
v 1.309697 1.340000 1.018982
v 1.304500 1.310000 1.013679
v 1.307500 1.340000 1.013679
v 1.307575 1.310000 1.006254
v 1.309697 1.340000 1.008376
v 1.370000 1.300000 0.998679
v 1.280000 1.300000 0.998679
v 1.370000 1.310607 1.003072
v 1.280000 1.310607 1.003072
v 1.370000 1.315000 1.013679
v 1.280000 1.315000 1.013679
v 1.370000 1.310607 1.024285
v 1.280000 1.310607 1.024285
v 1.370000 1.300000 1.028679
v 1.280000 1.300000 1.028679
v 1.370000 1.289393 1.024285
v 1.280000 1.289393 1.024285
v 1.370000 1.285000 1.013679
v 1.280000 1.285000 1.013679
v 1.370000 1.289393 1.003072
v 1.280000 1.289393 1.003072
v 1.245828 1.284390 0.998679
v 1.250126 1.294874 0.998679
v 1.260610 1.299172 0.998679
v 1.235468 1.286662 1.003072
v 1.242626 1.302374 1.003072
v 1.258338 1.309532 1.003072
v 1.231176 1.287602 1.013679
v 1.239519 1.305481 1.013679
v 1.257398 1.313824 1.013679
v 1.235468 1.286662 1.024285
v 1.242626 1.302374 1.024285
v 1.258338 1.309532 1.024285
v 1.245828 1.284390 1.028679
v 1.250126 1.294874 1.028679
v 1.260610 1.299172 1.028679
v 1.256189 1.282118 1.024285
v 1.257626 1.287374 1.024285
v 1.262882 1.288811 1.024285
v 1.260480 1.281177 1.013679
v 1.260732 1.284268 1.013679
v 1.263823 1.284520 1.013679
v 1.262882 1.288811 1.003072
v 1.257626 1.287374 1.003072
v 1.256189 1.282118 1.003072
vn 0.1951 -0.0000 -0.9808
vn 0.5556 -0.0000 -0.8315
vn 0.8315 -0.0000 -0.5556
vn 0.9808 -0.0000 -0.1951
vn 0.9808 -0.0000 0.1951
vn 0.8315 -0.0000 0.5556
vn 0.5556 -0.0000 0.8315
vn 0.1951 -0.0000 0.9808
vn -0.1951 -0.0000 0.9808
vn -0.5556 -0.0000 0.8315
vn -0.8315 -0.0000 0.5556
vn -0.9808 -0.0000 0.1951
vn -0.9808 -0.0000 -0.1951
vn -0.8315 -0.0000 -0.5556
vn -0.1951 -0.0000 -0.9808
vn -0.5556 -0.0000 -0.8315
vn -0.0000 -1.0000 -0.0000
vn -0.0000 1.0000 -0.0000
vn 0.3827 -0.0000 -0.9239
vn 0.9239 -0.0000 -0.3827
vn 0.9239 -0.0000 0.3827
vn 0.3827 -0.0000 0.9239
vn -0.3827 -0.0000 0.9239
vn -0.9239 -0.0000 0.3827
vn -0.9239 -0.0000 -0.3827
vn -0.3827 -0.0000 -0.9239
vn 0.3811 0.0920 -0.9200
vn 0.9200 0.0920 -0.3811
vn 0.9200 0.0920 0.3811
vn 0.3811 0.0920 0.9200
vn -0.3811 0.0920 0.9200
vn -0.9200 0.0920 0.3811
vn -0.9200 0.0920 -0.3811
vn -0.3811 0.0920 -0.9200
vn -0.0000 0.3827 -0.9239
vn -0.0000 0.9239 -0.3827
vn -0.0000 0.9239 0.3827
vn -0.0000 0.3827 0.9239
vn -0.0000 -0.3827 0.9239
vn -0.0000 -0.9239 0.3827
vn -0.0000 -0.9239 -0.3827
vn -0.0000 -0.3827 -0.9239
vn 1.0000 -0.0000 -0.0000
vn 0.0295 -0.9246 -0.3798
vn 0.0295 -0.9246 0.3798
vn 0.0149 -0.3851 0.9228
vn -0.0178 0.3848 0.9228
vn -0.0470 0.9237 0.3802
vn -0.0470 0.9237 -0.3802
vn -0.0178 0.3848 -0.9228
vn 0.0149 -0.3851 -0.9228
vn -0.1593 0.3643 -0.9176
vn -0.3643 0.1593 -0.9176
vn -0.3848 0.0178 -0.9228
vn -0.3895 0.8440 -0.3687
vn -0.8440 0.3895 -0.3687
vn -0.9237 0.0470 -0.3802
vn -0.3895 0.8440 0.3687
vn -0.8440 0.3895 0.3687
vn -0.9237 0.0470 0.3802
vn -0.1593 0.3643 0.9176
vn -0.3643 0.1593 0.9176
vn -0.3848 0.0178 0.9228
vn 0.1370 -0.3759 0.9165
vn 0.3759 -0.1370 0.9165
vn 0.3851 -0.0149 0.9228
vn 0.1854 -0.9163 0.3549
vn 0.9163 -0.1854 0.3549
vn 0.9246 -0.0295 0.3798
vn 0.1854 -0.9163 -0.3549
vn 0.9163 -0.1854 -0.3549
vn 0.9246 -0.0295 -0.3798
vn 0.1370 -0.3759 -0.9165
vn 0.3759 -0.1370 -0.9165
vn 0.3851 -0.0149 -0.9228
vt 0.654985 0.533034
vt 0.654985 0.000000
vt 0.724311 0.000000
vt 0.724311 0.533034
vt 0.788361 0.000000
vt 0.788361 0.533034
vt 0.852410 0.000000
vt 0.852410 0.533034
vt 0.921736 0.000000
vt 0.921736 0.533034
vt 0.985786 0.000000
vt 0.985786 0.533034
vt 0.295468 0.533034
vt 0.295468 0.000000
vt 0.344489 0.000000
vt 0.344489 0.533034
vt 0.408538 0.000000
vt 0.408538 0.533034
vt 0.477865 0.000000
vt 0.477865 0.533034
vt 0.541914 0.000000
vt 0.541914 0.533034
vt 0.000000 0.533034
vt 0.000000 0.000000
vt 0.049021 0.000000
vt 0.049021 0.533034
vt 0.113071 0.000000
vt 0.113071 0.533034
vt 0.182397 0.000000
vt 0.182397 0.533034
vt 0.246446 0.000000
vt 0.246446 0.533034
vt 1.000000 0.106178
vt 1.000000 0.157167
vt 0.985786 0.157167
vt 0.985786 0.106178
vt 0.590935 0.000000
vt 0.590935 0.533034
vt -0.000000 0.741961
vt -0.000000 0.672635
vt 0.026530 0.608585
vt 0.075551 0.559564
vt 0.139601 0.533034
vt 0.208927 0.533034
vt 0.272976 0.559564
vt 0.321998 0.608585
vt 0.348528 0.672635
vt 0.348528 0.741961
vt 0.321998 0.806010
vt 0.272977 0.855032
vt 0.208927 0.881562
vt 0.139601 0.881562
vt 0.075551 0.855032
vt 0.026530 0.806010
vt 0.375058 0.806010
vt 0.348528 0.741961
vt 0.384063 0.734893
vt 0.405184 0.785881
vt 0.348528 0.672635
vt 0.384063 0.679703
vt 0.375058 0.608585
vt 0.405184 0.628715
vt 0.424079 0.559564
vt 0.444208 0.589690
vt 0.488128 0.533034
vt 0.495197 0.568570
vt 0.557455 0.533034
vt 0.550387 0.568570
vt 0.621504 0.559564
vt 0.601375 0.589690
vt 0.670526 0.608585
vt 0.640400 0.628715
vt 0.697056 0.672635
vt 0.661520 0.679703
vt 0.697056 0.741961
vt 0.661520 0.734893
vt 0.670526 0.806010
vt 0.640400 0.785881
vt 0.621504 0.855032
vt 0.601375 0.824906
vt 0.557455 0.881562
vt 0.550387 0.846026
vt 0.488128 0.881562
vt 0.495197 0.846026
vt 0.424079 0.855032
vt 0.444208 0.824906
vt 0.718176 0.750346
vt 0.697056 0.699357
vt 0.697056 0.644167
vt 0.718176 0.593179
vt 0.757201 0.554154
vt 0.808189 0.533034
vt 0.863379 0.533034
vt 0.914367 0.554154
vt 0.953392 0.593179
vt 0.974512 0.644167
vt 0.974512 0.699357
vt 0.953392 0.750346
vt 0.914367 0.789370
vt 0.863379 0.810491
vt 0.808189 0.810491
vt 0.757201 0.789370
vt 0.988727 0.819239
vt 0.988727 0.874428
vt 0.974512 0.874428
vt 0.974512 0.819239
vt 1.000000 0.196191
vt 0.985786 0.196191
vt 0.988726 0.925417
vt 0.974512 0.925417
vt 0.988727 0.533034
vt 0.988727 0.572059
vt 0.974512 0.572059
vt 0.974512 0.533034
vt 0.988726 0.964442
vt 0.974512 0.964442
vt 0.988727 0.623047
vt 0.974512 0.623047
vt 0.711270 0.810491
vt 0.711270 0.861479
vt 0.697056 0.861479
vt 0.697056 0.810491
vt 0.988727 0.678237
vt 0.974512 0.678237
vt 0.711270 0.916669
vt 0.697056 0.916669
vt 0.988727 0.729225
vt 0.974512 0.729225
vt 1.000000 0.050989
vt 0.985786 0.050989
vt 0.711270 0.967657
vt 0.697056 0.967657
vt 0.988727 0.768250
vt 0.974512 0.768250
vt 1.000000 0.000000
vt 0.985786 0.000000
vt 0.988727 0.768250
vt 0.974512 0.768250
vt 0.018838 0.053661
vt 0.143969 0.108265
vt 0.125130 0.162383
vt 0.000000 0.107779
vt 0.800554 0.722112
vt 0.800554 0.860317
vt 0.741894 0.861030
vt 0.741894 0.722825
vt 0.683233 0.860317
vt 0.683233 0.722112
vt 0.683233 0.107734
vt 0.558471 0.162475
vt 0.531137 0.108677
vt 0.655900 0.053936
vt 0.512760 0.054742
vt 0.637522 -0.000000
vt 0.919608 0.624296
vt 0.912681 0.761143
vt 0.849268 0.757967
vt 0.856194 0.621120
vt 0.804300 0.761726
vt 0.811227 0.624880
vt 0.045846 0.000000
vt 0.170976 0.054604
vt 0.261471 0.843197
vt 0.306306 0.888032
vt 0.306306 0.951510
vt 0.261471 0.996448
vt 0.198065 0.996521
vt 0.153231 0.951686
vt 0.153231 0.888208
vt 0.198065 0.843270
vt 0.957897 0.000000
vt 0.957324 0.166451
vt 0.928737 0.168375
vt 0.917875 0.002694
vt 1.000000 0.168375
vt 0.988268 0.333876
vt 0.958938 0.334233
vt 0.958938 0.168874
vt 0.929607 0.333876
vt 0.917875 0.168375
vt 0.917875 0.497784
vt 0.926770 0.336307
vt 0.956870 0.334233
vt 0.960016 0.494880
vt 0.985285 0.336307
vt 0.999796 0.497784
vt 0.995476 0.623582
vt 0.979885 0.789450
vt 0.948188 0.787691
vt 0.951099 0.621120
vt 0.503039 0.919838
vt 0.471543 0.920044
vt 0.449272 0.897772
vt 0.449272 0.866068
vt 0.471543 0.843504
vt 0.503039 0.843297
vt 0.525311 0.865570
vt 0.525311 0.897274
vt 0.925694 0.789450
vt 0.919608 0.623582
vt 0.999862 0.002694
vt 0.987300 0.168375
vt 0.417887 0.843297
vt 0.449272 0.874682
vt 0.449272 0.919116
vt 0.417887 0.950573
vt 0.373503 0.950624
vt 0.342119 0.919240
vt 0.342119 0.874805
vt 0.373503 0.843348
vt 0.049004 0.819803
vt 0.243510 0.362535
vt 0.300683 0.385930
vt 0.106177 0.843197
vt 0.683233 0.718820
vt 0.683233 0.225659
vt 0.741894 0.228951
vt 0.741894 0.722112
vt 0.800554 0.225659
vt 0.800554 0.718820
vt 0.577369 0.843297
vt 0.383434 0.386222
vt 0.431888 0.363067
vt 0.625823 0.820142
vt 0.489298 0.339773
vt 0.683233 0.796848
vt 0.800554 0.621120
vt 0.800554 0.124178
vt 0.859215 0.122793
vt 0.859215 0.619735
vt 0.917875 0.124178
vt 0.917875 0.621120
vt -0.000000 0.796865
vt 0.194506 0.339597
vt 0.108351 0.843197
vt 0.153231 0.888077
vt 0.153231 0.951567
vt 0.108351 0.996475
vt 0.044880 0.996494
vt 0.000000 0.951614
vt 0.000000 0.888124
vt 0.044880 0.843217
vt 0.859215 0.033317
vt 0.917875 0.029474
vt 0.800554 0.029474
vt 0.394241 0.262779
vt 0.455317 0.251561
vt 0.342119 0.273859
vt 0.741894 0.104218
vt 0.800554 0.106158
vt 0.683233 0.106158
vt 0.281269 0.262211
vt 0.342119 0.273527
vt 0.228588 0.251352
vt 0.282419 0.199556
vt 0.340251 0.178060
vt 0.239229 0.154824
vt 0.277074 0.107374
vt 0.683233 0.014695
vt 0.741894 -0.000000
vt 0.858035 0.987068
vt 0.811227 0.972807
vt 0.800554 0.881147
vt 0.845475 0.882618
vt 0.800554 0.014695
vt 0.919608 0.972224
vt 0.908935 0.880563
vt 0.343982 0.178387
vt 0.393094 0.200123
vt 0.406973 0.107630
vt 0.436157 0.155342
vt 0.451162 0.221721
vt 0.474296 0.202915
vt 0.800554 0.000000
vt 0.859215 0.016174
vt 0.741894 0.967665
vt 0.683233 0.984334
vt 0.683233 0.955044
vt 0.741894 0.950540
vt 0.917875 -0.000000
vt 0.800554 0.984334
vt 0.800554 0.955044
vt 0.232755 0.221509
vt 0.209553 0.202730
s 0
usemtl canister.003
f 5190/9123/1617 5191/9124/1617 5193/9125/1617 5192/9126/1617
f 5192/9126/1618 5193/9125/1618 5195/9127/1618 5194/9128/1618
f 5194/9128/1619 5195/9127/1619 5197/9129/1619 5196/9130/1619
f 5196/9130/1620 5197/9129/1620 5199/9131/1620 5198/9132/1620
f 5198/9132/1621 5199/9131/1621 5201/9133/1621 5200/9134/1621
f 5200/9135/1622 5201/9136/1622 5203/9137/1622 5202/9138/1622
f 5202/9138/1623 5203/9137/1623 5205/9139/1623 5204/9140/1623
f 5204/9140/1624 5205/9139/1624 5207/9141/1624 5206/9142/1624
f 5206/9142/1625 5207/9141/1625 5209/9143/1625 5208/9144/1625
f 5208/9145/1626 5209/9146/1626 5211/9147/1626 5210/9148/1626
f 5210/9148/1627 5211/9147/1627 5213/9149/1627 5212/9150/1627
f 5212/9150/1628 5213/9149/1628 5215/9151/1628 5214/9152/1628
f 5214/9152/1629 5215/9151/1629 5217/9153/1629 5216/9154/1629
f 5216/9154/1630 5217/9153/1630 5219/9136/1630 5218/9135/1630
f 5223/9155/1631 5224/9156/1631 5241/9157/1631 5239/9158/1631
f 5218/9144/1632 5219/9143/1632 5221/9159/1632 5220/9160/1632
f 5220/9160/1631 5221/9159/1631 5191/9124/1631 5190/9123/1631
f 5190/9161/1633 5192/9162/1633 5194/9163/1633 5196/9164/1633 5198/9165/1633 5200/9166/1633 5202/9167/1633 5204/9168/1633 5206/9169/1633 5208/9170/1633 5210/9171/1633 5212/9172/1633 5214/9173/1633 5216/9174/1633 5218/9175/1633 5220/9176/1633
f 5193/9177/1634 5191/9178/1634 5223/9179/1634 5222/9180/1634
f 5191/9178/1634 5221/9181/1634 5224/9182/1634 5223/9179/1634
f 5221/9181/1634 5219/9183/1634 5225/9184/1634 5224/9182/1634
f 5219/9183/1634 5217/9185/1634 5226/9186/1634 5225/9184/1634
f 5217/9185/1634 5215/9187/1634 5227/9188/1634 5226/9186/1634
f 5215/9187/1634 5213/9189/1634 5228/9190/1634 5227/9188/1634
f 5213/9189/1634 5211/9191/1634 5229/9192/1634 5228/9190/1634
f 5211/9191/1634 5209/9193/1634 5230/9194/1634 5229/9192/1634
f 5209/9193/1634 5207/9195/1634 5231/9196/1634 5230/9194/1634
f 5207/9195/1634 5205/9197/1634 5232/9198/1634 5231/9196/1634
f 5205/9197/1634 5203/9199/1634 5233/9200/1634 5232/9198/1634
f 5203/9199/1634 5201/9201/1634 5234/9202/1634 5233/9200/1634
f 5201/9201/1634 5199/9203/1634 5235/9204/1634 5234/9202/1634
f 5199/9203/1634 5197/9205/1634 5236/9206/1634 5235/9204/1634
f 5197/9205/1634 5195/9207/1634 5237/9208/1634 5236/9206/1634
f 5195/9207/1634 5193/9177/1634 5222/9180/1634 5237/9208/1634
f 5238/9209/1634 5239/9210/1634 5241/9211/1634 5242/9212/1634 5243/9213/1634 5244/9214/1634 5245/9215/1634 5246/9216/1634 5247/9217/1634 5248/9218/1634 5249/9219/1634 5250/9220/1634 5251/9221/1634 5252/9222/1634 5253/9223/1634 5240/9224/1634
f 5231/9225/1624 5232/9226/1624 5249/9227/1624 5248/9228/1624
f 5224/9156/1632 5225/9229/1632 5242/9230/1632 5241/9157/1632
f 5232/9226/1623 5233/9231/1623 5250/9232/1623 5249/9227/1623
f 5225/9233/1630 5226/9234/1630 5243/9235/1630 5242/9236/1630
f 5233/9231/1622 5234/9237/1622 5251/9238/1622 5250/9232/1622
f 5226/9234/1629 5227/9239/1629 5244/9240/1629 5243/9235/1629
f 5234/9241/1621 5235/9242/1621 5252/9243/1621 5251/9244/1621
f 5227/9239/1628 5228/9245/1628 5245/9246/1628 5244/9240/1628
f 5235/9242/1620 5236/9247/1620 5253/9248/1620 5252/9243/1620
f 5228/9245/1627 5229/9249/1627 5246/9250/1627 5245/9246/1627
f 5222/9251/1617 5223/9155/1617 5239/9158/1617 5238/9252/1617
f 5236/9247/1619 5237/9253/1619 5240/9254/1619 5253/9248/1619
f 5229/9249/1626 5230/9255/1626 5247/9256/1626 5246/9250/1626
f 5237/9257/1618 5222/9251/1618 5238/9252/1618 5240/9258/1618
f 5230/9259/1625 5231/9225/1625 5248/9228/1625 5247/9260/1625
usemtl canister_tap.003
f 5254/9261/1635 5255/9262/1635 5257/9263/1635 5256/9264/1635
f 5256/9265/1636 5257/9266/1636 5259/9267/1636 5258/9268/1636
f 5258/9268/1637 5259/9267/1637 5261/9269/1637 5260/9270/1637
f 5260/9271/1638 5261/9272/1638 5263/9273/1638 5262/9274/1638
f 5262/9274/1639 5263/9273/1639 5265/9275/1639 5264/9276/1639
f 5264/9277/1640 5265/9278/1640 5267/9279/1640 5266/9280/1640
f 5266/9280/1641 5267/9279/1641 5269/9281/1641 5268/9282/1641
f 5268/9283/1642 5269/9284/1642 5255/9262/1642 5254/9261/1642
f 5254/9285/1633 5256/9286/1633 5258/9287/1633 5260/9288/1633 5262/9289/1633 5264/9290/1633 5266/9291/1633 5268/9292/1633
f 5270/9293/1643 5271/9294/1643 5273/9295/1643 5272/9296/1643
f 5272/9297/1644 5273/9298/1644 5275/9299/1644 5274/9300/1644
f 5274/9300/1645 5275/9299/1645 5277/9301/1645 5276/9302/1645
f 5276/9303/1646 5277/9304/1646 5279/9305/1646 5278/9306/1646
f 5278/9306/1647 5279/9305/1647 5281/9307/1647 5280/9308/1647
f 5280/9309/1648 5281/9310/1648 5283/9311/1648 5282/9312/1648
f 5273/9313/1634 5271/9314/1634 5285/9315/1634 5283/9316/1634 5281/9317/1634 5279/9318/1634 5277/9319/1634 5275/9320/1634
f 5282/9312/1649 5283/9311/1649 5285/9321/1649 5284/9322/1649
f 5284/9323/1650 5285/9324/1650 5271/9294/1650 5270/9293/1650
f 5270/9325/1633 5272/9326/1633 5274/9327/1633 5276/9328/1633 5278/9329/1633 5280/9330/1633 5282/9331/1633 5284/9332/1633
f 5286/9333/1651 5287/9334/1651 5289/9335/1651 5288/9336/1651
f 5288/9337/1652 5289/9338/1652 5291/9339/1652 5290/9340/1652
f 5290/9340/1653 5291/9339/1653 5293/9341/1653 5292/9342/1653
f 5292/9343/1654 5293/9344/1654 5295/9345/1654 5294/9346/1654
f 5294/9346/1655 5295/9345/1655 5297/9347/1655 5296/9348/1655
f 5296/9349/1656 5297/9350/1656 5299/9351/1656 5298/9352/1656
f 5298/9352/1657 5299/9351/1657 5301/9353/1657 5300/9354/1657
f 5300/9355/1658 5301/9356/1658 5287/9334/1658 5286/9333/1658
f 5286/9357/1659 5288/9358/1659 5290/9359/1659 5292/9360/1659 5294/9361/1659 5296/9362/1659 5298/9363/1659 5300/9364/1659
f 5301/9353/1660 5299/9351/1660 5322/9365/1660 5323/9366/1660
f 5299/9351/1661 5297/9350/1661 5319/9367/1661 5322/9365/1661
f 5297/9347/1662 5295/9345/1662 5316/9368/1662 5319/9369/1662
f 5295/9345/1663 5293/9344/1663 5313/9370/1663 5316/9368/1663
f 5293/9341/1664 5291/9339/1664 5310/9371/1664 5313/9372/1664
f 5291/9339/1665 5289/9338/1665 5307/9373/1665 5310/9371/1665
f 5289/9335/1666 5287/9334/1666 5304/9374/1666 5307/9375/1666
f 5287/9334/1667 5301/9356/1667 5323/9376/1667 5304/9374/1667
f 5307/9375/1668 5304/9374/1668 5303/9377/1668 5306/9378/1668
f 5306/9378/1669 5303/9377/1669 5302/9379/1669 5305/9380/1669
f 5305/9380/1670 5302/9379/1670 5255/9262/1670 5269/9284/1670
f 5310/9371/1671 5307/9373/1671 5306/9381/1671 5309/9382/1671
f 5309/9383/1672 5306/9384/1672 5305/9385/1672 5308/9386/1672
f 5308/9386/1673 5305/9385/1673 5269/9281/1673 5267/9279/1673
f 5313/9372/1674 5310/9371/1674 5309/9382/1674 5312/9387/1674
f 5312/9388/1675 5309/9383/1675 5308/9386/1675 5311/9389/1675
f 5311/9389/1676 5308/9386/1676 5267/9279/1676 5265/9278/1676
f 5316/9368/1677 5313/9370/1677 5312/9390/1677 5315/9391/1677
f 5315/9391/1678 5312/9390/1678 5311/9392/1678 5314/9393/1678
f 5314/9393/1679 5311/9392/1679 5265/9275/1679 5263/9273/1679
f 5319/9369/1680 5316/9368/1680 5315/9391/1680 5318/9394/1680
f 5318/9394/1681 5315/9391/1681 5314/9393/1681 5317/9395/1681
f 5317/9395/1682 5314/9393/1682 5263/9273/1682 5261/9272/1682
f 5322/9365/1683 5319/9367/1683 5318/9396/1683 5321/9397/1683
f 5321/9398/1684 5318/9399/1684 5317/9400/1684 5320/9401/1684
f 5320/9401/1685 5317/9400/1685 5261/9269/1685 5259/9267/1685
f 5323/9366/1686 5322/9365/1686 5321/9397/1686 5324/9402/1686
f 5324/9403/1687 5321/9398/1687 5320/9401/1687 5325/9404/1687
f 5325/9404/1688 5320/9401/1688 5259/9267/1688 5257/9266/1688
f 5304/9374/1689 5323/9376/1689 5324/9405/1689 5303/9377/1689
f 5303/9377/1690 5324/9405/1690 5325/9406/1690 5302/9379/1690
f 5302/9379/1691 5325/9406/1691 5257/9263/1691 5255/9262/1691
o Cylinder.028
v 1.642386 1.300000 -2.048459
v 1.622690 1.420000 -2.044986
v 1.645827 1.300000 -2.072940
v 1.627851 1.420000 -2.081707
v 1.663000 1.300000 -2.090723
v 1.653610 1.420000 -2.108382
v 1.687346 1.300000 -2.095016
v 1.690129 1.420000 -2.114821
v 1.709565 1.300000 -2.084179
v 1.723458 1.420000 -2.098566
v 1.721171 1.300000 -2.062351
v 1.740867 1.420000 -2.065824
v 1.717730 1.300000 -2.037870
v 1.735706 1.420000 -2.029103
v 1.700557 1.300000 -2.020087
v 1.709947 1.420000 -2.002428
v 1.676212 1.300000 -2.015795
v 1.673428 1.420000 -1.995989
v 1.653992 1.300000 -2.026632
v 1.640099 1.420000 -2.012245
v 1.632576 1.420000 -2.079403
v 1.627868 1.420000 -2.045899
v 1.643751 1.420000 -2.016026
v 1.674160 1.420000 -2.001195
v 1.707479 1.420000 -2.007070
v 1.730981 1.420000 -2.031408
v 1.735690 1.420000 -2.064911
v 1.719806 1.420000 -2.094784
v 1.689397 1.420000 -2.109615
v 1.656078 1.420000 -2.103740
v 1.647337 1.303000 -2.072203
v 1.644041 1.303000 -2.048751
v 1.663788 1.303000 -2.089240
v 1.655159 1.303000 -2.027840
v 1.676445 1.303000 -2.017458
v 1.699769 1.303000 -2.021571
v 1.716220 1.303000 -2.038607
v 1.719516 1.303000 -2.062059
v 1.708398 1.303000 -2.082970
v 1.687112 1.303000 -2.093352
v 1.642386 1.350000 -2.048459
v 1.622690 1.470000 -2.044986
v 1.645827 1.350000 -2.072940
v 1.627851 1.470000 -2.081707
v 1.663000 1.350000 -2.090723
v 1.653610 1.470000 -2.108382
v 1.687346 1.350000 -2.095016
v 1.690129 1.470000 -2.114821
v 1.709565 1.350000 -2.084179
v 1.723458 1.470000 -2.098566
v 1.721171 1.350000 -2.062351
v 1.740867 1.470000 -2.065824
v 1.717730 1.350000 -2.037870
v 1.735706 1.470000 -2.029103
v 1.700557 1.350000 -2.020087
v 1.709947 1.470000 -2.002428
v 1.676212 1.350000 -2.015795
v 1.673428 1.470000 -1.995989
v 1.653992 1.350000 -2.026632
v 1.640099 1.470000 -2.012245
v 1.632576 1.470000 -2.079403
v 1.627868 1.470000 -2.045899
v 1.643751 1.470000 -2.016026
v 1.674160 1.470000 -2.001195
v 1.707479 1.470000 -2.007070
v 1.730981 1.470000 -2.031408
v 1.735690 1.470000 -2.064911
v 1.719806 1.470000 -2.094784
v 1.689397 1.470000 -2.109615
v 1.656078 1.470000 -2.103740
v 1.647337 1.353000 -2.072203
v 1.644041 1.353000 -2.048751
v 1.663788 1.353000 -2.089240
v 1.655159 1.353000 -2.027840
v 1.676445 1.353000 -2.017458
v 1.699769 1.353000 -2.021571
v 1.716220 1.353000 -2.038607
v 1.719516 1.353000 -2.062059
v 1.708398 1.353000 -2.082970
v 1.687112 1.353000 -2.093352
v 1.642386 1.400000 -2.048459
v 1.622690 1.520000 -2.044986
v 1.645827 1.400000 -2.072940
v 1.627851 1.520000 -2.081707
v 1.663000 1.400000 -2.090723
v 1.653610 1.520000 -2.108382
v 1.687346 1.400000 -2.095016
v 1.690129 1.520000 -2.114821
v 1.709565 1.400000 -2.084179
v 1.723458 1.520000 -2.098566
v 1.721171 1.400000 -2.062351
v 1.740867 1.520000 -2.065824
v 1.717730 1.400000 -2.037870
v 1.735706 1.520000 -2.029103
v 1.700557 1.400000 -2.020087
v 1.709947 1.520000 -2.002428
v 1.676212 1.400000 -2.015795
v 1.673428 1.520000 -1.995989
v 1.653992 1.400000 -2.026632
v 1.640099 1.520000 -2.012245
v 1.632576 1.520000 -2.079403
v 1.627868 1.520000 -2.045899
v 1.643751 1.520000 -2.016026
v 1.674160 1.520000 -2.001195
v 1.707479 1.520000 -2.007070
v 1.730981 1.520000 -2.031408
v 1.735690 1.520000 -2.064911
v 1.719806 1.520000 -2.094784
v 1.689397 1.520000 -2.109615
v 1.656078 1.520000 -2.103740
v 1.647337 1.403000 -2.072203
v 1.644041 1.403000 -2.048751
v 1.663788 1.403000 -2.089240
v 1.655159 1.403000 -2.027840
v 1.676445 1.403000 -2.017458
v 1.699769 1.403000 -2.021571
v 1.716220 1.403000 -2.038607
v 1.719516 1.403000 -2.062059
v 1.708398 1.403000 -2.082970
v 1.687112 1.403000 -2.093352
v 1.642386 1.450000 -2.048459
v 1.622690 1.570000 -2.044986
v 1.645827 1.450000 -2.072940
v 1.627851 1.570000 -2.081707
v 1.663000 1.450000 -2.090723
v 1.653610 1.570000 -2.108382
v 1.687346 1.450000 -2.095016
v 1.690129 1.570000 -2.114821
v 1.709565 1.450000 -2.084179
v 1.723458 1.570000 -2.098566
v 1.721171 1.450000 -2.062351
v 1.740867 1.570000 -2.065824
v 1.717730 1.450000 -2.037870
v 1.735706 1.570000 -2.029103
v 1.700557 1.450000 -2.020087
v 1.709947 1.570000 -2.002428
v 1.676212 1.450000 -2.015795
v 1.673428 1.570000 -1.995989
v 1.653992 1.450000 -2.026632
v 1.640099 1.570000 -2.012245
v 1.632576 1.570000 -2.079403
v 1.627868 1.570000 -2.045899
v 1.643751 1.570000 -2.016026
v 1.674160 1.570000 -2.001195
v 1.707479 1.570000 -2.007070
v 1.730981 1.570000 -2.031408
v 1.735690 1.570000 -2.064911
v 1.719806 1.570000 -2.094784
v 1.689397 1.570000 -2.109615
v 1.656078 1.570000 -2.103740
v 1.647337 1.453000 -2.072203
v 1.644041 1.453000 -2.048751
v 1.663788 1.453000 -2.089240
v 1.655159 1.453000 -2.027840
v 1.676445 1.453000 -2.017458
v 1.699769 1.453000 -2.021571
v 1.716220 1.453000 -2.038607
v 1.719516 1.453000 -2.062059
v 1.708398 1.453000 -2.082970
v 1.687112 1.453000 -2.093352
v 1.642386 1.500000 -2.048459
v 1.622690 1.620000 -2.044986
v 1.645827 1.500000 -2.072940
v 1.627851 1.620000 -2.081707
v 1.663000 1.500000 -2.090723
v 1.653610 1.620000 -2.108382
v 1.687346 1.500000 -2.095016
v 1.690129 1.620000 -2.114821
v 1.709565 1.500000 -2.084179
v 1.723458 1.620000 -2.098566
v 1.721171 1.500000 -2.062351
v 1.740867 1.620000 -2.065824
v 1.717730 1.500000 -2.037870
v 1.735706 1.620000 -2.029103
v 1.700557 1.500000 -2.020087
v 1.709947 1.620000 -2.002428
v 1.676212 1.500000 -2.015795
v 1.673428 1.620000 -1.995989
v 1.653992 1.500000 -2.026632
v 1.640099 1.620000 -2.012245
v 1.632576 1.620000 -2.079403
v 1.627868 1.620000 -2.045899
v 1.643751 1.620000 -2.016026
v 1.674160 1.620000 -2.001195
v 1.707479 1.620000 -2.007070
v 1.730981 1.620000 -2.031408
v 1.735690 1.620000 -2.064911
v 1.719806 1.620000 -2.094784
v 1.689397 1.620000 -2.109615
v 1.656078 1.620000 -2.103740
v 1.647337 1.503000 -2.072203
v 1.644041 1.503000 -2.048751
v 1.663788 1.503000 -2.089240
v 1.655159 1.503000 -2.027840
v 1.676445 1.503000 -2.017458
v 1.699769 1.503000 -2.021571
v 1.716220 1.503000 -2.038607
v 1.719516 1.503000 -2.062059
v 1.708398 1.503000 -2.082970
v 1.687112 1.503000 -2.093352
v 1.642386 1.550000 -2.048459
v 1.622690 1.670000 -2.044986
v 1.645827 1.550000 -2.072940
v 1.627851 1.670000 -2.081707
v 1.663000 1.550000 -2.090723
v 1.653610 1.670000 -2.108382
v 1.687346 1.550000 -2.095016
v 1.690129 1.670000 -2.114821
v 1.709565 1.550000 -2.084179
v 1.723458 1.670000 -2.098566
v 1.721171 1.550000 -2.062351
v 1.740867 1.670000 -2.065824
v 1.717730 1.550000 -2.037870
v 1.735706 1.670000 -2.029103
v 1.700557 1.550000 -2.020087
v 1.709947 1.670000 -2.002428
v 1.676212 1.550000 -2.015795
v 1.673428 1.670000 -1.995989
v 1.653992 1.550000 -2.026632
v 1.640099 1.670000 -2.012245
v 1.632576 1.670000 -2.079403
v 1.627868 1.670000 -2.045899
v 1.643751 1.670000 -2.016026
v 1.674160 1.670000 -2.001195
v 1.707479 1.670000 -2.007070
v 1.730981 1.670000 -2.031408
v 1.735690 1.670000 -2.064911
v 1.719806 1.670000 -2.094784
v 1.689397 1.670000 -2.109615
v 1.656078 1.670000 -2.103740
v 1.647337 1.553000 -2.072203
v 1.644041 1.553000 -2.048751
v 1.663788 1.553000 -2.089240
v 1.655159 1.553000 -2.027840
v 1.676445 1.553000 -2.017458
v 1.699769 1.553000 -2.021571
v 1.716220 1.553000 -2.038607
v 1.719516 1.553000 -2.062059
v 1.708398 1.553000 -2.082970
v 1.687112 1.553000 -2.093352
v 1.642386 1.600000 -2.048459
v 1.622690 1.720000 -2.044986
v 1.645827 1.600000 -2.072940
v 1.627851 1.720000 -2.081707
v 1.663000 1.600000 -2.090723
v 1.653610 1.720000 -2.108382
v 1.687346 1.600000 -2.095016
v 1.690129 1.720000 -2.114821
v 1.709565 1.600000 -2.084179
v 1.723458 1.720000 -2.098566
v 1.721171 1.600000 -2.062351
v 1.740867 1.720000 -2.065824
v 1.717730 1.600000 -2.037870
v 1.735706 1.720000 -2.029103
v 1.700557 1.600000 -2.020087
v 1.709947 1.720000 -2.002428
v 1.676212 1.600000 -2.015795
v 1.673428 1.720000 -1.995989
v 1.653992 1.600000 -2.026632
v 1.640099 1.720000 -2.012245
v 1.632576 1.720000 -2.079403
v 1.627868 1.720000 -2.045899
v 1.643751 1.720000 -2.016026
v 1.674160 1.720000 -2.001195
v 1.707479 1.720000 -2.007070
v 1.730981 1.720000 -2.031408
v 1.735690 1.720000 -2.064911
v 1.719806 1.720000 -2.094784
v 1.689397 1.720000 -2.109615
v 1.656078 1.720000 -2.103740
v 1.647337 1.603000 -2.072203
v 1.644041 1.603000 -2.048751
v 1.663788 1.603000 -2.089240
v 1.655159 1.603000 -2.027840
v 1.676445 1.603000 -2.017458
v 1.699769 1.603000 -2.021571
v 1.716220 1.603000 -2.038607
v 1.719516 1.603000 -2.062059
v 1.708398 1.603000 -2.082970
v 1.687112 1.603000 -2.093352
vn -0.9781 -0.1566 -0.1375
vn -0.7105 -0.1566 -0.6861
vn -0.1715 -0.1566 -0.9727
vn 0.4330 -0.1566 -0.8877
vn 0.8721 -0.1566 -0.4637
vn 0.9781 -0.1566 0.1375
vn 0.7105 -0.1566 0.6861
vn 0.1715 -0.1566 0.9727
vn 0.8752 0.1323 -0.4653
vn -0.4330 -0.1566 0.8877
vn -0.8721 -0.1566 0.4637
vn -0.0000 -1.0000 -0.0000
vn -0.0000 1.0000 -0.0000
vn 0.1721 0.1323 0.9761
vn -0.9816 0.1323 -0.1379
vn 0.4345 0.1323 -0.8909
vn 0.9816 0.1323 0.1379
vn -0.8752 0.1323 0.4653
vn -0.1721 0.1323 -0.9761
vn 0.7130 0.1323 0.6886
vn -0.4345 0.1323 0.8909
vn -0.7130 0.1323 -0.6886
vt 0.424322 0.339396
vt 0.406875 0.000000
vt 0.511559 0.000000
vt 0.494111 0.339396
vt 0.596250 0.000753
vt 0.550572 0.339899
vt 0.045678 0.678663
vt 0.000000 0.339518
vt 0.084691 0.338764
vt 0.102138 0.678160
vt 0.189375 0.338764
vt 0.171928 0.678160
vt 0.274066 0.339518
vt 0.228388 0.678663
vt 0.640578 0.339741
vt 0.596250 0.000416
vt 0.680943 -0.000000
vt 0.697040 0.339463
vt 0.785626 0.000416
vt 0.766829 0.339741
vt 0.829954 0.339741
vt 0.785626 0.000416
vt 0.870320 0.000000
vt 0.886417 0.339463
vt 0.322184 0.339899
vt 0.399454 0.340586
vt 0.413781 0.670316
vt 0.359692 0.669835
vt 0.975003 0.000416
vt 0.956205 0.339741
vt 0.367862 0.339899
vt 0.322184 0.000753
vt 0.363205 0.874593
vt 0.322184 0.818132
vt 0.322184 0.748343
vt 0.363205 0.691882
vt 0.429578 0.670316
vt 0.495952 0.691882
vt 0.536973 0.748343
vt 0.536973 0.818132
vt 0.495952 0.874593
vt 0.429578 0.896159
vt 0.260652 0.306415
vt 0.161092 0.338764
vt 0.161092 0.323923
vt 0.251929 0.294408
vt 0.061532 0.306415
vt 0.070255 0.294408
vt 0.000000 0.221724
vt 0.014115 0.217138
vt 0.000000 0.117040
vt 0.014115 0.121626
vt 0.061532 0.032349
vt 0.070255 0.044356
vt 0.161092 0.000000
vt 0.161092 0.014842
vt 0.260652 0.032349
vt 0.251929 0.044356
vt 0.322184 0.117040
vt 0.308069 0.121626
vt 0.322184 0.221724
vt 0.308069 0.217138
vt 0.576271 0.866013
vt 0.536973 0.811924
vt 0.536973 0.745066
vt 0.576271 0.690977
vt 0.639857 0.670316
vt 0.703442 0.690977
vt 0.742741 0.745066
vt 0.742741 0.811924
vt 0.703442 0.866013
vt 0.639857 0.886673
vt 0.917798 0.670329
vt 0.995070 0.669949
vt 0.956250 0.999734
vt 0.902160 1.000000
vt 0.649506 0.340586
vt 0.745017 0.340586
vt 0.730691 0.670316
vt 0.663833 0.670316
vt 0.494965 0.340586
vt 0.480639 0.670316
vt 0.917798 0.340279
vt 0.995070 0.339899
vt 0.956250 0.669683
vt 0.902160 0.669949
vt 0.822287 0.339899
vt 0.784780 0.669835
vt 0.572236 0.339899
vt 0.534728 0.669835
vt 0.822287 0.339899
vt 0.835302 0.669683
vt 0.822287 0.669949
vt 0.835302 0.999734
vt 0.572236 0.339899
vt 0.609743 0.669835
s 0
usemtl paper_cup.001
f 5326/9407/1692 5327/9408/1692 5329/9409/1692 5328/9410/1692
f 5328/9410/1693 5329/9409/1693 5331/9411/1693 5330/9412/1693
f 5330/9413/1694 5331/9414/1694 5333/9415/1694 5332/9416/1694
f 5332/9416/1695 5333/9415/1695 5335/9417/1695 5334/9418/1695
f 5334/9418/1696 5335/9417/1696 5337/9419/1696 5336/9420/1696
f 5336/9421/1697 5337/9422/1697 5339/9423/1697 5338/9424/1697
f 5338/9424/1698 5339/9423/1698 5341/9425/1698 5340/9426/1698
f 5340/9427/1699 5341/9428/1699 5343/9429/1699 5342/9430/1699
f 5347/9431/1700 5348/9432/1700 5359/9433/1700 5357/9434/1700
f 5342/9430/1701 5343/9429/1701 5345/9435/1701 5344/9436/1701
f 5344/9437/1702 5345/9438/1702 5327/9408/1702 5326/9407/1702
f 5326/9439/1703 5328/9440/1703 5330/9441/1703 5332/9442/1703 5334/9443/1703 5336/9444/1703 5338/9445/1703 5340/9446/1703 5342/9447/1703 5344/9448/1703
f 5329/9449/1704 5327/9450/1704 5347/9451/1704 5346/9452/1704
f 5327/9450/1704 5345/9453/1704 5348/9454/1704 5347/9451/1704
f 5345/9453/1704 5343/9455/1704 5349/9456/1704 5348/9454/1704
f 5343/9455/1704 5341/9457/1704 5350/9458/1704 5349/9456/1704
f 5341/9457/1704 5339/9459/1704 5351/9460/1704 5350/9458/1704
f 5339/9459/1704 5337/9461/1704 5352/9462/1704 5351/9460/1704
f 5337/9461/1704 5335/9463/1704 5353/9464/1704 5352/9462/1704
f 5335/9463/1704 5333/9465/1704 5354/9466/1704 5353/9464/1704
f 5333/9465/1704 5331/9467/1704 5355/9468/1704 5354/9466/1704
f 5331/9467/1704 5329/9449/1704 5346/9452/1704 5355/9468/1704
f 5356/9469/1704 5357/9470/1704 5359/9471/1704 5360/9472/1704 5361/9473/1704 5362/9474/1704 5363/9475/1704 5364/9476/1704 5365/9477/1704 5358/9478/1704
f 5354/9479/1705 5355/9480/1705 5358/9481/1705 5365/9482/1705
f 5351/9483/1706 5352/9484/1706 5363/9485/1706 5362/9486/1706
f 5348/9432/1707 5349/9487/1707 5360/9488/1707 5359/9433/1707
f 5346/9489/1708 5347/9490/1708 5357/9491/1708 5356/9492/1708
f 5352/9484/1709 5353/9493/1709 5364/9494/1709 5363/9485/1709
f 5349/9487/1710 5350/9495/1710 5361/9496/1710 5360/9488/1710
f 5355/9497/1711 5346/9489/1711 5356/9492/1711 5358/9498/1711
f 5353/9499/1712 5354/9479/1712 5365/9482/1712 5364/9500/1712
f 5350/9501/1713 5351/9483/1713 5362/9486/1713 5361/9502/1713
f 5366/9407/1692 5367/9408/1692 5369/9409/1692 5368/9410/1692
f 5368/9410/1693 5369/9409/1693 5371/9411/1693 5370/9412/1693
f 5370/9413/1694 5371/9414/1694 5373/9415/1694 5372/9416/1694
f 5372/9416/1695 5373/9415/1695 5375/9417/1695 5374/9418/1695
f 5374/9418/1696 5375/9417/1696 5377/9419/1696 5376/9420/1696
f 5376/9421/1697 5377/9422/1697 5379/9423/1697 5378/9424/1697
f 5378/9424/1698 5379/9423/1698 5381/9425/1698 5380/9426/1698
f 5380/9427/1699 5381/9428/1699 5383/9429/1699 5382/9430/1699
f 5387/9431/1700 5388/9432/1700 5399/9433/1700 5397/9434/1700
f 5382/9430/1701 5383/9429/1701 5385/9435/1701 5384/9436/1701
f 5384/9437/1702 5385/9438/1702 5367/9408/1702 5366/9407/1702
f 5366/9439/1703 5368/9440/1703 5370/9441/1703 5372/9442/1703 5374/9443/1703 5376/9444/1703 5378/9445/1703 5380/9446/1703 5382/9447/1703 5384/9448/1703
f 5369/9449/1704 5367/9450/1704 5387/9451/1704 5386/9452/1704
f 5367/9450/1704 5385/9453/1704 5388/9454/1704 5387/9451/1704
f 5385/9453/1704 5383/9455/1704 5389/9456/1704 5388/9454/1704
f 5383/9455/1704 5381/9457/1704 5390/9458/1704 5389/9456/1704
f 5381/9457/1704 5379/9459/1704 5391/9460/1704 5390/9458/1704
f 5379/9459/1704 5377/9461/1704 5392/9462/1704 5391/9460/1704
f 5377/9461/1704 5375/9463/1704 5393/9464/1704 5392/9462/1704
f 5375/9463/1704 5373/9465/1704 5394/9466/1704 5393/9464/1704
f 5373/9465/1704 5371/9467/1704 5395/9468/1704 5394/9466/1704
f 5371/9467/1704 5369/9449/1704 5386/9452/1704 5395/9468/1704
f 5396/9469/1704 5397/9470/1704 5399/9471/1704 5400/9472/1704 5401/9473/1704 5402/9474/1704 5403/9475/1704 5404/9476/1704 5405/9477/1704 5398/9478/1704
f 5394/9479/1705 5395/9480/1705 5398/9481/1705 5405/9482/1705
f 5391/9483/1706 5392/9484/1706 5403/9485/1706 5402/9486/1706
f 5388/9432/1707 5389/9487/1707 5400/9488/1707 5399/9433/1707
f 5386/9489/1708 5387/9490/1708 5397/9491/1708 5396/9492/1708
f 5392/9484/1709 5393/9493/1709 5404/9494/1709 5403/9485/1709
f 5389/9487/1710 5390/9495/1710 5401/9496/1710 5400/9488/1710
f 5395/9497/1711 5386/9489/1711 5396/9492/1711 5398/9498/1711
f 5393/9499/1712 5394/9479/1712 5405/9482/1712 5404/9500/1712
f 5390/9501/1713 5391/9483/1713 5402/9486/1713 5401/9502/1713
f 5406/9407/1692 5407/9408/1692 5409/9409/1692 5408/9410/1692
f 5408/9410/1693 5409/9409/1693 5411/9411/1693 5410/9412/1693
f 5410/9413/1694 5411/9414/1694 5413/9415/1694 5412/9416/1694
f 5412/9416/1695 5413/9415/1695 5415/9417/1695 5414/9418/1695
f 5414/9418/1696 5415/9417/1696 5417/9419/1696 5416/9420/1696
f 5416/9421/1697 5417/9422/1697 5419/9423/1697 5418/9424/1697
f 5418/9424/1698 5419/9423/1698 5421/9425/1698 5420/9426/1698
f 5420/9427/1699 5421/9428/1699 5423/9429/1699 5422/9430/1699
f 5427/9431/1700 5428/9432/1700 5439/9433/1700 5437/9434/1700
f 5422/9430/1701 5423/9429/1701 5425/9435/1701 5424/9436/1701
f 5424/9437/1702 5425/9438/1702 5407/9408/1702 5406/9407/1702
f 5406/9439/1703 5408/9440/1703 5410/9441/1703 5412/9442/1703 5414/9443/1703 5416/9444/1703 5418/9445/1703 5420/9446/1703 5422/9447/1703 5424/9448/1703
f 5409/9449/1704 5407/9450/1704 5427/9451/1704 5426/9452/1704
f 5407/9450/1704 5425/9453/1704 5428/9454/1704 5427/9451/1704
f 5425/9453/1704 5423/9455/1704 5429/9456/1704 5428/9454/1704
f 5423/9455/1704 5421/9457/1704 5430/9458/1704 5429/9456/1704
f 5421/9457/1704 5419/9459/1704 5431/9460/1704 5430/9458/1704
f 5419/9459/1704 5417/9461/1704 5432/9462/1704 5431/9460/1704
f 5417/9461/1704 5415/9463/1704 5433/9464/1704 5432/9462/1704
f 5415/9463/1704 5413/9465/1704 5434/9466/1704 5433/9464/1704
f 5413/9465/1704 5411/9467/1704 5435/9468/1704 5434/9466/1704
f 5411/9467/1704 5409/9449/1704 5426/9452/1704 5435/9468/1704
f 5436/9469/1704 5437/9470/1704 5439/9471/1704 5440/9472/1704 5441/9473/1704 5442/9474/1704 5443/9475/1704 5444/9476/1704 5445/9477/1704 5438/9478/1704
f 5434/9479/1705 5435/9480/1705 5438/9481/1705 5445/9482/1705
f 5431/9483/1706 5432/9484/1706 5443/9485/1706 5442/9486/1706
f 5428/9432/1707 5429/9487/1707 5440/9488/1707 5439/9433/1707
f 5426/9489/1708 5427/9490/1708 5437/9491/1708 5436/9492/1708
f 5432/9484/1709 5433/9493/1709 5444/9494/1709 5443/9485/1709
f 5429/9487/1710 5430/9495/1710 5441/9496/1710 5440/9488/1710
f 5435/9497/1711 5426/9489/1711 5436/9492/1711 5438/9498/1711
f 5433/9499/1712 5434/9479/1712 5445/9482/1712 5444/9500/1712
f 5430/9501/1713 5431/9483/1713 5442/9486/1713 5441/9502/1713
f 5446/9407/1692 5447/9408/1692 5449/9409/1692 5448/9410/1692
f 5448/9410/1693 5449/9409/1693 5451/9411/1693 5450/9412/1693
f 5450/9413/1694 5451/9414/1694 5453/9415/1694 5452/9416/1694
f 5452/9416/1695 5453/9415/1695 5455/9417/1695 5454/9418/1695
f 5454/9418/1696 5455/9417/1696 5457/9419/1696 5456/9420/1696
f 5456/9421/1697 5457/9422/1697 5459/9423/1697 5458/9424/1697
f 5458/9424/1698 5459/9423/1698 5461/9425/1698 5460/9426/1698
f 5460/9427/1699 5461/9428/1699 5463/9429/1699 5462/9430/1699
f 5467/9431/1700 5468/9432/1700 5479/9433/1700 5477/9434/1700
f 5462/9430/1701 5463/9429/1701 5465/9435/1701 5464/9436/1701
f 5464/9437/1702 5465/9438/1702 5447/9408/1702 5446/9407/1702
f 5446/9439/1703 5448/9440/1703 5450/9441/1703 5452/9442/1703 5454/9443/1703 5456/9444/1703 5458/9445/1703 5460/9446/1703 5462/9447/1703 5464/9448/1703
f 5449/9449/1704 5447/9450/1704 5467/9451/1704 5466/9452/1704
f 5447/9450/1704 5465/9453/1704 5468/9454/1704 5467/9451/1704
f 5465/9453/1704 5463/9455/1704 5469/9456/1704 5468/9454/1704
f 5463/9455/1704 5461/9457/1704 5470/9458/1704 5469/9456/1704
f 5461/9457/1704 5459/9459/1704 5471/9460/1704 5470/9458/1704
f 5459/9459/1704 5457/9461/1704 5472/9462/1704 5471/9460/1704
f 5457/9461/1704 5455/9463/1704 5473/9464/1704 5472/9462/1704
f 5455/9463/1704 5453/9465/1704 5474/9466/1704 5473/9464/1704
f 5453/9465/1704 5451/9467/1704 5475/9468/1704 5474/9466/1704
f 5451/9467/1704 5449/9449/1704 5466/9452/1704 5475/9468/1704
f 5476/9469/1704 5477/9470/1704 5479/9471/1704 5480/9472/1704 5481/9473/1704 5482/9474/1704 5483/9475/1704 5484/9476/1704 5485/9477/1704 5478/9478/1704
f 5474/9479/1705 5475/9480/1705 5478/9481/1705 5485/9482/1705
f 5471/9483/1706 5472/9484/1706 5483/9485/1706 5482/9486/1706
f 5468/9432/1707 5469/9487/1707 5480/9488/1707 5479/9433/1707
f 5466/9489/1708 5467/9490/1708 5477/9491/1708 5476/9492/1708
f 5472/9484/1709 5473/9493/1709 5484/9494/1709 5483/9485/1709
f 5469/9487/1710 5470/9495/1710 5481/9496/1710 5480/9488/1710
f 5475/9497/1711 5466/9489/1711 5476/9492/1711 5478/9498/1711
f 5473/9499/1712 5474/9479/1712 5485/9482/1712 5484/9500/1712
f 5470/9501/1713 5471/9483/1713 5482/9486/1713 5481/9502/1713
f 5486/9407/1692 5487/9408/1692 5489/9409/1692 5488/9410/1692
f 5488/9410/1693 5489/9409/1693 5491/9411/1693 5490/9412/1693
f 5490/9413/1694 5491/9414/1694 5493/9415/1694 5492/9416/1694
f 5492/9416/1695 5493/9415/1695 5495/9417/1695 5494/9418/1695
f 5494/9418/1696 5495/9417/1696 5497/9419/1696 5496/9420/1696
f 5496/9421/1697 5497/9422/1697 5499/9423/1697 5498/9424/1697
f 5498/9424/1698 5499/9423/1698 5501/9425/1698 5500/9426/1698
f 5500/9427/1699 5501/9428/1699 5503/9429/1699 5502/9430/1699
f 5507/9431/1700 5508/9432/1700 5519/9433/1700 5517/9434/1700
f 5502/9430/1701 5503/9429/1701 5505/9435/1701 5504/9436/1701
f 5504/9437/1702 5505/9438/1702 5487/9408/1702 5486/9407/1702
f 5486/9439/1703 5488/9440/1703 5490/9441/1703 5492/9442/1703 5494/9443/1703 5496/9444/1703 5498/9445/1703 5500/9446/1703 5502/9447/1703 5504/9448/1703
f 5489/9449/1704 5487/9450/1704 5507/9451/1704 5506/9452/1704
f 5487/9450/1704 5505/9453/1704 5508/9454/1704 5507/9451/1704
f 5505/9453/1704 5503/9455/1704 5509/9456/1704 5508/9454/1704
f 5503/9455/1704 5501/9457/1704 5510/9458/1704 5509/9456/1704
f 5501/9457/1704 5499/9459/1704 5511/9460/1704 5510/9458/1704
f 5499/9459/1704 5497/9461/1704 5512/9462/1704 5511/9460/1704
f 5497/9461/1704 5495/9463/1704 5513/9464/1704 5512/9462/1704
f 5495/9463/1704 5493/9465/1704 5514/9466/1704 5513/9464/1704
f 5493/9465/1704 5491/9467/1704 5515/9468/1704 5514/9466/1704
f 5491/9467/1704 5489/9449/1704 5506/9452/1704 5515/9468/1704
f 5516/9469/1704 5517/9470/1704 5519/9471/1704 5520/9472/1704 5521/9473/1704 5522/9474/1704 5523/9475/1704 5524/9476/1704 5525/9477/1704 5518/9478/1704
f 5514/9479/1705 5515/9480/1705 5518/9481/1705 5525/9482/1705
f 5511/9483/1706 5512/9484/1706 5523/9485/1706 5522/9486/1706
f 5508/9432/1707 5509/9487/1707 5520/9488/1707 5519/9433/1707
f 5506/9489/1708 5507/9490/1708 5517/9491/1708 5516/9492/1708
f 5512/9484/1709 5513/9493/1709 5524/9494/1709 5523/9485/1709
f 5509/9487/1710 5510/9495/1710 5521/9496/1710 5520/9488/1710
f 5515/9497/1711 5506/9489/1711 5516/9492/1711 5518/9498/1711
f 5513/9499/1712 5514/9479/1712 5525/9482/1712 5524/9500/1712
f 5510/9501/1713 5511/9483/1713 5522/9486/1713 5521/9502/1713
f 5526/9407/1692 5527/9408/1692 5529/9409/1692 5528/9410/1692
f 5528/9410/1693 5529/9409/1693 5531/9411/1693 5530/9412/1693
f 5530/9413/1694 5531/9414/1694 5533/9415/1694 5532/9416/1694
f 5532/9416/1695 5533/9415/1695 5535/9417/1695 5534/9418/1695
f 5534/9418/1696 5535/9417/1696 5537/9419/1696 5536/9420/1696
f 5536/9421/1697 5537/9422/1697 5539/9423/1697 5538/9424/1697
f 5538/9424/1698 5539/9423/1698 5541/9425/1698 5540/9426/1698
f 5540/9427/1699 5541/9428/1699 5543/9429/1699 5542/9430/1699
f 5547/9431/1700 5548/9432/1700 5559/9433/1700 5557/9434/1700
f 5542/9430/1701 5543/9429/1701 5545/9435/1701 5544/9436/1701
f 5544/9437/1702 5545/9438/1702 5527/9408/1702 5526/9407/1702
f 5526/9439/1703 5528/9440/1703 5530/9441/1703 5532/9442/1703 5534/9443/1703 5536/9444/1703 5538/9445/1703 5540/9446/1703 5542/9447/1703 5544/9448/1703
f 5529/9449/1704 5527/9450/1704 5547/9451/1704 5546/9452/1704
f 5527/9450/1704 5545/9453/1704 5548/9454/1704 5547/9451/1704
f 5545/9453/1704 5543/9455/1704 5549/9456/1704 5548/9454/1704
f 5543/9455/1704 5541/9457/1704 5550/9458/1704 5549/9456/1704
f 5541/9457/1704 5539/9459/1704 5551/9460/1704 5550/9458/1704
f 5539/9459/1704 5537/9461/1704 5552/9462/1704 5551/9460/1704
f 5537/9461/1704 5535/9463/1704 5553/9464/1704 5552/9462/1704
f 5535/9463/1704 5533/9465/1704 5554/9466/1704 5553/9464/1704
f 5533/9465/1704 5531/9467/1704 5555/9468/1704 5554/9466/1704
f 5531/9467/1704 5529/9449/1704 5546/9452/1704 5555/9468/1704
f 5556/9469/1704 5557/9470/1704 5559/9471/1704 5560/9472/1704 5561/9473/1704 5562/9474/1704 5563/9475/1704 5564/9476/1704 5565/9477/1704 5558/9478/1704
f 5554/9479/1705 5555/9480/1705 5558/9481/1705 5565/9482/1705
f 5551/9483/1706 5552/9484/1706 5563/9485/1706 5562/9486/1706
f 5548/9432/1707 5549/9487/1707 5560/9488/1707 5559/9433/1707
f 5546/9489/1708 5547/9490/1708 5557/9491/1708 5556/9492/1708
f 5552/9484/1709 5553/9493/1709 5564/9494/1709 5563/9485/1709
f 5549/9487/1710 5550/9495/1710 5561/9496/1710 5560/9488/1710
f 5555/9497/1711 5546/9489/1711 5556/9492/1711 5558/9498/1711
f 5553/9499/1712 5554/9479/1712 5565/9482/1712 5564/9500/1712
f 5550/9501/1713 5551/9483/1713 5562/9486/1713 5561/9502/1713
f 5566/9407/1692 5567/9408/1692 5569/9409/1692 5568/9410/1692
f 5568/9410/1693 5569/9409/1693 5571/9411/1693 5570/9412/1693
f 5570/9413/1694 5571/9414/1694 5573/9415/1694 5572/9416/1694
f 5572/9416/1695 5573/9415/1695 5575/9417/1695 5574/9418/1695
f 5574/9418/1696 5575/9417/1696 5577/9419/1696 5576/9420/1696
f 5576/9421/1697 5577/9422/1697 5579/9423/1697 5578/9424/1697
f 5578/9424/1698 5579/9423/1698 5581/9425/1698 5580/9426/1698
f 5580/9427/1699 5581/9428/1699 5583/9429/1699 5582/9430/1699
f 5587/9431/1700 5588/9432/1700 5599/9433/1700 5597/9434/1700
f 5582/9430/1701 5583/9429/1701 5585/9435/1701 5584/9436/1701
f 5584/9437/1702 5585/9438/1702 5567/9408/1702 5566/9407/1702
f 5566/9439/1703 5568/9440/1703 5570/9441/1703 5572/9442/1703 5574/9443/1703 5576/9444/1703 5578/9445/1703 5580/9446/1703 5582/9447/1703 5584/9448/1703
f 5569/9449/1704 5567/9450/1704 5587/9451/1704 5586/9452/1704
f 5567/9450/1704 5585/9453/1704 5588/9454/1704 5587/9451/1704
f 5585/9453/1704 5583/9455/1704 5589/9456/1704 5588/9454/1704
f 5583/9455/1704 5581/9457/1704 5590/9458/1704 5589/9456/1704
f 5581/9457/1704 5579/9459/1704 5591/9460/1704 5590/9458/1704
f 5579/9459/1704 5577/9461/1704 5592/9462/1704 5591/9460/1704
f 5577/9461/1704 5575/9463/1704 5593/9464/1704 5592/9462/1704
f 5575/9463/1704 5573/9465/1704 5594/9466/1704 5593/9464/1704
f 5573/9465/1704 5571/9467/1704 5595/9468/1704 5594/9466/1704
f 5571/9467/1704 5569/9449/1704 5586/9452/1704 5595/9468/1704
f 5596/9469/1704 5597/9470/1704 5599/9471/1704 5600/9472/1704 5601/9473/1704 5602/9474/1704 5603/9475/1704 5604/9476/1704 5605/9477/1704 5598/9478/1704
f 5594/9479/1705 5595/9480/1705 5598/9481/1705 5605/9482/1705
f 5591/9483/1706 5592/9484/1706 5603/9485/1706 5602/9486/1706
f 5588/9432/1707 5589/9487/1707 5600/9488/1707 5599/9433/1707
f 5586/9489/1708 5587/9490/1708 5597/9491/1708 5596/9492/1708
f 5592/9484/1709 5593/9493/1709 5604/9494/1709 5603/9485/1709
f 5589/9487/1710 5590/9495/1710 5601/9496/1710 5600/9488/1710
f 5595/9497/1711 5586/9489/1711 5596/9492/1711 5598/9498/1711
f 5593/9499/1712 5594/9479/1712 5605/9482/1712 5604/9500/1712
f 5590/9501/1713 5591/9483/1713 5602/9486/1713 5601/9502/1713
o Cylinder.029
v 1.664960 1.300000 -1.900434
v 1.645264 1.420000 -1.896961
v 1.668401 1.300000 -1.924915
v 1.650425 1.420000 -1.933682
v 1.685574 1.300000 -1.942698
v 1.676184 1.420000 -1.960357
v 1.709920 1.300000 -1.946991
v 1.712703 1.420000 -1.966796
v 1.732139 1.300000 -1.936154
v 1.746032 1.420000 -1.950541
v 1.743745 1.300000 -1.914326
v 1.763441 1.420000 -1.917799
v 1.740304 1.300000 -1.889845
v 1.758280 1.420000 -1.881078
v 1.723132 1.300000 -1.872062
v 1.732521 1.420000 -1.854403
v 1.698786 1.300000 -1.867769
v 1.696002 1.420000 -1.847964
v 1.676566 1.300000 -1.878607
v 1.662673 1.420000 -1.864220
v 1.655150 1.420000 -1.931378
v 1.650442 1.420000 -1.897874
v 1.666325 1.420000 -1.868002
v 1.696734 1.420000 -1.853170
v 1.730053 1.420000 -1.859045
v 1.753555 1.420000 -1.883383
v 1.758264 1.420000 -1.916886
v 1.742380 1.420000 -1.946759
v 1.711971 1.420000 -1.961590
v 1.678653 1.420000 -1.955715
v 1.669911 1.303000 -1.924179
v 1.666615 1.303000 -1.900726
v 1.686363 1.303000 -1.941215
v 1.677734 1.303000 -1.879815
v 1.699020 1.303000 -1.869433
v 1.722343 1.303000 -1.873546
v 1.738794 1.303000 -1.890582
v 1.742090 1.303000 -1.914034
v 1.730972 1.303000 -1.934945
v 1.709686 1.303000 -1.945327
v 1.664960 1.350000 -1.900434
v 1.645264 1.470000 -1.896961
v 1.668401 1.350000 -1.924915
v 1.650425 1.470000 -1.933682
v 1.685574 1.350000 -1.942698
v 1.676184 1.470000 -1.960357
v 1.709920 1.350000 -1.946991
v 1.712703 1.470000 -1.966796
v 1.732139 1.350000 -1.936154
v 1.746032 1.470000 -1.950541
v 1.743745 1.350000 -1.914326
v 1.763441 1.470000 -1.917799
v 1.740304 1.350000 -1.889845
v 1.758280 1.470000 -1.881078
v 1.723132 1.350000 -1.872062
v 1.732521 1.470000 -1.854403
v 1.698786 1.350000 -1.867769
v 1.696002 1.470000 -1.847964
v 1.676566 1.350000 -1.878607
v 1.662673 1.470000 -1.864220
v 1.655150 1.470000 -1.931378
v 1.650442 1.470000 -1.897874
v 1.666325 1.470000 -1.868002
v 1.696734 1.470000 -1.853170
v 1.730053 1.470000 -1.859045
v 1.753555 1.470000 -1.883383
v 1.758264 1.470000 -1.916886
v 1.742380 1.470000 -1.946759
v 1.711971 1.470000 -1.961590
v 1.678653 1.470000 -1.955715
v 1.669911 1.353000 -1.924179
v 1.666615 1.353000 -1.900726
v 1.686363 1.353000 -1.941215
v 1.677734 1.353000 -1.879815
v 1.699020 1.353000 -1.869433
v 1.722343 1.353000 -1.873546
v 1.738794 1.353000 -1.890582
v 1.742090 1.353000 -1.914034
v 1.730972 1.353000 -1.934945
v 1.709686 1.353000 -1.945327
v 1.664960 1.400000 -1.900434
v 1.645264 1.520000 -1.896961
v 1.668401 1.400000 -1.924915
v 1.650425 1.520000 -1.933682
v 1.685574 1.400000 -1.942698
v 1.676184 1.520000 -1.960357
v 1.709920 1.400000 -1.946991
v 1.712703 1.520000 -1.966796
v 1.732139 1.400000 -1.936154
v 1.746032 1.520000 -1.950541
v 1.743745 1.400000 -1.914326
v 1.763441 1.520000 -1.917799
v 1.740304 1.400000 -1.889845
v 1.758280 1.520000 -1.881078
v 1.723132 1.400000 -1.872062
v 1.732521 1.520000 -1.854403
v 1.698786 1.400000 -1.867769
v 1.696002 1.520000 -1.847964
v 1.676566 1.400000 -1.878607
v 1.662673 1.520000 -1.864220
v 1.655150 1.520000 -1.931378
v 1.650442 1.520000 -1.897874
v 1.666325 1.520000 -1.868002
v 1.696734 1.520000 -1.853170
v 1.730053 1.520000 -1.859045
v 1.753555 1.520000 -1.883383
v 1.758264 1.520000 -1.916886
v 1.742380 1.520000 -1.946759
v 1.711971 1.520000 -1.961590
v 1.678653 1.520000 -1.955715
v 1.669911 1.403000 -1.924179
v 1.666615 1.403000 -1.900726
v 1.686363 1.403000 -1.941215
v 1.677734 1.403000 -1.879815
v 1.699020 1.403000 -1.869433
v 1.722343 1.403000 -1.873546
v 1.738794 1.403000 -1.890582
v 1.742090 1.403000 -1.914034
v 1.730972 1.403000 -1.934945
v 1.709686 1.403000 -1.945327
v 1.664960 1.450000 -1.900434
v 1.645264 1.570000 -1.896961
v 1.668401 1.450000 -1.924915
v 1.650425 1.570000 -1.933682
v 1.685574 1.450000 -1.942698
v 1.676184 1.570000 -1.960357
v 1.709920 1.450000 -1.946991
v 1.712703 1.570000 -1.966796
v 1.732139 1.450000 -1.936154
v 1.746032 1.570000 -1.950541
v 1.743745 1.450000 -1.914326
v 1.763441 1.570000 -1.917799
v 1.740304 1.450000 -1.889845
v 1.758280 1.570000 -1.881078
v 1.723132 1.450000 -1.872062
v 1.732521 1.570000 -1.854403
v 1.698786 1.450000 -1.867769
v 1.696002 1.570000 -1.847964
v 1.676566 1.450000 -1.878607
v 1.662673 1.570000 -1.864220
v 1.655150 1.570000 -1.931378
v 1.650442 1.570000 -1.897874
v 1.666325 1.570000 -1.868002
v 1.696734 1.570000 -1.853170
v 1.730053 1.570000 -1.859045
v 1.753555 1.570000 -1.883383
v 1.758264 1.570000 -1.916886
v 1.742380 1.570000 -1.946759
v 1.711971 1.570000 -1.961590
v 1.678653 1.570000 -1.955715
v 1.669911 1.453000 -1.924179
v 1.666615 1.453000 -1.900726
v 1.686363 1.453000 -1.941215
v 1.677734 1.453000 -1.879815
v 1.699020 1.453000 -1.869433
v 1.722343 1.453000 -1.873546
v 1.738794 1.453000 -1.890582
v 1.742090 1.453000 -1.914034
v 1.730972 1.453000 -1.934945
v 1.709686 1.453000 -1.945327
v 1.664960 1.500000 -1.900434
v 1.645264 1.620000 -1.896961
v 1.668401 1.500000 -1.924915
v 1.650425 1.620000 -1.933682
v 1.685574 1.500000 -1.942698
v 1.676184 1.620000 -1.960357
v 1.709920 1.500000 -1.946991
v 1.712703 1.620000 -1.966796
v 1.732139 1.500000 -1.936154
v 1.746032 1.620000 -1.950541
v 1.743745 1.500000 -1.914326
v 1.763441 1.620000 -1.917799
v 1.740304 1.500000 -1.889845
v 1.758280 1.620000 -1.881078
v 1.723132 1.500000 -1.872062
v 1.732521 1.620000 -1.854403
v 1.698786 1.500000 -1.867769
v 1.696002 1.620000 -1.847964
v 1.676566 1.500000 -1.878607
v 1.662673 1.620000 -1.864220
v 1.655150 1.620000 -1.931378
v 1.650442 1.620000 -1.897874
v 1.666325 1.620000 -1.868002
v 1.696734 1.620000 -1.853170
v 1.730053 1.620000 -1.859045
v 1.753555 1.620000 -1.883383
v 1.758264 1.620000 -1.916886
v 1.742380 1.620000 -1.946759
v 1.711971 1.620000 -1.961590
v 1.678653 1.620000 -1.955715
v 1.669911 1.503000 -1.924179
v 1.666615 1.503000 -1.900726
v 1.686363 1.503000 -1.941215
v 1.677734 1.503000 -1.879815
v 1.699020 1.503000 -1.869433
v 1.722343 1.503000 -1.873546
v 1.738794 1.503000 -1.890582
v 1.742090 1.503000 -1.914034
v 1.730972 1.503000 -1.934945
v 1.709686 1.503000 -1.945327
v 1.664960 1.550000 -1.900434
v 1.645264 1.670000 -1.896961
v 1.668401 1.550000 -1.924915
v 1.650425 1.670000 -1.933682
v 1.685574 1.550000 -1.942698
v 1.676184 1.670000 -1.960357
v 1.709920 1.550000 -1.946991
v 1.712703 1.670000 -1.966796
v 1.732139 1.550000 -1.936154
v 1.746032 1.670000 -1.950541
v 1.743745 1.550000 -1.914326
v 1.763441 1.670000 -1.917799
v 1.740304 1.550000 -1.889845
v 1.758280 1.670000 -1.881078
v 1.723132 1.550000 -1.872062
v 1.732521 1.670000 -1.854403
v 1.698786 1.550000 -1.867769
v 1.696002 1.670000 -1.847964
v 1.676566 1.550000 -1.878607
v 1.662673 1.670000 -1.864220
v 1.655150 1.670000 -1.931378
v 1.650442 1.670000 -1.897874
v 1.666325 1.670000 -1.868002
v 1.696734 1.670000 -1.853170
v 1.730053 1.670000 -1.859045
v 1.753555 1.670000 -1.883383
v 1.758264 1.670000 -1.916886
v 1.742380 1.670000 -1.946759
v 1.711971 1.670000 -1.961590
v 1.678653 1.670000 -1.955715
v 1.669911 1.553000 -1.924179
v 1.666615 1.553000 -1.900726
v 1.686363 1.553000 -1.941215
v 1.677734 1.553000 -1.879815
v 1.699020 1.553000 -1.869433
v 1.722343 1.553000 -1.873546
v 1.738794 1.553000 -1.890582
v 1.742090 1.553000 -1.914034
v 1.730972 1.553000 -1.934945
v 1.709686 1.553000 -1.945327
v 1.664960 1.600000 -1.900434
v 1.645264 1.720000 -1.896961
v 1.668401 1.600000 -1.924915
v 1.650425 1.720000 -1.933682
v 1.685574 1.600000 -1.942698
v 1.676184 1.720000 -1.960357
v 1.709920 1.600000 -1.946991
v 1.712703 1.720000 -1.966796
v 1.732139 1.600000 -1.936154
v 1.746032 1.720000 -1.950541
v 1.743745 1.600000 -1.914326
v 1.763441 1.720000 -1.917799
v 1.740304 1.600000 -1.889845
v 1.758280 1.720000 -1.881078
v 1.723132 1.600000 -1.872062
v 1.732521 1.720000 -1.854403
v 1.698786 1.600000 -1.867769
v 1.696002 1.720000 -1.847964
v 1.676566 1.600000 -1.878607
v 1.662673 1.720000 -1.864220
v 1.655150 1.720000 -1.931378
v 1.650442 1.720000 -1.897874
v 1.666325 1.720000 -1.868002
v 1.696734 1.720000 -1.853170
v 1.730053 1.720000 -1.859045
v 1.753555 1.720000 -1.883383
v 1.758264 1.720000 -1.916886
v 1.742380 1.720000 -1.946759
v 1.711971 1.720000 -1.961590
v 1.678653 1.720000 -1.955715
v 1.669911 1.603000 -1.924179
v 1.666615 1.603000 -1.900726
v 1.686363 1.603000 -1.941215
v 1.677734 1.603000 -1.879815
v 1.699020 1.603000 -1.869433
v 1.722343 1.603000 -1.873546
v 1.738794 1.603000 -1.890582
v 1.742090 1.603000 -1.914034
v 1.730972 1.603000 -1.934945
v 1.709686 1.603000 -1.945327
vn -0.9781 -0.1566 -0.1375
vn -0.7105 -0.1566 -0.6861
vn -0.1715 -0.1566 -0.9727
vn 0.4330 -0.1566 -0.8877
vn 0.8721 -0.1566 -0.4637
vn 0.9781 -0.1566 0.1375
vn 0.7105 -0.1566 0.6861
vn 0.1715 -0.1566 0.9727
vn 0.8752 0.1323 -0.4653
vn -0.4330 -0.1566 0.8877
vn -0.8721 -0.1566 0.4637
vn -0.0000 -1.0000 -0.0000
vn -0.0000 1.0000 -0.0000
vn 0.1721 0.1323 0.9761
vn -0.9816 0.1323 -0.1379
vn 0.4345 0.1323 -0.8909
vn 0.9816 0.1323 0.1379
vn -0.8752 0.1323 0.4653
vn -0.1721 0.1323 -0.9761
vn 0.7130 0.1323 0.6886
vn -0.4345 0.1323 0.8909
vn -0.7130 0.1323 -0.6886
vt 0.424322 0.339396
vt 0.406875 0.000000
vt 0.511559 0.000000
vt 0.494111 0.339396
vt 0.596250 0.000753
vt 0.550572 0.339899
vt 0.045678 0.678663
vt 0.000000 0.339518
vt 0.084691 0.338764
vt 0.102138 0.678160
vt 0.189375 0.338764
vt 0.171928 0.678160
vt 0.274066 0.339518
vt 0.228388 0.678663
vt 0.640578 0.339741
vt 0.596250 0.000416
vt 0.680943 -0.000000
vt 0.697040 0.339463
vt 0.785626 0.000416
vt 0.766829 0.339741
vt 0.829954 0.339741
vt 0.785626 0.000416
vt 0.870320 0.000000
vt 0.886417 0.339463
vt 0.322184 0.339899
vt 0.399454 0.340586
vt 0.413781 0.670316
vt 0.359692 0.669835
vt 0.975003 0.000416
vt 0.956205 0.339741
vt 0.367862 0.339899
vt 0.322184 0.000753
vt 0.363205 0.874593
vt 0.322184 0.818132
vt 0.322184 0.748343
vt 0.363205 0.691882
vt 0.429578 0.670316
vt 0.495952 0.691882
vt 0.536973 0.748343
vt 0.536973 0.818132
vt 0.495952 0.874593
vt 0.429578 0.896159
vt 0.260652 0.306415
vt 0.161092 0.338764
vt 0.161092 0.323923
vt 0.251929 0.294408
vt 0.061532 0.306415
vt 0.070255 0.294408
vt 0.000000 0.221724
vt 0.014115 0.217138
vt 0.000000 0.117040
vt 0.014115 0.121626
vt 0.061532 0.032349
vt 0.070255 0.044356
vt 0.161092 0.000000
vt 0.161092 0.014842
vt 0.260652 0.032349
vt 0.251929 0.044356
vt 0.322184 0.117040
vt 0.308069 0.121626
vt 0.322184 0.221724
vt 0.308069 0.217138
vt 0.576271 0.866013
vt 0.536973 0.811924
vt 0.536973 0.745066
vt 0.576271 0.690977
vt 0.639857 0.670316
vt 0.703442 0.690977
vt 0.742741 0.745066
vt 0.742741 0.811924
vt 0.703442 0.866013
vt 0.639857 0.886673
vt 0.917798 0.670329
vt 0.995070 0.669949
vt 0.956250 0.999734
vt 0.902160 1.000000
vt 0.649506 0.340586
vt 0.745017 0.340586
vt 0.730691 0.670316
vt 0.663833 0.670316
vt 0.494965 0.340586
vt 0.480639 0.670316
vt 0.917798 0.340279
vt 0.995070 0.339899
vt 0.956250 0.669683
vt 0.902160 0.669949
vt 0.822287 0.339899
vt 0.784780 0.669835
vt 0.572236 0.339899
vt 0.534728 0.669835
vt 0.822287 0.339899
vt 0.835302 0.669683
vt 0.822287 0.669949
vt 0.835302 0.999734
vt 0.572236 0.339899
vt 0.609743 0.669835
s 0
usemtl paper_cup.002
f 5606/9503/1714 5607/9504/1714 5609/9505/1714 5608/9506/1714
f 5608/9506/1715 5609/9505/1715 5611/9507/1715 5610/9508/1715
f 5610/9509/1716 5611/9510/1716 5613/9511/1716 5612/9512/1716
f 5612/9512/1717 5613/9511/1717 5615/9513/1717 5614/9514/1717
f 5614/9514/1718 5615/9513/1718 5617/9515/1718 5616/9516/1718
f 5616/9517/1719 5617/9518/1719 5619/9519/1719 5618/9520/1719
f 5618/9520/1720 5619/9519/1720 5621/9521/1720 5620/9522/1720
f 5620/9523/1721 5621/9524/1721 5623/9525/1721 5622/9526/1721
f 5627/9527/1722 5628/9528/1722 5639/9529/1722 5637/9530/1722
f 5622/9526/1723 5623/9525/1723 5625/9531/1723 5624/9532/1723
f 5624/9533/1724 5625/9534/1724 5607/9504/1724 5606/9503/1724
f 5606/9535/1725 5608/9536/1725 5610/9537/1725 5612/9538/1725 5614/9539/1725 5616/9540/1725 5618/9541/1725 5620/9542/1725 5622/9543/1725 5624/9544/1725
f 5609/9545/1726 5607/9546/1726 5627/9547/1726 5626/9548/1726
f 5607/9546/1726 5625/9549/1726 5628/9550/1726 5627/9547/1726
f 5625/9549/1726 5623/9551/1726 5629/9552/1726 5628/9550/1726
f 5623/9551/1726 5621/9553/1726 5630/9554/1726 5629/9552/1726
f 5621/9553/1726 5619/9555/1726 5631/9556/1726 5630/9554/1726
f 5619/9555/1726 5617/9557/1726 5632/9558/1726 5631/9556/1726
f 5617/9557/1726 5615/9559/1726 5633/9560/1726 5632/9558/1726
f 5615/9559/1726 5613/9561/1726 5634/9562/1726 5633/9560/1726
f 5613/9561/1726 5611/9563/1726 5635/9564/1726 5634/9562/1726
f 5611/9563/1726 5609/9545/1726 5626/9548/1726 5635/9564/1726
f 5636/9565/1726 5637/9566/1726 5639/9567/1726 5640/9568/1726 5641/9569/1726 5642/9570/1726 5643/9571/1726 5644/9572/1726 5645/9573/1726 5638/9574/1726
f 5634/9575/1727 5635/9576/1727 5638/9577/1727 5645/9578/1727
f 5631/9579/1728 5632/9580/1728 5643/9581/1728 5642/9582/1728
f 5628/9528/1729 5629/9583/1729 5640/9584/1729 5639/9529/1729
f 5626/9585/1730 5627/9586/1730 5637/9587/1730 5636/9588/1730
f 5632/9580/1731 5633/9589/1731 5644/9590/1731 5643/9581/1731
f 5629/9583/1732 5630/9591/1732 5641/9592/1732 5640/9584/1732
f 5635/9593/1733 5626/9585/1733 5636/9588/1733 5638/9594/1733
f 5633/9595/1734 5634/9575/1734 5645/9578/1734 5644/9596/1734
f 5630/9597/1735 5631/9579/1735 5642/9582/1735 5641/9598/1735
f 5646/9503/1714 5647/9504/1714 5649/9505/1714 5648/9506/1714
f 5648/9506/1715 5649/9505/1715 5651/9507/1715 5650/9508/1715
f 5650/9509/1716 5651/9510/1716 5653/9511/1716 5652/9512/1716
f 5652/9512/1717 5653/9511/1717 5655/9513/1717 5654/9514/1717
f 5654/9514/1718 5655/9513/1718 5657/9515/1718 5656/9516/1718
f 5656/9517/1719 5657/9518/1719 5659/9519/1719 5658/9520/1719
f 5658/9520/1720 5659/9519/1720 5661/9521/1720 5660/9522/1720
f 5660/9523/1721 5661/9524/1721 5663/9525/1721 5662/9526/1721
f 5667/9527/1722 5668/9528/1722 5679/9529/1722 5677/9530/1722
f 5662/9526/1723 5663/9525/1723 5665/9531/1723 5664/9532/1723
f 5664/9533/1724 5665/9534/1724 5647/9504/1724 5646/9503/1724
f 5646/9535/1725 5648/9536/1725 5650/9537/1725 5652/9538/1725 5654/9539/1725 5656/9540/1725 5658/9541/1725 5660/9542/1725 5662/9543/1725 5664/9544/1725
f 5649/9545/1726 5647/9546/1726 5667/9547/1726 5666/9548/1726
f 5647/9546/1726 5665/9549/1726 5668/9550/1726 5667/9547/1726
f 5665/9549/1726 5663/9551/1726 5669/9552/1726 5668/9550/1726
f 5663/9551/1726 5661/9553/1726 5670/9554/1726 5669/9552/1726
f 5661/9553/1726 5659/9555/1726 5671/9556/1726 5670/9554/1726
f 5659/9555/1726 5657/9557/1726 5672/9558/1726 5671/9556/1726
f 5657/9557/1726 5655/9559/1726 5673/9560/1726 5672/9558/1726
f 5655/9559/1726 5653/9561/1726 5674/9562/1726 5673/9560/1726
f 5653/9561/1726 5651/9563/1726 5675/9564/1726 5674/9562/1726
f 5651/9563/1726 5649/9545/1726 5666/9548/1726 5675/9564/1726
f 5676/9565/1726 5677/9566/1726 5679/9567/1726 5680/9568/1726 5681/9569/1726 5682/9570/1726 5683/9571/1726 5684/9572/1726 5685/9573/1726 5678/9574/1726
f 5674/9575/1727 5675/9576/1727 5678/9577/1727 5685/9578/1727
f 5671/9579/1728 5672/9580/1728 5683/9581/1728 5682/9582/1728
f 5668/9528/1729 5669/9583/1729 5680/9584/1729 5679/9529/1729
f 5666/9585/1730 5667/9586/1730 5677/9587/1730 5676/9588/1730
f 5672/9580/1731 5673/9589/1731 5684/9590/1731 5683/9581/1731
f 5669/9583/1732 5670/9591/1732 5681/9592/1732 5680/9584/1732
f 5675/9593/1733 5666/9585/1733 5676/9588/1733 5678/9594/1733
f 5673/9595/1734 5674/9575/1734 5685/9578/1734 5684/9596/1734
f 5670/9597/1735 5671/9579/1735 5682/9582/1735 5681/9598/1735
f 5686/9503/1714 5687/9504/1714 5689/9505/1714 5688/9506/1714
f 5688/9506/1715 5689/9505/1715 5691/9507/1715 5690/9508/1715
f 5690/9509/1716 5691/9510/1716 5693/9511/1716 5692/9512/1716
f 5692/9512/1717 5693/9511/1717 5695/9513/1717 5694/9514/1717
f 5694/9514/1718 5695/9513/1718 5697/9515/1718 5696/9516/1718
f 5696/9517/1719 5697/9518/1719 5699/9519/1719 5698/9520/1719
f 5698/9520/1720 5699/9519/1720 5701/9521/1720 5700/9522/1720
f 5700/9523/1721 5701/9524/1721 5703/9525/1721 5702/9526/1721
f 5707/9527/1722 5708/9528/1722 5719/9529/1722 5717/9530/1722
f 5702/9526/1723 5703/9525/1723 5705/9531/1723 5704/9532/1723
f 5704/9533/1724 5705/9534/1724 5687/9504/1724 5686/9503/1724
f 5686/9535/1725 5688/9536/1725 5690/9537/1725 5692/9538/1725 5694/9539/1725 5696/9540/1725 5698/9541/1725 5700/9542/1725 5702/9543/1725 5704/9544/1725
f 5689/9545/1726 5687/9546/1726 5707/9547/1726 5706/9548/1726
f 5687/9546/1726 5705/9549/1726 5708/9550/1726 5707/9547/1726
f 5705/9549/1726 5703/9551/1726 5709/9552/1726 5708/9550/1726
f 5703/9551/1726 5701/9553/1726 5710/9554/1726 5709/9552/1726
f 5701/9553/1726 5699/9555/1726 5711/9556/1726 5710/9554/1726
f 5699/9555/1726 5697/9557/1726 5712/9558/1726 5711/9556/1726
f 5697/9557/1726 5695/9559/1726 5713/9560/1726 5712/9558/1726
f 5695/9559/1726 5693/9561/1726 5714/9562/1726 5713/9560/1726
f 5693/9561/1726 5691/9563/1726 5715/9564/1726 5714/9562/1726
f 5691/9563/1726 5689/9545/1726 5706/9548/1726 5715/9564/1726
f 5716/9565/1726 5717/9566/1726 5719/9567/1726 5720/9568/1726 5721/9569/1726 5722/9570/1726 5723/9571/1726 5724/9572/1726 5725/9573/1726 5718/9574/1726
f 5714/9575/1727 5715/9576/1727 5718/9577/1727 5725/9578/1727
f 5711/9579/1728 5712/9580/1728 5723/9581/1728 5722/9582/1728
f 5708/9528/1729 5709/9583/1729 5720/9584/1729 5719/9529/1729
f 5706/9585/1730 5707/9586/1730 5717/9587/1730 5716/9588/1730
f 5712/9580/1731 5713/9589/1731 5724/9590/1731 5723/9581/1731
f 5709/9583/1732 5710/9591/1732 5721/9592/1732 5720/9584/1732
f 5715/9593/1733 5706/9585/1733 5716/9588/1733 5718/9594/1733
f 5713/9595/1734 5714/9575/1734 5725/9578/1734 5724/9596/1734
f 5710/9597/1735 5711/9579/1735 5722/9582/1735 5721/9598/1735
f 5726/9503/1714 5727/9504/1714 5729/9505/1714 5728/9506/1714
f 5728/9506/1715 5729/9505/1715 5731/9507/1715 5730/9508/1715
f 5730/9509/1716 5731/9510/1716 5733/9511/1716 5732/9512/1716
f 5732/9512/1717 5733/9511/1717 5735/9513/1717 5734/9514/1717
f 5734/9514/1718 5735/9513/1718 5737/9515/1718 5736/9516/1718
f 5736/9517/1719 5737/9518/1719 5739/9519/1719 5738/9520/1719
f 5738/9520/1720 5739/9519/1720 5741/9521/1720 5740/9522/1720
f 5740/9523/1721 5741/9524/1721 5743/9525/1721 5742/9526/1721
f 5747/9527/1722 5748/9528/1722 5759/9529/1722 5757/9530/1722
f 5742/9526/1723 5743/9525/1723 5745/9531/1723 5744/9532/1723
f 5744/9533/1724 5745/9534/1724 5727/9504/1724 5726/9503/1724
f 5726/9535/1725 5728/9536/1725 5730/9537/1725 5732/9538/1725 5734/9539/1725 5736/9540/1725 5738/9541/1725 5740/9542/1725 5742/9543/1725 5744/9544/1725
f 5729/9545/1726 5727/9546/1726 5747/9547/1726 5746/9548/1726
f 5727/9546/1726 5745/9549/1726 5748/9550/1726 5747/9547/1726
f 5745/9549/1726 5743/9551/1726 5749/9552/1726 5748/9550/1726
f 5743/9551/1726 5741/9553/1726 5750/9554/1726 5749/9552/1726
f 5741/9553/1726 5739/9555/1726 5751/9556/1726 5750/9554/1726
f 5739/9555/1726 5737/9557/1726 5752/9558/1726 5751/9556/1726
f 5737/9557/1726 5735/9559/1726 5753/9560/1726 5752/9558/1726
f 5735/9559/1726 5733/9561/1726 5754/9562/1726 5753/9560/1726
f 5733/9561/1726 5731/9563/1726 5755/9564/1726 5754/9562/1726
f 5731/9563/1726 5729/9545/1726 5746/9548/1726 5755/9564/1726
f 5756/9565/1726 5757/9566/1726 5759/9567/1726 5760/9568/1726 5761/9569/1726 5762/9570/1726 5763/9571/1726 5764/9572/1726 5765/9573/1726 5758/9574/1726
f 5754/9575/1727 5755/9576/1727 5758/9577/1727 5765/9578/1727
f 5751/9579/1728 5752/9580/1728 5763/9581/1728 5762/9582/1728
f 5748/9528/1729 5749/9583/1729 5760/9584/1729 5759/9529/1729
f 5746/9585/1730 5747/9586/1730 5757/9587/1730 5756/9588/1730
f 5752/9580/1731 5753/9589/1731 5764/9590/1731 5763/9581/1731
f 5749/9583/1732 5750/9591/1732 5761/9592/1732 5760/9584/1732
f 5755/9593/1733 5746/9585/1733 5756/9588/1733 5758/9594/1733
f 5753/9595/1734 5754/9575/1734 5765/9578/1734 5764/9596/1734
f 5750/9597/1735 5751/9579/1735 5762/9582/1735 5761/9598/1735
f 5766/9503/1714 5767/9504/1714 5769/9505/1714 5768/9506/1714
f 5768/9506/1715 5769/9505/1715 5771/9507/1715 5770/9508/1715
f 5770/9509/1716 5771/9510/1716 5773/9511/1716 5772/9512/1716
f 5772/9512/1717 5773/9511/1717 5775/9513/1717 5774/9514/1717
f 5774/9514/1718 5775/9513/1718 5777/9515/1718 5776/9516/1718
f 5776/9517/1719 5777/9518/1719 5779/9519/1719 5778/9520/1719
f 5778/9520/1720 5779/9519/1720 5781/9521/1720 5780/9522/1720
f 5780/9523/1721 5781/9524/1721 5783/9525/1721 5782/9526/1721
f 5787/9527/1722 5788/9528/1722 5799/9529/1722 5797/9530/1722
f 5782/9526/1723 5783/9525/1723 5785/9531/1723 5784/9532/1723
f 5784/9533/1724 5785/9534/1724 5767/9504/1724 5766/9503/1724
f 5766/9535/1725 5768/9536/1725 5770/9537/1725 5772/9538/1725 5774/9539/1725 5776/9540/1725 5778/9541/1725 5780/9542/1725 5782/9543/1725 5784/9544/1725
f 5769/9545/1726 5767/9546/1726 5787/9547/1726 5786/9548/1726
f 5767/9546/1726 5785/9549/1726 5788/9550/1726 5787/9547/1726
f 5785/9549/1726 5783/9551/1726 5789/9552/1726 5788/9550/1726
f 5783/9551/1726 5781/9553/1726 5790/9554/1726 5789/9552/1726
f 5781/9553/1726 5779/9555/1726 5791/9556/1726 5790/9554/1726
f 5779/9555/1726 5777/9557/1726 5792/9558/1726 5791/9556/1726
f 5777/9557/1726 5775/9559/1726 5793/9560/1726 5792/9558/1726
f 5775/9559/1726 5773/9561/1726 5794/9562/1726 5793/9560/1726
f 5773/9561/1726 5771/9563/1726 5795/9564/1726 5794/9562/1726
f 5771/9563/1726 5769/9545/1726 5786/9548/1726 5795/9564/1726
f 5796/9565/1726 5797/9566/1726 5799/9567/1726 5800/9568/1726 5801/9569/1726 5802/9570/1726 5803/9571/1726 5804/9572/1726 5805/9573/1726 5798/9574/1726
f 5794/9575/1727 5795/9576/1727 5798/9577/1727 5805/9578/1727
f 5791/9579/1728 5792/9580/1728 5803/9581/1728 5802/9582/1728
f 5788/9528/1729 5789/9583/1729 5800/9584/1729 5799/9529/1729
f 5786/9585/1730 5787/9586/1730 5797/9587/1730 5796/9588/1730
f 5792/9580/1731 5793/9589/1731 5804/9590/1731 5803/9581/1731
f 5789/9583/1732 5790/9591/1732 5801/9592/1732 5800/9584/1732
f 5795/9593/1733 5786/9585/1733 5796/9588/1733 5798/9594/1733
f 5793/9595/1734 5794/9575/1734 5805/9578/1734 5804/9596/1734
f 5790/9597/1735 5791/9579/1735 5802/9582/1735 5801/9598/1735
f 5806/9503/1714 5807/9504/1714 5809/9505/1714 5808/9506/1714
f 5808/9506/1715 5809/9505/1715 5811/9507/1715 5810/9508/1715
f 5810/9509/1716 5811/9510/1716 5813/9511/1716 5812/9512/1716
f 5812/9512/1717 5813/9511/1717 5815/9513/1717 5814/9514/1717
f 5814/9514/1718 5815/9513/1718 5817/9515/1718 5816/9516/1718
f 5816/9517/1719 5817/9518/1719 5819/9519/1719 5818/9520/1719
f 5818/9520/1720 5819/9519/1720 5821/9521/1720 5820/9522/1720
f 5820/9523/1721 5821/9524/1721 5823/9525/1721 5822/9526/1721
f 5827/9527/1722 5828/9528/1722 5839/9529/1722 5837/9530/1722
f 5822/9526/1723 5823/9525/1723 5825/9531/1723 5824/9532/1723
f 5824/9533/1724 5825/9534/1724 5807/9504/1724 5806/9503/1724
f 5806/9535/1725 5808/9536/1725 5810/9537/1725 5812/9538/1725 5814/9539/1725 5816/9540/1725 5818/9541/1725 5820/9542/1725 5822/9543/1725 5824/9544/1725
f 5809/9545/1726 5807/9546/1726 5827/9547/1726 5826/9548/1726
f 5807/9546/1726 5825/9549/1726 5828/9550/1726 5827/9547/1726
f 5825/9549/1726 5823/9551/1726 5829/9552/1726 5828/9550/1726
f 5823/9551/1726 5821/9553/1726 5830/9554/1726 5829/9552/1726
f 5821/9553/1726 5819/9555/1726 5831/9556/1726 5830/9554/1726
f 5819/9555/1726 5817/9557/1726 5832/9558/1726 5831/9556/1726
f 5817/9557/1726 5815/9559/1726 5833/9560/1726 5832/9558/1726
f 5815/9559/1726 5813/9561/1726 5834/9562/1726 5833/9560/1726
f 5813/9561/1726 5811/9563/1726 5835/9564/1726 5834/9562/1726
f 5811/9563/1726 5809/9545/1726 5826/9548/1726 5835/9564/1726
f 5836/9565/1726 5837/9566/1726 5839/9567/1726 5840/9568/1726 5841/9569/1726 5842/9570/1726 5843/9571/1726 5844/9572/1726 5845/9573/1726 5838/9574/1726
f 5834/9575/1727 5835/9576/1727 5838/9577/1727 5845/9578/1727
f 5831/9579/1728 5832/9580/1728 5843/9581/1728 5842/9582/1728
f 5828/9528/1729 5829/9583/1729 5840/9584/1729 5839/9529/1729
f 5826/9585/1730 5827/9586/1730 5837/9587/1730 5836/9588/1730
f 5832/9580/1731 5833/9589/1731 5844/9590/1731 5843/9581/1731
f 5829/9583/1732 5830/9591/1732 5841/9592/1732 5840/9584/1732
f 5835/9593/1733 5826/9585/1733 5836/9588/1733 5838/9594/1733
f 5833/9595/1734 5834/9575/1734 5845/9578/1734 5844/9596/1734
f 5830/9597/1735 5831/9579/1735 5842/9582/1735 5841/9598/1735
f 5846/9503/1714 5847/9504/1714 5849/9505/1714 5848/9506/1714
f 5848/9506/1715 5849/9505/1715 5851/9507/1715 5850/9508/1715
f 5850/9509/1716 5851/9510/1716 5853/9511/1716 5852/9512/1716
f 5852/9512/1717 5853/9511/1717 5855/9513/1717 5854/9514/1717
f 5854/9514/1718 5855/9513/1718 5857/9515/1718 5856/9516/1718
f 5856/9517/1719 5857/9518/1719 5859/9519/1719 5858/9520/1719
f 5858/9520/1720 5859/9519/1720 5861/9521/1720 5860/9522/1720
f 5860/9523/1721 5861/9524/1721 5863/9525/1721 5862/9526/1721
f 5867/9527/1722 5868/9528/1722 5879/9529/1722 5877/9530/1722
f 5862/9526/1723 5863/9525/1723 5865/9531/1723 5864/9532/1723
f 5864/9533/1724 5865/9534/1724 5847/9504/1724 5846/9503/1724
f 5846/9535/1725 5848/9536/1725 5850/9537/1725 5852/9538/1725 5854/9539/1725 5856/9540/1725 5858/9541/1725 5860/9542/1725 5862/9543/1725 5864/9544/1725
f 5849/9545/1726 5847/9546/1726 5867/9547/1726 5866/9548/1726
f 5847/9546/1726 5865/9549/1726 5868/9550/1726 5867/9547/1726
f 5865/9549/1726 5863/9551/1726 5869/9552/1726 5868/9550/1726
f 5863/9551/1726 5861/9553/1726 5870/9554/1726 5869/9552/1726
f 5861/9553/1726 5859/9555/1726 5871/9556/1726 5870/9554/1726
f 5859/9555/1726 5857/9557/1726 5872/9558/1726 5871/9556/1726
f 5857/9557/1726 5855/9559/1726 5873/9560/1726 5872/9558/1726
f 5855/9559/1726 5853/9561/1726 5874/9562/1726 5873/9560/1726
f 5853/9561/1726 5851/9563/1726 5875/9564/1726 5874/9562/1726
f 5851/9563/1726 5849/9545/1726 5866/9548/1726 5875/9564/1726
f 5876/9565/1726 5877/9566/1726 5879/9567/1726 5880/9568/1726 5881/9569/1726 5882/9570/1726 5883/9571/1726 5884/9572/1726 5885/9573/1726 5878/9574/1726
f 5874/9575/1727 5875/9576/1727 5878/9577/1727 5885/9578/1727
f 5871/9579/1728 5872/9580/1728 5883/9581/1728 5882/9582/1728
f 5868/9528/1729 5869/9583/1729 5880/9584/1729 5879/9529/1729
f 5866/9585/1730 5867/9586/1730 5877/9587/1730 5876/9588/1730
f 5872/9580/1731 5873/9589/1731 5884/9590/1731 5883/9581/1731
f 5869/9583/1732 5870/9591/1732 5881/9592/1732 5880/9584/1732
f 5875/9593/1733 5866/9585/1733 5876/9588/1733 5878/9594/1733
f 5873/9595/1734 5874/9575/1734 5885/9578/1734 5884/9596/1734
f 5870/9597/1735 5871/9579/1735 5882/9582/1735 5881/9598/1735
o Cylinder.030
v 1.514476 1.300000 -2.000270
v 1.494780 1.420000 -1.996797
v 1.517917 1.300000 -2.024750
v 1.499941 1.420000 -2.033518
v 1.535090 1.300000 -2.042534
v 1.525700 1.420000 -2.060193
v 1.559436 1.300000 -2.046826
v 1.562219 1.420000 -2.066632
v 1.581655 1.300000 -2.035989
v 1.595548 1.420000 -2.050376
v 1.593261 1.300000 -2.014162
v 1.612957 1.420000 -2.017635
v 1.589820 1.300000 -1.989681
v 1.607796 1.420000 -1.980914
v 1.572648 1.300000 -1.971898
v 1.582037 1.420000 -1.954239
v 1.548302 1.300000 -1.967605
v 1.545518 1.420000 -1.947800
v 1.526082 1.300000 -1.978442
v 1.512189 1.420000 -1.964055
v 1.504666 1.420000 -2.031213
v 1.499958 1.420000 -1.997710
v 1.515841 1.420000 -1.967837
v 1.546250 1.420000 -1.953006
v 1.579569 1.420000 -1.958881
v 1.603071 1.420000 -1.983218
v 1.607780 1.420000 -2.016722
v 1.591896 1.420000 -2.046594
v 1.561487 1.420000 -2.061426
v 1.528169 1.420000 -2.055551
v 1.519427 1.303000 -2.024014
v 1.516131 1.303000 -2.000561
v 1.535879 1.303000 -2.041050
v 1.527249 1.303000 -1.979651
v 1.548536 1.303000 -1.969269
v 1.571859 1.303000 -1.973381
v 1.588310 1.303000 -1.990417
v 1.591606 1.303000 -2.013870
v 1.580488 1.303000 -2.034781
v 1.559202 1.303000 -2.045163
v 1.514476 1.350000 -2.000270
v 1.494780 1.470000 -1.996797
v 1.517917 1.350000 -2.024750
v 1.499941 1.470000 -2.033518
v 1.535090 1.350000 -2.042534
v 1.525700 1.470000 -2.060193
v 1.559436 1.350000 -2.046826
v 1.562219 1.470000 -2.066632
v 1.581655 1.350000 -2.035989
v 1.595548 1.470000 -2.050376
v 1.593261 1.350000 -2.014162
v 1.612957 1.470000 -2.017635
v 1.589820 1.350000 -1.989681
v 1.607796 1.470000 -1.980914
v 1.572648 1.350000 -1.971898
v 1.582037 1.470000 -1.954239
v 1.548302 1.350000 -1.967605
v 1.545518 1.470000 -1.947800
v 1.526082 1.350000 -1.978442
v 1.512189 1.470000 -1.964055
v 1.504666 1.470000 -2.031213
v 1.499958 1.470000 -1.997710
v 1.515841 1.470000 -1.967837
v 1.546250 1.470000 -1.953006
v 1.579569 1.470000 -1.958881
v 1.603071 1.470000 -1.983218
v 1.607780 1.470000 -2.016722
v 1.591896 1.470000 -2.046594
v 1.561487 1.470000 -2.061426
v 1.528169 1.470000 -2.055551
v 1.519427 1.353000 -2.024014
v 1.516131 1.353000 -2.000561
v 1.535879 1.353000 -2.041050
v 1.527249 1.353000 -1.979651
v 1.548536 1.353000 -1.969269
v 1.571859 1.353000 -1.973381
v 1.588310 1.353000 -1.990417
v 1.591606 1.353000 -2.013870
v 1.580488 1.353000 -2.034781
v 1.559202 1.353000 -2.045163
v 1.514476 1.400000 -2.000270
v 1.494780 1.520000 -1.996797
v 1.517917 1.400000 -2.024750
v 1.499941 1.520000 -2.033518
v 1.535090 1.400000 -2.042534
v 1.525700 1.520000 -2.060193
v 1.559436 1.400000 -2.046826
v 1.562219 1.520000 -2.066632
v 1.581655 1.400000 -2.035989
v 1.595548 1.520000 -2.050376
v 1.593261 1.400000 -2.014162
v 1.612957 1.520000 -2.017635
v 1.589820 1.400000 -1.989681
v 1.607796 1.520000 -1.980914
v 1.572648 1.400000 -1.971898
v 1.582037 1.520000 -1.954239
v 1.548302 1.400000 -1.967605
v 1.545518 1.520000 -1.947800
v 1.526082 1.400000 -1.978442
v 1.512189 1.520000 -1.964055
v 1.504666 1.520000 -2.031213
v 1.499958 1.520000 -1.997710
v 1.515841 1.520000 -1.967837
v 1.546250 1.520000 -1.953006
v 1.579569 1.520000 -1.958881
v 1.603071 1.520000 -1.983218
v 1.607780 1.520000 -2.016722
v 1.591896 1.520000 -2.046594
v 1.561487 1.520000 -2.061426
v 1.528169 1.520000 -2.055551
v 1.519427 1.403000 -2.024014
v 1.516131 1.403000 -2.000561
v 1.535879 1.403000 -2.041050
v 1.527249 1.403000 -1.979651
v 1.548536 1.403000 -1.969269
v 1.571859 1.403000 -1.973381
v 1.588310 1.403000 -1.990417
v 1.591606 1.403000 -2.013870
v 1.580488 1.403000 -2.034781
v 1.559202 1.403000 -2.045163
v 1.514476 1.450000 -2.000270
v 1.494780 1.570000 -1.996797
v 1.517917 1.450000 -2.024750
v 1.499941 1.570000 -2.033518
v 1.535090 1.450000 -2.042534
v 1.525700 1.570000 -2.060193
v 1.559436 1.450000 -2.046826
v 1.562219 1.570000 -2.066632
v 1.581655 1.450000 -2.035989
v 1.595548 1.570000 -2.050376
v 1.593261 1.450000 -2.014162
v 1.612957 1.570000 -2.017635
v 1.589820 1.450000 -1.989681
v 1.607796 1.570000 -1.980914
v 1.572648 1.450000 -1.971898
v 1.582037 1.570000 -1.954239
v 1.548302 1.450000 -1.967605
v 1.545518 1.570000 -1.947800
v 1.526082 1.450000 -1.978442
v 1.512189 1.570000 -1.964055
v 1.504666 1.570000 -2.031213
v 1.499958 1.570000 -1.997710
v 1.515841 1.570000 -1.967837
v 1.546250 1.570000 -1.953006
v 1.579569 1.570000 -1.958881
v 1.603071 1.570000 -1.983218
v 1.607780 1.570000 -2.016722
v 1.591896 1.570000 -2.046594
v 1.561487 1.570000 -2.061426
v 1.528169 1.570000 -2.055551
v 1.519427 1.453000 -2.024014
v 1.516131 1.453000 -2.000561
v 1.535879 1.453000 -2.041050
v 1.527249 1.453000 -1.979651
v 1.548536 1.453000 -1.969269
v 1.571859 1.453000 -1.973381
v 1.588310 1.453000 -1.990417
v 1.591606 1.453000 -2.013870
v 1.580488 1.453000 -2.034781
v 1.559202 1.453000 -2.045163
vn -0.9781 -0.1566 -0.1375
vn -0.7105 -0.1566 -0.6861
vn -0.1715 -0.1566 -0.9727
vn 0.4330 -0.1566 -0.8877
vn 0.8721 -0.1566 -0.4637
vn 0.9781 -0.1566 0.1375
vn 0.7105 -0.1566 0.6861
vn 0.1715 -0.1566 0.9727
vn 0.8752 0.1323 -0.4653
vn -0.4330 -0.1566 0.8877
vn -0.8721 -0.1566 0.4637
vn -0.0000 -1.0000 -0.0000
vn -0.0000 1.0000 -0.0000
vn 0.1721 0.1323 0.9761
vn -0.9816 0.1323 -0.1379
vn 0.4345 0.1323 -0.8909
vn 0.9816 0.1323 0.1379
vn -0.8752 0.1323 0.4653
vn -0.1721 0.1323 -0.9761
vn 0.7130 0.1323 0.6886
vn -0.4345 0.1323 0.8909
vn -0.7130 0.1323 -0.6886
vt 0.424322 0.339396
vt 0.406875 0.000000
vt 0.511559 0.000000
vt 0.494111 0.339396
vt 0.596250 0.000753
vt 0.550572 0.339899
vt 0.045678 0.678663
vt 0.000000 0.339518
vt 0.084691 0.338764
vt 0.102138 0.678160
vt 0.189375 0.338764
vt 0.171928 0.678160
vt 0.274066 0.339518
vt 0.228388 0.678663
vt 0.640578 0.339741
vt 0.596250 0.000416
vt 0.680943 -0.000000
vt 0.697040 0.339463
vt 0.785626 0.000416
vt 0.766829 0.339741
vt 0.829954 0.339741
vt 0.785626 0.000416
vt 0.870320 0.000000
vt 0.886417 0.339463
vt 0.322184 0.339899
vt 0.399454 0.340586
vt 0.413781 0.670316
vt 0.359692 0.669835
vt 0.975003 0.000416
vt 0.956205 0.339741
vt 0.367862 0.339899
vt 0.322184 0.000753
vt 0.363205 0.874593
vt 0.322184 0.818132
vt 0.322184 0.748343
vt 0.363205 0.691882
vt 0.429578 0.670316
vt 0.495952 0.691882
vt 0.536973 0.748343
vt 0.536973 0.818132
vt 0.495952 0.874593
vt 0.429578 0.896159
vt 0.260652 0.306415
vt 0.161092 0.338764
vt 0.161092 0.323923
vt 0.251929 0.294408
vt 0.061532 0.306415
vt 0.070255 0.294408
vt 0.000000 0.221724
vt 0.014115 0.217138
vt 0.000000 0.117040
vt 0.014115 0.121626
vt 0.061532 0.032349
vt 0.070255 0.044356
vt 0.161092 0.000000
vt 0.161092 0.014842
vt 0.260652 0.032349
vt 0.251929 0.044356
vt 0.322184 0.117040
vt 0.308069 0.121626
vt 0.322184 0.221724
vt 0.308069 0.217138
vt 0.576271 0.866013
vt 0.536973 0.811924
vt 0.536973 0.745066
vt 0.576271 0.690977
vt 0.639857 0.670316
vt 0.703442 0.690977
vt 0.742741 0.745066
vt 0.742741 0.811924
vt 0.703442 0.866013
vt 0.639857 0.886673
vt 0.917798 0.670329
vt 0.995070 0.669949
vt 0.956250 0.999734
vt 0.902160 1.000000
vt 0.649506 0.340586
vt 0.745017 0.340586
vt 0.730691 0.670316
vt 0.663833 0.670316
vt 0.494965 0.340586
vt 0.480639 0.670316
vt 0.917798 0.340279
vt 0.995070 0.339899
vt 0.956250 0.669683
vt 0.902160 0.669949
vt 0.822287 0.339899
vt 0.784780 0.669835
vt 0.572236 0.339899
vt 0.534728 0.669835
vt 0.822287 0.339899
vt 0.835302 0.669683
vt 0.822287 0.669949
vt 0.835302 0.999734
vt 0.572236 0.339899
vt 0.609743 0.669835
s 0
usemtl paper_cup.003
f 5886/9599/1736 5887/9600/1736 5889/9601/1736 5888/9602/1736
f 5888/9602/1737 5889/9601/1737 5891/9603/1737 5890/9604/1737
f 5890/9605/1738 5891/9606/1738 5893/9607/1738 5892/9608/1738
f 5892/9608/1739 5893/9607/1739 5895/9609/1739 5894/9610/1739
f 5894/9610/1740 5895/9609/1740 5897/9611/1740 5896/9612/1740
f 5896/9613/1741 5897/9614/1741 5899/9615/1741 5898/9616/1741
f 5898/9616/1742 5899/9615/1742 5901/9617/1742 5900/9618/1742
f 5900/9619/1743 5901/9620/1743 5903/9621/1743 5902/9622/1743
f 5907/9623/1744 5908/9624/1744 5919/9625/1744 5917/9626/1744
f 5902/9622/1745 5903/9621/1745 5905/9627/1745 5904/9628/1745
f 5904/9629/1746 5905/9630/1746 5887/9600/1746 5886/9599/1746
f 5886/9631/1747 5888/9632/1747 5890/9633/1747 5892/9634/1747 5894/9635/1747 5896/9636/1747 5898/9637/1747 5900/9638/1747 5902/9639/1747 5904/9640/1747
f 5889/9641/1748 5887/9642/1748 5907/9643/1748 5906/9644/1748
f 5887/9642/1748 5905/9645/1748 5908/9646/1748 5907/9643/1748
f 5905/9645/1748 5903/9647/1748 5909/9648/1748 5908/9646/1748
f 5903/9647/1748 5901/9649/1748 5910/9650/1748 5909/9648/1748
f 5901/9649/1748 5899/9651/1748 5911/9652/1748 5910/9650/1748
f 5899/9651/1748 5897/9653/1748 5912/9654/1748 5911/9652/1748
f 5897/9653/1748 5895/9655/1748 5913/9656/1748 5912/9654/1748
f 5895/9655/1748 5893/9657/1748 5914/9658/1748 5913/9656/1748
f 5893/9657/1748 5891/9659/1748 5915/9660/1748 5914/9658/1748
f 5891/9659/1748 5889/9641/1748 5906/9644/1748 5915/9660/1748
f 5916/9661/1748 5917/9662/1748 5919/9663/1748 5920/9664/1748 5921/9665/1748 5922/9666/1748 5923/9667/1748 5924/9668/1748 5925/9669/1748 5918/9670/1748
f 5914/9671/1749 5915/9672/1749 5918/9673/1749 5925/9674/1749
f 5911/9675/1750 5912/9676/1750 5923/9677/1750 5922/9678/1750
f 5908/9624/1751 5909/9679/1751 5920/9680/1751 5919/9625/1751
f 5906/9681/1752 5907/9682/1752 5917/9683/1752 5916/9684/1752
f 5912/9676/1753 5913/9685/1753 5924/9686/1753 5923/9677/1753
f 5909/9679/1754 5910/9687/1754 5921/9688/1754 5920/9680/1754
f 5915/9689/1755 5906/9681/1755 5916/9684/1755 5918/9690/1755
f 5913/9691/1756 5914/9671/1756 5925/9674/1756 5924/9692/1756
f 5910/9693/1757 5911/9675/1757 5922/9678/1757 5921/9694/1757
f 5926/9599/1736 5927/9600/1736 5929/9601/1736 5928/9602/1736
f 5928/9602/1737 5929/9601/1737 5931/9603/1737 5930/9604/1737
f 5930/9605/1738 5931/9606/1738 5933/9607/1738 5932/9608/1738
f 5932/9608/1739 5933/9607/1739 5935/9609/1739 5934/9610/1739
f 5934/9610/1740 5935/9609/1740 5937/9611/1740 5936/9612/1740
f 5936/9613/1741 5937/9614/1741 5939/9615/1741 5938/9616/1741
f 5938/9616/1742 5939/9615/1742 5941/9617/1742 5940/9618/1742
f 5940/9619/1743 5941/9620/1743 5943/9621/1743 5942/9622/1743
f 5947/9623/1744 5948/9624/1744 5959/9625/1744 5957/9626/1744
f 5942/9622/1745 5943/9621/1745 5945/9627/1745 5944/9628/1745
f 5944/9629/1746 5945/9630/1746 5927/9600/1746 5926/9599/1746
f 5926/9631/1747 5928/9632/1747 5930/9633/1747 5932/9634/1747 5934/9635/1747 5936/9636/1747 5938/9637/1747 5940/9638/1747 5942/9639/1747 5944/9640/1747
f 5929/9641/1748 5927/9642/1748 5947/9643/1748 5946/9644/1748
f 5927/9642/1748 5945/9645/1748 5948/9646/1748 5947/9643/1748
f 5945/9645/1748 5943/9647/1748 5949/9648/1748 5948/9646/1748
f 5943/9647/1748 5941/9649/1748 5950/9650/1748 5949/9648/1748
f 5941/9649/1748 5939/9651/1748 5951/9652/1748 5950/9650/1748
f 5939/9651/1748 5937/9653/1748 5952/9654/1748 5951/9652/1748
f 5937/9653/1748 5935/9655/1748 5953/9656/1748 5952/9654/1748
f 5935/9655/1748 5933/9657/1748 5954/9658/1748 5953/9656/1748
f 5933/9657/1748 5931/9659/1748 5955/9660/1748 5954/9658/1748
f 5931/9659/1748 5929/9641/1748 5946/9644/1748 5955/9660/1748
f 5956/9661/1748 5957/9662/1748 5959/9663/1748 5960/9664/1748 5961/9665/1748 5962/9666/1748 5963/9667/1748 5964/9668/1748 5965/9669/1748 5958/9670/1748
f 5954/9671/1749 5955/9672/1749 5958/9673/1749 5965/9674/1749
f 5951/9675/1750 5952/9676/1750 5963/9677/1750 5962/9678/1750
f 5948/9624/1751 5949/9679/1751 5960/9680/1751 5959/9625/1751
f 5946/9681/1752 5947/9682/1752 5957/9683/1752 5956/9684/1752
f 5952/9676/1753 5953/9685/1753 5964/9686/1753 5963/9677/1753
f 5949/9679/1754 5950/9687/1754 5961/9688/1754 5960/9680/1754
f 5955/9689/1755 5946/9681/1755 5956/9684/1755 5958/9690/1755
f 5953/9691/1756 5954/9671/1756 5965/9674/1756 5964/9692/1756
f 5950/9693/1757 5951/9675/1757 5962/9678/1757 5961/9694/1757
f 5966/9599/1736 5967/9600/1736 5969/9601/1736 5968/9602/1736
f 5968/9602/1737 5969/9601/1737 5971/9603/1737 5970/9604/1737
f 5970/9605/1738 5971/9606/1738 5973/9607/1738 5972/9608/1738
f 5972/9608/1739 5973/9607/1739 5975/9609/1739 5974/9610/1739
f 5974/9610/1740 5975/9609/1740 5977/9611/1740 5976/9612/1740
f 5976/9613/1741 5977/9614/1741 5979/9615/1741 5978/9616/1741
f 5978/9616/1742 5979/9615/1742 5981/9617/1742 5980/9618/1742
f 5980/9619/1743 5981/9620/1743 5983/9621/1743 5982/9622/1743
f 5987/9623/1744 5988/9624/1744 5999/9625/1744 5997/9626/1744
f 5982/9622/1745 5983/9621/1745 5985/9627/1745 5984/9628/1745
f 5984/9629/1746 5985/9630/1746 5967/9600/1746 5966/9599/1746
f 5966/9631/1747 5968/9632/1747 5970/9633/1747 5972/9634/1747 5974/9635/1747 5976/9636/1747 5978/9637/1747 5980/9638/1747 5982/9639/1747 5984/9640/1747
f 5969/9641/1748 5967/9642/1748 5987/9643/1748 5986/9644/1748
f 5967/9642/1748 5985/9645/1748 5988/9646/1748 5987/9643/1748
f 5985/9645/1748 5983/9647/1748 5989/9648/1748 5988/9646/1748
f 5983/9647/1748 5981/9649/1748 5990/9650/1748 5989/9648/1748
f 5981/9649/1748 5979/9651/1748 5991/9652/1748 5990/9650/1748
f 5979/9651/1748 5977/9653/1748 5992/9654/1748 5991/9652/1748
f 5977/9653/1748 5975/9655/1748 5993/9656/1748 5992/9654/1748
f 5975/9655/1748 5973/9657/1748 5994/9658/1748 5993/9656/1748
f 5973/9657/1748 5971/9659/1748 5995/9660/1748 5994/9658/1748
f 5971/9659/1748 5969/9641/1748 5986/9644/1748 5995/9660/1748
f 5996/9661/1748 5997/9662/1748 5999/9663/1748 6000/9664/1748 6001/9665/1748 6002/9666/1748 6003/9667/1748 6004/9668/1748 6005/9669/1748 5998/9670/1748
f 5994/9671/1749 5995/9672/1749 5998/9673/1749 6005/9674/1749
f 5991/9675/1750 5992/9676/1750 6003/9677/1750 6002/9678/1750
f 5988/9624/1751 5989/9679/1751 6000/9680/1751 5999/9625/1751
f 5986/9681/1752 5987/9682/1752 5997/9683/1752 5996/9684/1752
f 5992/9676/1753 5993/9685/1753 6004/9686/1753 6003/9677/1753
f 5989/9679/1754 5990/9687/1754 6001/9688/1754 6000/9680/1754
f 5995/9689/1755 5986/9681/1755 5996/9684/1755 5998/9690/1755
f 5993/9691/1756 5994/9671/1756 6005/9674/1756 6004/9692/1756
f 5990/9693/1757 5991/9675/1757 6002/9678/1757 6001/9694/1757
f 6006/9599/1736 6007/9600/1736 6009/9601/1736 6008/9602/1736
f 6008/9602/1737 6009/9601/1737 6011/9603/1737 6010/9604/1737
f 6010/9605/1738 6011/9606/1738 6013/9607/1738 6012/9608/1738
f 6012/9608/1739 6013/9607/1739 6015/9609/1739 6014/9610/1739
f 6014/9610/1740 6015/9609/1740 6017/9611/1740 6016/9612/1740
f 6016/9613/1741 6017/9614/1741 6019/9615/1741 6018/9616/1741
f 6018/9616/1742 6019/9615/1742 6021/9617/1742 6020/9618/1742
f 6020/9619/1743 6021/9620/1743 6023/9621/1743 6022/9622/1743
f 6027/9623/1744 6028/9624/1744 6039/9625/1744 6037/9626/1744
f 6022/9622/1745 6023/9621/1745 6025/9627/1745 6024/9628/1745
f 6024/9629/1746 6025/9630/1746 6007/9600/1746 6006/9599/1746
f 6006/9631/1747 6008/9632/1747 6010/9633/1747 6012/9634/1747 6014/9635/1747 6016/9636/1747 6018/9637/1747 6020/9638/1747 6022/9639/1747 6024/9640/1747
f 6009/9641/1748 6007/9642/1748 6027/9643/1748 6026/9644/1748
f 6007/9642/1748 6025/9645/1748 6028/9646/1748 6027/9643/1748
f 6025/9645/1748 6023/9647/1748 6029/9648/1748 6028/9646/1748
f 6023/9647/1748 6021/9649/1748 6030/9650/1748 6029/9648/1748
f 6021/9649/1748 6019/9651/1748 6031/9652/1748 6030/9650/1748
f 6019/9651/1748 6017/9653/1748 6032/9654/1748 6031/9652/1748
f 6017/9653/1748 6015/9655/1748 6033/9656/1748 6032/9654/1748
f 6015/9655/1748 6013/9657/1748 6034/9658/1748 6033/9656/1748
f 6013/9657/1748 6011/9659/1748 6035/9660/1748 6034/9658/1748
f 6011/9659/1748 6009/9641/1748 6026/9644/1748 6035/9660/1748
f 6036/9661/1748 6037/9662/1748 6039/9663/1748 6040/9664/1748 6041/9665/1748 6042/9666/1748 6043/9667/1748 6044/9668/1748 6045/9669/1748 6038/9670/1748
f 6034/9671/1749 6035/9672/1749 6038/9673/1749 6045/9674/1749
f 6031/9675/1750 6032/9676/1750 6043/9677/1750 6042/9678/1750
f 6028/9624/1751 6029/9679/1751 6040/9680/1751 6039/9625/1751
f 6026/9681/1752 6027/9682/1752 6037/9683/1752 6036/9684/1752
f 6032/9676/1753 6033/9685/1753 6044/9686/1753 6043/9677/1753
f 6029/9679/1754 6030/9687/1754 6041/9688/1754 6040/9680/1754
f 6035/9689/1755 6026/9681/1755 6036/9684/1755 6038/9690/1755
f 6033/9691/1756 6034/9671/1756 6045/9674/1756 6044/9692/1756
f 6030/9693/1757 6031/9675/1757 6042/9678/1757 6041/9694/1757
o Cylinder.031
v 1.550000 1.420000 -1.920000
v 1.550000 1.300000 -1.940000
v 1.526489 1.420000 -1.912361
v 1.514733 1.300000 -1.928541
v 1.511958 1.420000 -1.892361
v 1.492937 1.300000 -1.898541
v 1.511958 1.420000 -1.867640
v 1.492937 1.300000 -1.861459
v 1.526489 1.420000 -1.847640
v 1.514733 1.300000 -1.831459
v 1.550000 1.420000 -1.840000
v 1.550000 1.300000 -1.820000
v 1.573511 1.420000 -1.847640
v 1.585267 1.300000 -1.831459
v 1.588042 1.420000 -1.867640
v 1.607064 1.300000 -1.861459
v 1.588042 1.420000 -1.892361
v 1.607064 1.300000 -1.898541
v 1.573511 1.420000 -1.912361
v 1.585267 1.300000 -1.928541
v 1.517823 1.300000 -1.924288
v 1.550000 1.300000 -1.934743
v 1.582177 1.300000 -1.924288
v 1.602064 1.300000 -1.896917
v 1.602064 1.300000 -1.863084
v 1.582177 1.300000 -1.835713
v 1.550000 1.300000 -1.825258
v 1.517823 1.300000 -1.835713
v 1.497937 1.300000 -1.863084
v 1.497937 1.300000 -1.896917
v 1.527476 1.417000 -1.911002
v 1.550000 1.417000 -1.918320
v 1.513556 1.417000 -1.891842
v 1.572524 1.417000 -1.911002
v 1.586444 1.417000 -1.891842
v 1.586444 1.417000 -1.868159
v 1.572524 1.417000 -1.848999
v 1.550000 1.417000 -1.841681
v 1.527476 1.417000 -1.848999
v 1.513556 1.417000 -1.868159
vn -0.3052 0.1566 -0.9393
vn -0.7990 0.1566 -0.5805
vn -0.9877 0.1566 -0.0000
vn -0.7990 0.1566 0.5805
vn -0.3052 0.1566 0.9393
vn 0.3052 0.1566 0.9393
vn 0.7990 0.1566 0.5805
vn 0.9877 0.1566 -0.0000
vn -0.3063 -0.1323 0.9427
vn 0.7990 0.1566 -0.5805
vn 0.3052 0.1566 -0.9393
vn -0.0000 1.0000 -0.0000
vn -0.0000 -1.0000 -0.0000
vn 0.9912 -0.1323 -0.0000
vn -0.3063 -0.1323 -0.9427
vn -0.8019 -0.1323 0.5826
vn 0.3063 -0.1323 0.9427
vn 0.3063 -0.1323 -0.9427
vn -0.9912 -0.1323 -0.0000
vn 0.8019 -0.1323 0.5826
vn 0.8019 -0.1323 -0.5826
vn -0.8019 -0.1323 -0.5826
vt 0.424322 0.339396
vt 0.406875 0.000000
vt 0.511559 0.000000
vt 0.494111 0.339396
vt 0.596250 0.000753
vt 0.550572 0.339899
vt 0.045678 0.678663
vt 0.000000 0.339518
vt 0.084691 0.338764
vt 0.102138 0.678160
vt 0.189375 0.338764
vt 0.171928 0.678160
vt 0.274066 0.339518
vt 0.228388 0.678663
vt 0.640578 0.339741
vt 0.596250 0.000416
vt 0.680943 -0.000000
vt 0.697040 0.339463
vt 0.785626 0.000416
vt 0.766829 0.339741
vt 0.829954 0.339741
vt 0.785626 0.000416
vt 0.870320 0.000000
vt 0.886417 0.339463
vt 0.322184 0.339899
vt 0.399454 0.340586
vt 0.413781 0.670316
vt 0.359692 0.669835
vt 0.975003 0.000416
vt 0.956205 0.339741
vt 0.367862 0.339899
vt 0.322184 0.000753
vt 0.363205 0.874593
vt 0.322184 0.818132
vt 0.322184 0.748343
vt 0.363205 0.691882
vt 0.429578 0.670316
vt 0.495952 0.691882
vt 0.536973 0.748343
vt 0.536973 0.818132
vt 0.495952 0.874593
vt 0.429578 0.896159
vt 0.260652 0.306415
vt 0.161092 0.338764
vt 0.161092 0.323923
vt 0.251929 0.294408
vt 0.061532 0.306415
vt 0.070255 0.294408
vt 0.000000 0.221724
vt 0.014115 0.217138
vt 0.000000 0.117040
vt 0.014115 0.121626
vt 0.061532 0.032349
vt 0.070255 0.044356
vt 0.161092 0.000000
vt 0.161092 0.014842
vt 0.260652 0.032349
vt 0.251929 0.044356
vt 0.322184 0.117040
vt 0.308069 0.121626
vt 0.322184 0.221724
vt 0.308069 0.217138
vt 0.576271 0.866013
vt 0.536973 0.811924
vt 0.536973 0.745066
vt 0.576271 0.690977
vt 0.639857 0.670316
vt 0.703442 0.690977
vt 0.742741 0.745066
vt 0.742741 0.811924
vt 0.703442 0.866013
vt 0.639857 0.886673
vt 0.917798 0.670329
vt 0.995070 0.669949
vt 0.956250 0.999734
vt 0.902160 1.000000
vt 0.649506 0.340586
vt 0.745017 0.340586
vt 0.730691 0.670316
vt 0.663833 0.670316
vt 0.494965 0.340586
vt 0.480639 0.670316
vt 0.917798 0.340279
vt 0.995070 0.339899
vt 0.956250 0.669683
vt 0.902160 0.669949
vt 0.822287 0.339899
vt 0.784780 0.669835
vt 0.572236 0.339899
vt 0.534728 0.669835
vt 0.822287 0.339899
vt 0.835302 0.669683
vt 0.822287 0.669949
vt 0.835302 0.999734
vt 0.572236 0.339899
vt 0.609743 0.669835
s 0
usemtl paper_cup.004
f 6046/9695/1758 6047/9696/1758 6049/9697/1758 6048/9698/1758
f 6048/9698/1759 6049/9697/1759 6051/9699/1759 6050/9700/1759
f 6050/9701/1760 6051/9702/1760 6053/9703/1760 6052/9704/1760
f 6052/9704/1761 6053/9703/1761 6055/9705/1761 6054/9706/1761
f 6054/9706/1762 6055/9705/1762 6057/9707/1762 6056/9708/1762
f 6056/9709/1763 6057/9710/1763 6059/9711/1763 6058/9712/1763
f 6058/9712/1764 6059/9711/1764 6061/9713/1764 6060/9714/1764
f 6060/9715/1765 6061/9716/1765 6063/9717/1765 6062/9718/1765
f 6067/9719/1766 6068/9720/1766 6079/9721/1766 6077/9722/1766
f 6062/9718/1767 6063/9717/1767 6065/9723/1767 6064/9724/1767
f 6064/9725/1768 6065/9726/1768 6047/9696/1768 6046/9695/1768
f 6046/9727/1769 6048/9728/1769 6050/9729/1769 6052/9730/1769 6054/9731/1769 6056/9732/1769 6058/9733/1769 6060/9734/1769 6062/9735/1769 6064/9736/1769
f 6049/9737/1770 6047/9738/1770 6067/9739/1770 6066/9740/1770
f 6047/9738/1770 6065/9741/1770 6068/9742/1770 6067/9739/1770
f 6065/9741/1770 6063/9743/1770 6069/9744/1770 6068/9742/1770
f 6063/9743/1770 6061/9745/1770 6070/9746/1770 6069/9744/1770
f 6061/9745/1770 6059/9747/1770 6071/9748/1770 6070/9746/1770
f 6059/9747/1770 6057/9749/1770 6072/9750/1770 6071/9748/1770
f 6057/9749/1770 6055/9751/1770 6073/9752/1770 6072/9750/1770
f 6055/9751/1770 6053/9753/1770 6074/9754/1770 6073/9752/1770
f 6053/9753/1770 6051/9755/1770 6075/9756/1770 6074/9754/1770
f 6051/9755/1770 6049/9737/1770 6066/9740/1770 6075/9756/1770
f 6076/9757/1770 6077/9758/1770 6079/9759/1770 6080/9760/1770 6081/9761/1770 6082/9762/1770 6083/9763/1770 6084/9764/1770 6085/9765/1770 6078/9766/1770
f 6074/9767/1771 6075/9768/1771 6078/9769/1771 6085/9770/1771
f 6071/9771/1772 6072/9772/1772 6083/9773/1772 6082/9774/1772
f 6068/9720/1773 6069/9775/1773 6080/9776/1773 6079/9721/1773
f 6066/9777/1774 6067/9778/1774 6077/9779/1774 6076/9780/1774
f 6072/9772/1775 6073/9781/1775 6084/9782/1775 6083/9773/1775
f 6069/9775/1776 6070/9783/1776 6081/9784/1776 6080/9776/1776
f 6075/9785/1777 6066/9777/1777 6076/9780/1777 6078/9786/1777
f 6073/9787/1778 6074/9767/1778 6085/9770/1778 6084/9788/1778
f 6070/9789/1779 6071/9771/1779 6082/9774/1779 6081/9790/1779
o Plane.002
v 1.500000 3.170000 -1.975000
v 1.500000 2.920000 -1.975000
v 1.500000 3.170000 -2.225000
v 1.500000 2.920000 -2.225000
v 1.375000 3.170000 -2.100000
v 1.375000 2.920000 -2.100000
v 1.625000 3.170000 -2.100000
v 1.625000 2.920000 -2.100000
v 1.411612 3.170000 -2.011612
v 1.411612 2.920000 -2.011612
v 1.588388 3.170000 -2.188389
v 1.588388 2.920000 -2.188389
v 1.411612 3.170000 -2.188388
v 1.411612 2.920000 -2.188389
v 1.588388 3.170000 -2.011612
v 1.588388 2.920000 -2.011612
vn 1.0000 -0.0000 -0.0000
vn -0.0000 -0.0000 1.0000
vn 0.7071 -0.0000 0.7071
vn -0.7071 -0.0000 0.7071
vt 1.000000 1.000165
vt 1.000000 0.270127
vt 0.000000 0.270127
vt 0.000000 1.000165
s 0
usemtl nazar
f 6086/9791/1780 6087/9792/1780 6089/9793/1780 6088/9794/1780
f 6090/9791/1781 6091/9792/1781 6093/9793/1781 6092/9794/1781
f 6094/9791/1782 6095/9792/1782 6097/9793/1782 6096/9794/1782
f 6098/9791/1783 6099/9792/1783 6101/9793/1783 6100/9794/1783
o Plane.005
v 1.403035 1.670000 0.098242
v 1.403035 1.470000 0.098242
v 1.403035 1.670000 -0.230884
v 1.403035 1.470000 -0.230884
v 1.359279 1.670000 -0.164210
v 1.346951 1.670000 -0.066321
v 1.359279 1.670000 0.031568
v 1.359279 1.470000 0.031568
v 1.346951 1.470000 -0.066321
v 1.359279 1.470000 -0.164210
vn 0.8360 -0.0000 0.5487
vn 0.8360 -0.0000 -0.5487
vn 0.9922 -0.0000 -0.1250
vn 0.9922 -0.0000 0.1250
vt 0.228451 0.809531
vt 0.228451 0.190469
vt 0.000009 0.190469
vt 0.000009 0.809531
vt 1.000009 0.809531
vt 1.000009 0.190469
vt 0.823294 0.190469
vt 0.823294 0.809531
vt 0.533160 0.190469
vt 0.533160 0.809531
s 0
usemtl plate.001
f 6106/9795/1784 6111/9796/1784 6105/9797/1784 6104/9798/1784
f 6102/9799/1785 6103/9800/1785 6109/9801/1785 6108/9802/1785
f 6108/9802/1786 6109/9801/1786 6110/9803/1786 6107/9804/1786
f 6107/9804/1787 6110/9803/1787 6111/9796/1787 6106/9795/1787
o Plane.006
v 1.403035 1.670000 0.638242
v 1.403035 1.470000 0.638242
v 1.403035 1.670000 0.309116
v 1.403035 1.470000 0.309116
v 1.359279 1.670000 0.375790
v 1.346951 1.670000 0.473679
v 1.359279 1.670000 0.571568
v 1.359279 1.470000 0.571568
v 1.346951 1.470000 0.473679
v 1.359279 1.470000 0.375790
vn 0.8360 -0.0000 0.5487
vn 0.8360 -0.0000 -0.5487
vn 0.9922 -0.0000 -0.1250
vn 0.9922 -0.0000 0.1250
vt 0.228451 0.809531
vt 0.228451 0.190469
vt 0.000009 0.190469
vt 0.000009 0.809531
vt 1.000009 0.809531
vt 1.000009 0.190469
vt 0.823294 0.190469
vt 0.823294 0.809531
vt 0.533160 0.190469
vt 0.533160 0.809531
s 0
usemtl plate.002
f 6116/9805/1788 6121/9806/1788 6115/9807/1788 6114/9808/1788
f 6112/9809/1789 6113/9810/1789 6119/9811/1789 6118/9812/1789
f 6118/9812/1790 6119/9811/1790 6120/9813/1790 6117/9814/1790
f 6117/9814/1791 6120/9813/1791 6121/9806/1791 6116/9805/1791
o Plane.007
v 1.403035 1.670000 1.178242
v 1.403035 1.470000 1.178242
v 1.403035 1.670000 0.849116
v 1.403035 1.470000 0.849116
v 1.359279 1.670000 0.915790
v 1.346951 1.670000 1.013679
v 1.359279 1.670000 1.111568
v 1.359279 1.470000 1.111568
v 1.346951 1.470000 1.013679
v 1.359279 1.470000 0.915790
vn 0.8360 -0.0000 0.5487
vn 0.8360 -0.0000 -0.5487
vn 0.9922 -0.0000 -0.1250
vn 0.9922 -0.0000 0.1250
vt 0.228451 0.809531
vt 0.228451 0.190469
vt 0.000009 0.190469
vt 0.000009 0.809531
vt 1.000009 0.809531
vt 1.000009 0.190469
vt 0.823294 0.190469
vt 0.823294 0.809531
vt 0.533160 0.190469
vt 0.533160 0.809531
s 0
usemtl plate.003
f 6126/9815/1792 6131/9816/1792 6125/9817/1792 6124/9818/1792
f 6122/9819/1793 6123/9820/1793 6129/9821/1793 6128/9822/1793
f 6128/9822/1794 6129/9821/1794 6130/9823/1794 6127/9824/1794
f 6127/9824/1795 6130/9823/1795 6131/9816/1795 6126/9815/1795
o Torus.001
v 1.600000 1.877937 0.150747
v 1.593420 1.878250 0.147915
v 1.590919 1.879076 0.141313
v 1.593718 1.879993 0.135013
v 1.600000 1.880394 0.132472
v 1.606282 1.879993 0.135013
v 1.609081 1.879076 0.141313
v 1.606580 1.878250 0.147915
v 1.600000 1.965269 0.141556
v 1.593293 1.964145 0.138842
v 1.590909 1.961567 0.132618
v 1.593890 1.959217 0.126945
v 1.600000 1.958322 0.124784
v 1.606110 1.959217 0.126945
v 1.609091 1.961567 0.132618
v 1.606707 1.964145 0.138842
v 1.600000 2.038289 0.092765
v 1.593293 2.036212 0.090688
v 1.590909 2.031448 0.085925
v 1.593890 2.027107 0.081583
v 1.600000 2.025453 0.079929
v 1.606110 2.027107 0.081583
v 1.609091 2.031448 0.085925
v 1.606707 2.036212 0.090688
v 1.600000 2.087080 0.019745
v 1.593293 2.084365 0.018621
v 1.590909 2.078142 0.016043
v 1.593890 2.072469 0.013693
v 1.600000 2.070308 0.012798
v 1.606110 2.072469 0.013693
v 1.609091 2.078142 0.016043
v 1.606707 2.084365 0.018621
v 1.600000 2.104213 -0.066388
v 1.593293 2.101274 -0.066388
v 1.590909 2.094538 -0.066388
v 1.593890 2.088398 -0.066388
v 1.600000 2.086059 -0.066388
v 1.606110 2.088398 -0.066388
v 1.609091 2.094538 -0.066388
v 1.606707 2.101274 -0.066388
v 1.600000 2.087080 -0.152521
v 1.593293 2.084365 -0.151397
v 1.590909 2.078142 -0.148819
v 1.593890 2.072469 -0.146469
v 1.600000 2.070308 -0.145574
v 1.606110 2.072469 -0.146469
v 1.609091 2.078142 -0.148819
v 1.606707 2.084365 -0.151397
v 1.600000 2.038289 -0.225541
v 1.593293 2.036212 -0.223464
v 1.590909 2.031448 -0.218700
v 1.593890 2.027107 -0.214359
v 1.600000 2.025453 -0.212705
v 1.606110 2.027107 -0.214359
v 1.609091 2.031448 -0.218700
v 1.606707 2.036212 -0.223464
v 1.600000 1.965269 -0.274332
v 1.593293 1.964145 -0.271617
v 1.590909 1.961567 -0.265394
v 1.593890 1.959217 -0.259721
v 1.600000 1.958322 -0.257560
v 1.606110 1.959217 -0.259721
v 1.609091 1.961567 -0.265394
v 1.606707 1.964145 -0.271617
v 1.600000 1.877937 -0.283522
v 1.593420 1.878250 -0.280691
v 1.590919 1.879076 -0.274089
v 1.593718 1.879993 -0.267789
v 1.600000 1.880394 -0.265248
v 1.606282 1.879993 -0.267789
v 1.609081 1.879076 -0.274089
v 1.606580 1.878250 -0.280691
v 1.608398 1.843829 -0.282786
v 1.611877 1.843829 -0.274388
v 1.608398 1.843829 -0.265989
v 1.600000 1.843829 -0.262511
v 1.591602 1.843829 -0.265989
v 1.588123 1.843829 -0.274388
v 1.591602 1.843829 -0.282786
v 1.600000 1.843829 -0.286265
v 1.608398 1.843829 0.150011
v 1.611877 1.843829 0.141612
v 1.608398 1.843829 0.133214
v 1.600000 1.843829 0.129735
v 1.591602 1.843829 0.133214
v 1.588123 1.843829 0.141612
v 1.591602 1.843829 0.150011
v 1.600000 1.843829 0.153489
vn -0.3884 0.0963 0.9164
vn -0.9355 0.0363 0.3513
vn -0.9017 -0.0437 -0.4301
vn -0.3565 -0.0928 -0.9297
vn 0.3565 -0.0928 -0.9297
vn 0.9017 -0.0437 -0.4301
vn 0.9355 0.0363 0.3513
vn 0.3884 0.0963 0.9164
vn -0.3948 0.5105 0.7639
vn -0.9406 0.1886 0.2822
vn -0.8962 -0.2465 -0.3689
vn -0.3515 -0.5201 -0.7784
vn 0.3515 -0.5201 -0.7784
vn 0.8962 -0.2465 -0.3689
vn 0.9406 0.1886 0.2822
vn 0.3948 0.5105 0.7639
vn -0.3948 0.7639 0.5104
vn -0.9406 0.2822 0.1886
vn -0.8962 -0.3689 -0.2465
vn -0.3515 -0.7784 -0.5201
vn 0.3515 -0.7784 -0.5201
vn 0.8962 -0.3689 -0.2465
vn 0.9406 0.2822 0.1886
vn 0.3948 0.7639 0.5104
vn -0.3948 0.9011 0.1792
vn -0.9406 0.3329 0.0662
vn -0.8962 -0.4351 -0.0866
vn -0.3515 -0.9182 -0.1826
vn 0.3515 -0.9182 -0.1826
vn 0.8962 -0.4351 -0.0866
vn 0.9406 0.3329 0.0662
vn 0.3948 0.9011 0.1792
vn -0.3948 0.9011 -0.1792
vn -0.9406 0.3329 -0.0662
vn -0.8962 -0.4351 0.0866
vn -0.3515 -0.9182 0.1826
vn 0.3515 -0.9182 0.1826
vn 0.8962 -0.4351 0.0866
vn 0.9406 0.3329 -0.0662
vn 0.3948 0.9011 -0.1792
vn -0.3948 0.7639 -0.5105
vn -0.9406 0.2822 -0.1886
vn -0.8962 -0.3689 0.2465
vn -0.3515 -0.7784 0.5201
vn 0.3515 -0.7784 0.5201
vn 0.8962 -0.3689 0.2465
vn 0.9406 0.2822 -0.1886
vn 0.3948 0.7639 -0.5105
vn -0.3948 0.5105 -0.7639
vn -0.9406 0.1886 -0.2822
vn -0.8962 -0.2465 0.3689
vn -0.3515 -0.5201 0.7784
vn 0.3515 -0.5201 0.7784
vn 0.8962 -0.2465 0.3689
vn 0.9406 0.1886 -0.2822
vn 0.3948 0.5105 -0.7639
vn -0.3884 0.0963 -0.9164
vn -0.9355 0.0363 -0.3513
vn -0.9017 -0.0437 0.4301
vn -0.3565 -0.0928 0.9297
vn 0.3565 -0.0928 0.9297
vn 0.9017 -0.0437 0.4301
vn 0.9355 0.0363 -0.3513
vn 0.3884 0.0963 -0.9164
vn 0.3801 0.0686 0.9224
vn -0.3801 0.0686 -0.9224
vn -0.3858 0.0752 -0.9195
vn 0.3858 0.0752 -0.9195
vn -0.3801 0.0686 0.9224
vn 0.9189 0.0714 -0.3880
vn -0.3858 0.0752 0.9195
vn 0.3858 0.0752 0.9195
vn 0.9250 0.0741 -0.3728
vn -0.9189 0.0714 -0.3880
vn -0.9189 0.0714 0.3880
vn 0.3801 0.0686 -0.9224
vn 0.9189 0.0714 0.3880
vn -0.9250 0.0741 -0.3728
vn -0.0000 -1.0000 -0.0000
vn 0.9250 0.0741 0.3728
vn -0.9250 0.0741 0.3728
vt 0.910751 0.686940
vt 0.900304 0.831760
vt 0.892007 0.828265
vt 0.902454 0.685859
vt 0.797406 0.706322
vt 0.655172 0.696972
vt 0.658777 0.685730
vt 0.795343 0.694636
vt 0.663495 0.677455
vt 0.794602 0.685477
vt 0.995641 0.689003
vt 1.000000 0.819170
vt 0.989068 0.818608
vt 0.984354 0.690566
vt 0.981279 0.821693
vt 0.976393 0.691598
vt 0.061430 0.701123
vt 0.192811 0.688312
vt 0.195919 0.698023
vt 0.059171 0.711847
vt 0.200822 0.708349
vt 0.058460 0.722769
vt 0.922641 0.688805
vt 0.912583 0.831268
vt 0.928394 0.628304
vt 0.885410 0.524061
vt 0.897358 0.521321
vt 0.939781 0.624203
vt 0.535864 0.622958
vt 0.543088 0.613960
vt 0.551104 0.607731
vt 0.978029 0.924661
vt 0.967343 0.922920
vt 0.989110 0.003414
vt 0.966374 0.090908
vt 0.955687 0.088484
vt 0.978679 0.000000
vt 0.305356 0.612839
vt 0.311767 0.620336
vt 0.320293 0.628232
vt 0.930548 0.948929
vt 0.918507 0.950977
vt 0.862148 0.387862
vt 0.874399 0.386900
vt 0.456146 0.508352
vt 0.465787 0.502830
vt 0.476006 0.499769
vt 0.975691 0.088439
vt 0.962032 0.210245
vt 0.952868 0.211352
vt 0.942028 0.210289
vt 0.380557 0.499365
vt 0.389174 0.503533
vt 0.400121 0.507777
vt 0.876844 0.521321
vt 0.853885 0.386900
vt 0.862147 0.240441
vt 0.874399 0.241404
vt 0.428153 0.370603
vt 0.438643 0.369258
vt 0.449635 0.370005
vt 0.959786 0.346828
vt 0.950647 0.346409
vt 0.939781 0.346873
vt 0.406964 0.365166
vt 0.416356 0.365396
vt 0.428153 0.365320
vt 0.853885 0.241404
vt 0.885410 0.104242
vt 0.897358 0.106982
vt 0.456146 0.230682
vt 0.465787 0.233580
vt 0.476006 0.238194
vt 0.969294 0.477396
vt 0.960049 0.475517
vt 0.949290 0.477441
vt 0.380557 0.230672
vt 0.389174 0.226956
vt 0.400121 0.222551
vt 0.876844 0.106982
vt 0.928394 0.000000
vt 0.939781 0.004101
vt 0.535865 0.109890
vt 0.543088 0.116451
vt 0.551104 0.124404
vt 0.989110 0.582070
vt 0.979643 0.579021
vt 0.969106 0.582115
vt 0.305356 0.116359
vt 0.311767 0.109289
vt 0.320293 0.101203
vt 0.325507 0.097347
vt 0.406391 0.220300
vt 0.865933 0.628304
vt 0.883579 0.762633
vt 0.871300 0.763196
vt 0.853885 0.630621
vt 0.655172 0.026617
vt 0.658777 0.035704
vt 0.663495 0.045958
vt 0.967343 0.628304
vt 0.949454 0.749572
vt 0.941509 0.751270
vt 0.959198 0.631358
vt 0.930548 0.750763
vt 0.948437 0.629495
vt 0.192811 0.039630
vt 0.195919 0.030308
vt 0.200822 0.019753
vt 0.874592 0.631699
vt 0.892007 0.764275
vt 0.873520 0.909591
vt 0.861624 0.907755
vt 0.797406 0.006329
vt 0.795343 0.016207
vt 0.794602 0.027627
vt 0.957193 0.883004
vt 0.949017 0.882493
vt 0.937756 0.884229
vt 0.061430 0.025372
vt 0.059171 0.014956
vt 0.058460 0.003728
vt 0.881940 0.908813
vt 0.956548 0.942924
vt 0.941357 0.944368
vt 0.977863 0.629493
vt 0.993075 0.628304
vt 0.869055 0.966749
vt 0.853885 0.965105
vt 0.879815 0.966455
vt 0.967343 0.942731
vt 0.000000 0.712184
vt 0.000918 0.697893
vt 0.904783 0.628304
vt 0.915386 0.630342
vt 0.930548 0.632064
vt -0.000000 0.014292
vt 0.000918 -0.000000
vt 0.853885 0.679405
vt 0.852919 0.691790
vt 0.852919 0.012385
vt 0.853885 0.027432
vt 0.967343 0.631772
vt 0.000918 0.028179
vt 0.853885 0.000000
vt 0.453399 0.706898
vt 0.463857 0.717730
vt 0.463857 0.732987
vt 0.453399 0.743733
vt 0.438610 0.743672
vt 0.428153 0.732841
vt 0.428153 0.717583
vt 0.438610 0.706837
vt 0.474314 0.743672
vt 0.463857 0.732841
vt 0.463857 0.717583
vt 0.474314 0.706837
vt 0.489103 0.706898
vt 0.499561 0.717730
vt 0.499561 0.732987
vt 0.489103 0.743733
vt 0.000918 0.726071
vt 0.853885 0.706837
s 0
usemtl canister_holder.001
f 6132/9825/1796 6140/9826/1796 6141/9827/1796 6133/9828/1796
f 6133/9829/1797 6141/9830/1797 6142/9831/1797 6134/9832/1797
f 6134/9832/1798 6142/9831/1798 6143/9833/1798 6135/9834/1798
f 6135/9835/1799 6143/9836/1799 6144/9837/1799 6136/9838/1799
f 6136/9838/1800 6144/9837/1800 6145/9839/1800 6137/9840/1800
f 6137/9841/1801 6145/9842/1801 6146/9843/1801 6138/9844/1801
f 6138/9844/1802 6146/9843/1802 6147/9845/1802 6139/9846/1802
f 6139/9847/1803 6147/9848/1803 6140/9826/1803 6132/9825/1803
f 6140/9849/1804 6148/9850/1804 6149/9851/1804 6141/9852/1804
f 6141/9830/1805 6149/9853/1805 6150/9854/1805 6142/9831/1805
f 6142/9831/1806 6150/9854/1806 6151/9855/1806 6143/9833/1806
f 6143/9836/1807 6151/9856/1807 6152/9857/1807 6144/9837/1807
f 6144/9858/1808 6152/9859/1808 6153/9860/1808 6145/9861/1808
f 6145/9842/1809 6153/9862/1809 6154/9863/1809 6146/9843/1809
f 6146/9843/1810 6154/9863/1810 6155/9864/1810 6147/9845/1810
f 6147/9848/1811 6155/9865/1811 6148/9866/1811 6140/9826/1811
f 6148/9850/1812 6156/9867/1812 6157/9868/1812 6149/9851/1812
f 6149/9853/1813 6157/9869/1813 6158/9870/1813 6150/9854/1813
f 6150/9854/1814 6158/9870/1814 6159/9871/1814 6151/9855/1814
f 6151/9872/1815 6159/9873/1815 6160/9874/1815 6152/9859/1815
f 6152/9859/1816 6160/9874/1816 6161/9875/1816 6153/9860/1816
f 6153/9862/1817 6161/9876/1817 6162/9877/1817 6154/9863/1817
f 6154/9863/1818 6162/9877/1818 6163/9878/1818 6155/9864/1818
f 6155/9879/1819 6163/9880/1819 6156/9867/1819 6148/9850/1819
f 6156/9867/1820 6164/9881/1820 6165/9882/1820 6157/9868/1820
f 6157/9869/1821 6165/9883/1821 6166/9884/1821 6158/9870/1821
f 6158/9870/1822 6166/9884/1822 6167/9885/1822 6159/9871/1822
f 6159/9873/1823 6167/9886/1823 6168/9887/1823 6160/9874/1823
f 6160/9874/1824 6168/9887/1824 6169/9888/1824 6161/9875/1824
f 6161/9876/1825 6169/9889/1825 6170/9890/1825 6162/9877/1825
f 6162/9877/1826 6170/9890/1826 6171/9891/1826 6163/9878/1826
f 6163/9880/1827 6171/9892/1827 6164/9881/1827 6156/9867/1827
f 6164/9881/1828 6172/9893/1828 6173/9894/1828 6165/9882/1828
f 6165/9883/1829 6173/9895/1829 6174/9896/1829 6166/9884/1829
f 6166/9884/1830 6174/9896/1830 6175/9897/1830 6167/9885/1830
f 6167/9886/1831 6175/9898/1831 6176/9899/1831 6168/9887/1831
f 6168/9887/1832 6176/9899/1832 6177/9900/1832 6169/9888/1832
f 6169/9889/1833 6177/9901/1833 6178/9902/1833 6170/9890/1833
f 6170/9890/1834 6178/9902/1834 6179/9903/1834 6171/9891/1834
f 6171/9892/1835 6179/9904/1835 6172/9893/1835 6164/9881/1835
f 6172/9893/1836 6180/9905/1836 6181/9906/1836 6173/9894/1836
f 6173/9895/1837 6181/9907/1837 6182/9908/1837 6174/9896/1837
f 6174/9896/1838 6182/9908/1838 6183/9909/1838 6175/9897/1838
f 6175/9898/1839 6183/9910/1839 6184/9911/1839 6176/9899/1839
f 6176/9899/1840 6184/9911/1840 6185/9912/1840 6177/9900/1840
f 6177/9901/1841 6185/9913/1841 6186/9914/1841 6178/9902/1841
f 6178/9902/1842 6186/9914/1842 6187/9915/1842 6179/9903/1842
f 6179/9903/1843 6187/9915/1843 6180/9916/1843 6172/9917/1843
f 6180/9918/1844 6188/9919/1844 6189/9920/1844 6181/9921/1844
f 6181/9907/1845 6189/9922/1845 6190/9923/1845 6182/9908/1845
f 6182/9908/1846 6190/9923/1846 6191/9924/1846 6183/9909/1846
f 6183/9925/1847 6191/9926/1847 6192/9927/1847 6184/9928/1847
f 6184/9928/1848 6192/9927/1848 6193/9929/1848 6185/9930/1848
f 6185/9913/1849 6193/9931/1849 6194/9932/1849 6186/9914/1849
f 6186/9914/1850 6194/9932/1850 6195/9933/1850 6187/9915/1850
f 6187/9934/1851 6195/9935/1851 6188/9919/1851 6180/9918/1851
f 6188/9919/1852 6196/9936/1852 6197/9937/1852 6189/9920/1852
f 6189/9922/1853 6197/9938/1853 6198/9939/1853 6190/9923/1853
f 6190/9923/1854 6198/9939/1854 6199/9940/1854 6191/9924/1854
f 6191/9926/1855 6199/9941/1855 6200/9942/1855 6192/9927/1855
f 6192/9927/1856 6200/9942/1856 6201/9943/1856 6193/9929/1856
f 6193/9931/1857 6201/9944/1857 6202/9945/1857 6194/9932/1857
f 6194/9932/1858 6202/9945/1858 6203/9946/1858 6195/9933/1858
f 6195/9935/1859 6203/9947/1859 6196/9936/1859 6188/9919/1859
f 6201/9943/1860 6200/9942/1860 6207/9948/1860 6206/9949/1860
f 6135/9835/1861 6136/9838/1861 6215/9950/1861 6216/9951/1861
f 6197/9937/1862 6196/9936/1862 6211/9952/1862 6210/9953/1862
f 6196/9936/1863 6203/9947/1863 6204/9954/1863 6211/9952/1863
f 6200/9942/1864 6199/9941/1864 6208/9955/1864 6207/9948/1864
f 6137/9841/1865 6138/9844/1865 6213/9956/1865 6214/9957/1865
f 6132/9825/1866 6133/9828/1866 6218/9958/1866 6219/9959/1866
f 6139/9847/1867 6132/9825/1867 6219/9959/1867 6212/9960/1867
f 6203/9946/1868 6202/9945/1868 6205/9961/1868 6204/9962/1868
f 6134/9832/1869 6135/9834/1869 6216/9963/1869 6217/9964/1869
f 6199/9940/1870 6198/9939/1870 6209/9965/1870 6208/9966/1870
f 6136/9838/1871 6137/9840/1871 6214/9967/1871 6215/9950/1871
f 6202/9945/1872 6201/9944/1872 6206/9968/1872 6205/9961/1872
f 6198/9939/1873 6197/9938/1873 6210/9969/1873 6209/9965/1873
f 6211/9970/1874 6204/9971/1874 6205/9972/1874 6206/9973/1874 6207/9974/1874 6208/9975/1874 6209/9976/1874 6210/9977/1874
f 6219/9978/1874 6218/9979/1874 6217/9980/1874 6216/9981/1874 6215/9982/1874 6214/9983/1874 6213/9984/1874 6212/9985/1874
f 6138/9844/1875 6139/9846/1875 6212/9986/1875 6213/9956/1875
f 6133/9829/1876 6134/9832/1876 6217/9964/1876 6218/9987/1876
o Torus.002
v 1.600000 1.877937 0.690746
v 1.593420 1.878250 0.687915
v 1.590919 1.879076 0.681313
v 1.593718 1.879993 0.675013
v 1.600000 1.880394 0.672472
v 1.606282 1.879993 0.675013
v 1.609081 1.879076 0.681313
v 1.606580 1.878250 0.687915
v 1.600000 1.965269 0.681556
v 1.593293 1.964145 0.678842
v 1.590909 1.961567 0.672618
v 1.593890 1.959217 0.666945
v 1.600000 1.958322 0.664784
v 1.606110 1.959217 0.666945
v 1.609091 1.961567 0.672618
v 1.606707 1.964145 0.678842
v 1.600000 2.038289 0.632765
v 1.593293 2.036212 0.630688
v 1.590909 2.031448 0.625924
v 1.593890 2.027107 0.621583
v 1.600000 2.025453 0.619929
v 1.606110 2.027107 0.621583
v 1.609091 2.031448 0.625924
v 1.606707 2.036212 0.630688
v 1.600000 2.087080 0.559745
v 1.593293 2.084365 0.558621
v 1.590909 2.078142 0.556043
v 1.593890 2.072469 0.553693
v 1.600000 2.070308 0.552798
v 1.606110 2.072469 0.553693
v 1.609091 2.078142 0.556043
v 1.606707 2.084365 0.558621
v 1.600000 2.104213 0.473612
v 1.593293 2.101274 0.473612
v 1.590909 2.094538 0.473612
v 1.593890 2.088398 0.473612
v 1.600000 2.086059 0.473612
v 1.606110 2.088398 0.473612
v 1.609091 2.094538 0.473612
v 1.606707 2.101274 0.473612
v 1.600000 2.087080 0.387479
v 1.593293 2.084365 0.388603
v 1.590909 2.078142 0.391181
v 1.593890 2.072469 0.393531
v 1.600000 2.070308 0.394426
v 1.606110 2.072469 0.393531
v 1.609091 2.078142 0.391181
v 1.606707 2.084365 0.388603
v 1.600000 2.038289 0.314459
v 1.593293 2.036212 0.316536
v 1.590909 2.031448 0.321300
v 1.593890 2.027107 0.325641
v 1.600000 2.025453 0.327295
v 1.606110 2.027107 0.325641
v 1.609091 2.031448 0.321300
v 1.606707 2.036212 0.316536
v 1.600000 1.965269 0.265668
v 1.593293 1.964145 0.268383
v 1.590909 1.961567 0.274606
v 1.593890 1.959217 0.280279
v 1.600000 1.958322 0.282440
v 1.606110 1.959217 0.280279
v 1.609091 1.961567 0.274606
v 1.606707 1.964145 0.268383
v 1.600000 1.877937 0.256478
v 1.593420 1.878250 0.259309
v 1.590919 1.879076 0.265911
v 1.593718 1.879993 0.272211
v 1.600000 1.880394 0.274752
v 1.606282 1.879993 0.272211
v 1.609081 1.879076 0.265911
v 1.606580 1.878250 0.259309
v 1.608398 1.843829 0.257214
v 1.611877 1.843829 0.265612
v 1.608398 1.843829 0.274011
v 1.600000 1.843829 0.277489
v 1.591602 1.843829 0.274011
v 1.588123 1.843829 0.265612
v 1.591602 1.843829 0.257214
v 1.600000 1.843829 0.253735
v 1.608398 1.843829 0.690011
v 1.611877 1.843829 0.681612
v 1.608398 1.843829 0.673214
v 1.600000 1.843829 0.669735
v 1.591602 1.843829 0.673214
v 1.588123 1.843829 0.681612
v 1.591602 1.843829 0.690011
v 1.600000 1.843829 0.693489
vn -0.3884 0.0963 0.9164
vn -0.9355 0.0363 0.3513
vn -0.9017 -0.0437 -0.4301
vn -0.3565 -0.0928 -0.9297
vn 0.3565 -0.0928 -0.9297
vn 0.9017 -0.0437 -0.4301
vn 0.9355 0.0363 0.3513
vn 0.3884 0.0963 0.9164
vn -0.3948 0.5105 0.7639
vn -0.9406 0.1886 0.2822
vn -0.8962 -0.2465 -0.3689
vn -0.3515 -0.5201 -0.7784
vn 0.3515 -0.5201 -0.7784
vn 0.8962 -0.2465 -0.3689
vn 0.9406 0.1886 0.2822
vn 0.3948 0.5105 0.7639
vn -0.3948 0.7639 0.5104
vn -0.9406 0.2822 0.1886
vn -0.8962 -0.3689 -0.2465
vn -0.3515 -0.7784 -0.5201
vn 0.3515 -0.7784 -0.5201
vn 0.8962 -0.3689 -0.2465
vn 0.9406 0.2822 0.1886
vn 0.3948 0.7639 0.5104
vn -0.3948 0.9011 0.1792
vn -0.9406 0.3329 0.0662
vn -0.8962 -0.4351 -0.0866
vn -0.3515 -0.9182 -0.1826
vn 0.3515 -0.9182 -0.1826
vn 0.8962 -0.4351 -0.0866
vn 0.9406 0.3329 0.0662
vn 0.3948 0.9011 0.1792
vn -0.3948 0.9011 -0.1792
vn -0.9406 0.3329 -0.0662
vn -0.8962 -0.4351 0.0866
vn -0.3515 -0.9182 0.1826
vn 0.3515 -0.9182 0.1826
vn 0.8962 -0.4351 0.0866
vn 0.9406 0.3329 -0.0662
vn 0.3948 0.9011 -0.1792
vn -0.3948 0.7639 -0.5105
vn -0.9406 0.2822 -0.1886
vn -0.8962 -0.3689 0.2465
vn -0.3515 -0.7784 0.5201
vn 0.3515 -0.7784 0.5201
vn 0.8962 -0.3689 0.2465
vn 0.9406 0.2822 -0.1886
vn 0.3948 0.7639 -0.5105
vn -0.3948 0.5105 -0.7639
vn -0.9406 0.1886 -0.2822
vn -0.8962 -0.2465 0.3689
vn -0.3515 -0.5201 0.7784
vn 0.3515 -0.5201 0.7784
vn 0.8962 -0.2465 0.3689
vn 0.9406 0.1886 -0.2822
vn 0.3948 0.5105 -0.7639
vn -0.3884 0.0963 -0.9164
vn -0.9355 0.0363 -0.3513
vn -0.9017 -0.0437 0.4301
vn -0.3565 -0.0928 0.9297
vn 0.3565 -0.0928 0.9297
vn 0.9017 -0.0437 0.4301
vn 0.9355 0.0363 -0.3513
vn 0.3884 0.0963 -0.9164
vn 0.3801 0.0686 0.9224
vn -0.3801 0.0686 -0.9224
vn -0.3858 0.0752 -0.9195
vn 0.3858 0.0752 -0.9195
vn -0.3801 0.0686 0.9224
vn 0.9189 0.0714 -0.3880
vn -0.3858 0.0752 0.9195
vn 0.3858 0.0752 0.9195
vn 0.9250 0.0741 -0.3728
vn -0.9189 0.0714 -0.3880
vn -0.9189 0.0714 0.3880
vn 0.3801 0.0686 -0.9224
vn 0.9189 0.0714 0.3880
vn -0.9250 0.0741 -0.3728
vn -0.0000 -1.0000 -0.0000
vn 0.9250 0.0741 0.3728
vn -0.9250 0.0741 0.3728
vt 0.910751 0.686940
vt 0.900304 0.831760
vt 0.892007 0.828265
vt 0.902454 0.685859
vt 0.797406 0.706322
vt 0.655172 0.696972
vt 0.658777 0.685730
vt 0.795343 0.694636
vt 0.663495 0.677455
vt 0.794602 0.685477
vt 0.995641 0.689003
vt 1.000000 0.819170
vt 0.989068 0.818608
vt 0.984354 0.690566
vt 0.981279 0.821693
vt 0.976393 0.691598
vt 0.061430 0.701123
vt 0.192811 0.688312
vt 0.195919 0.698023
vt 0.059171 0.711847
vt 0.200822 0.708349
vt 0.058460 0.722769
vt 0.922641 0.688805
vt 0.912583 0.831268
vt 0.928394 0.628304
vt 0.885410 0.524061
vt 0.897358 0.521321
vt 0.939781 0.624203
vt 0.535864 0.622958
vt 0.543088 0.613960
vt 0.551104 0.607731
vt 0.978029 0.924661
vt 0.967343 0.922920
vt 0.989110 0.003414
vt 0.966374 0.090908
vt 0.955687 0.088484
vt 0.978679 0.000000
vt 0.305356 0.612839
vt 0.311767 0.620336
vt 0.320293 0.628232
vt 0.930548 0.948929
vt 0.918507 0.950977
vt 0.862148 0.387862
vt 0.874399 0.386900
vt 0.456146 0.508352
vt 0.465787 0.502830
vt 0.476006 0.499769
vt 0.975691 0.088439
vt 0.962032 0.210245
vt 0.952868 0.211352
vt 0.942028 0.210289
vt 0.380557 0.499365
vt 0.389174 0.503533
vt 0.400121 0.507777
vt 0.876844 0.521321
vt 0.853885 0.386900
vt 0.862147 0.240441
vt 0.874399 0.241404
vt 0.428153 0.370603
vt 0.438643 0.369258
vt 0.449635 0.370005
vt 0.959786 0.346828
vt 0.950647 0.346409
vt 0.939781 0.346873
vt 0.406964 0.365166
vt 0.416356 0.365396
vt 0.428153 0.365320
vt 0.853885 0.241404
vt 0.885410 0.104242
vt 0.897358 0.106982
vt 0.456146 0.230682
vt 0.465787 0.233580
vt 0.476006 0.238194
vt 0.969294 0.477396
vt 0.960049 0.475517
vt 0.949290 0.477441
vt 0.380557 0.230672
vt 0.389174 0.226956
vt 0.400121 0.222551
vt 0.876844 0.106982
vt 0.928394 0.000000
vt 0.939781 0.004101
vt 0.535865 0.109890
vt 0.543088 0.116451
vt 0.551104 0.124404
vt 0.989110 0.582070
vt 0.979643 0.579021
vt 0.969106 0.582115
vt 0.305356 0.116359
vt 0.311767 0.109289
vt 0.320293 0.101203
vt 0.325507 0.097347
vt 0.406391 0.220300
vt 0.865933 0.628304
vt 0.883579 0.762633
vt 0.871300 0.763196
vt 0.853885 0.630621
vt 0.655172 0.026617
vt 0.658777 0.035704
vt 0.663495 0.045958
vt 0.967343 0.628304
vt 0.949454 0.749572
vt 0.941509 0.751270
vt 0.959198 0.631358
vt 0.930548 0.750763
vt 0.948437 0.629495
vt 0.192811 0.039630
vt 0.195919 0.030308
vt 0.200822 0.019753
vt 0.874592 0.631699
vt 0.892007 0.764275
vt 0.873520 0.909591
vt 0.861624 0.907755
vt 0.797406 0.006329
vt 0.795343 0.016207
vt 0.794602 0.027627
vt 0.957193 0.883004
vt 0.949017 0.882493
vt 0.937756 0.884229
vt 0.061430 0.025372
vt 0.059171 0.014956
vt 0.058460 0.003728
vt 0.881940 0.908813
vt 0.956548 0.942924
vt 0.941357 0.944368
vt 0.977863 0.629493
vt 0.993075 0.628304
vt 0.869055 0.966749
vt 0.853885 0.965105
vt 0.879815 0.966455
vt 0.967343 0.942731
vt 0.000000 0.712184
vt 0.000918 0.697893
vt 0.904783 0.628304
vt 0.915386 0.630342
vt 0.930548 0.632064
vt -0.000000 0.014292
vt 0.000918 -0.000000
vt 0.853885 0.679405
vt 0.852919 0.691790
vt 0.852919 0.012385
vt 0.853885 0.027432
vt 0.967343 0.631772
vt 0.000918 0.028179
vt 0.853885 0.000000
vt 0.453399 0.706898
vt 0.463857 0.717730
vt 0.463857 0.732987
vt 0.453399 0.743733
vt 0.438610 0.743672
vt 0.428153 0.732841
vt 0.428153 0.717583
vt 0.438610 0.706837
vt 0.474314 0.743672
vt 0.463857 0.732841
vt 0.463857 0.717583
vt 0.474314 0.706837
vt 0.489103 0.706898
vt 0.499561 0.717730
vt 0.499561 0.732987
vt 0.489103 0.743733
vt 0.000918 0.726071
vt 0.853885 0.706837
s 0
usemtl canister_holder.002
f 6220/9988/1877 6228/9989/1877 6229/9990/1877 6221/9991/1877
f 6221/9992/1878 6229/9993/1878 6230/9994/1878 6222/9995/1878
f 6222/9995/1879 6230/9994/1879 6231/9996/1879 6223/9997/1879
f 6223/9998/1880 6231/9999/1880 6232/10000/1880 6224/10001/1880
f 6224/10001/1881 6232/10000/1881 6233/10002/1881 6225/10003/1881
f 6225/10004/1882 6233/10005/1882 6234/10006/1882 6226/10007/1882
f 6226/10007/1883 6234/10006/1883 6235/10008/1883 6227/10009/1883
f 6227/10010/1884 6235/10011/1884 6228/9989/1884 6220/9988/1884
f 6228/10012/1885 6236/10013/1885 6237/10014/1885 6229/10015/1885
f 6229/9993/1886 6237/10016/1886 6238/10017/1886 6230/9994/1886
f 6230/9994/1887 6238/10017/1887 6239/10018/1887 6231/9996/1887
f 6231/9999/1888 6239/10019/1888 6240/10020/1888 6232/10000/1888
f 6232/10021/1889 6240/10022/1889 6241/10023/1889 6233/10024/1889
f 6233/10005/1890 6241/10025/1890 6242/10026/1890 6234/10006/1890
f 6234/10006/1891 6242/10026/1891 6243/10027/1891 6235/10008/1891
f 6235/10011/1892 6243/10028/1892 6236/10029/1892 6228/9989/1892
f 6236/10013/1893 6244/10030/1893 6245/10031/1893 6237/10014/1893
f 6237/10016/1894 6245/10032/1894 6246/10033/1894 6238/10017/1894
f 6238/10017/1895 6246/10033/1895 6247/10034/1895 6239/10018/1895
f 6239/10035/1896 6247/10036/1896 6248/10037/1896 6240/10022/1896
f 6240/10022/1897 6248/10037/1897 6249/10038/1897 6241/10023/1897
f 6241/10025/1898 6249/10039/1898 6250/10040/1898 6242/10026/1898
f 6242/10026/1899 6250/10040/1899 6251/10041/1899 6243/10027/1899
f 6243/10042/1900 6251/10043/1900 6244/10030/1900 6236/10013/1900
f 6244/10030/1901 6252/10044/1901 6253/10045/1901 6245/10031/1901
f 6245/10032/1902 6253/10046/1902 6254/10047/1902 6246/10033/1902
f 6246/10033/1903 6254/10047/1903 6255/10048/1903 6247/10034/1903
f 6247/10036/1904 6255/10049/1904 6256/10050/1904 6248/10037/1904
f 6248/10037/1905 6256/10050/1905 6257/10051/1905 6249/10038/1905
f 6249/10039/1906 6257/10052/1906 6258/10053/1906 6250/10040/1906
f 6250/10040/1907 6258/10053/1907 6259/10054/1907 6251/10041/1907
f 6251/10043/1908 6259/10055/1908 6252/10044/1908 6244/10030/1908
f 6252/10044/1909 6260/10056/1909 6261/10057/1909 6253/10045/1909
f 6253/10046/1910 6261/10058/1910 6262/10059/1910 6254/10047/1910
f 6254/10047/1911 6262/10059/1911 6263/10060/1911 6255/10048/1911
f 6255/10049/1912 6263/10061/1912 6264/10062/1912 6256/10050/1912
f 6256/10050/1913 6264/10062/1913 6265/10063/1913 6257/10051/1913
f 6257/10052/1914 6265/10064/1914 6266/10065/1914 6258/10053/1914
f 6258/10053/1915 6266/10065/1915 6267/10066/1915 6259/10054/1915
f 6259/10055/1916 6267/10067/1916 6260/10056/1916 6252/10044/1916
f 6260/10056/1917 6268/10068/1917 6269/10069/1917 6261/10057/1917
f 6261/10058/1918 6269/10070/1918 6270/10071/1918 6262/10059/1918
f 6262/10059/1919 6270/10071/1919 6271/10072/1919 6263/10060/1919
f 6263/10061/1920 6271/10073/1920 6272/10074/1920 6264/10062/1920
f 6264/10062/1921 6272/10074/1921 6273/10075/1921 6265/10063/1921
f 6265/10064/1922 6273/10076/1922 6274/10077/1922 6266/10065/1922
f 6266/10065/1923 6274/10077/1923 6275/10078/1923 6267/10066/1923
f 6267/10066/1924 6275/10078/1924 6268/10079/1924 6260/10080/1924
f 6268/10081/1925 6276/10082/1925 6277/10083/1925 6269/10084/1925
f 6269/10070/1926 6277/10085/1926 6278/10086/1926 6270/10071/1926
f 6270/10071/1927 6278/10086/1927 6279/10087/1927 6271/10072/1927
f 6271/10088/1928 6279/10089/1928 6280/10090/1928 6272/10091/1928
f 6272/10091/1929 6280/10090/1929 6281/10092/1929 6273/10093/1929
f 6273/10076/1930 6281/10094/1930 6282/10095/1930 6274/10077/1930
f 6274/10077/1931 6282/10095/1931 6283/10096/1931 6275/10078/1931
f 6275/10097/1932 6283/10098/1932 6276/10082/1932 6268/10081/1932
f 6276/10082/1933 6284/10099/1933 6285/10100/1933 6277/10083/1933
f 6277/10085/1934 6285/10101/1934 6286/10102/1934 6278/10086/1934
f 6278/10086/1935 6286/10102/1935 6287/10103/1935 6279/10087/1935
f 6279/10089/1936 6287/10104/1936 6288/10105/1936 6280/10090/1936
f 6280/10090/1937 6288/10105/1937 6289/10106/1937 6281/10092/1937
f 6281/10094/1938 6289/10107/1938 6290/10108/1938 6282/10095/1938
f 6282/10095/1939 6290/10108/1939 6291/10109/1939 6283/10096/1939
f 6283/10098/1940 6291/10110/1940 6284/10099/1940 6276/10082/1940
f 6289/10106/1941 6288/10105/1941 6295/10111/1941 6294/10112/1941
f 6223/9998/1942 6224/10001/1942 6303/10113/1942 6304/10114/1942
f 6285/10100/1943 6284/10099/1943 6299/10115/1943 6298/10116/1943
f 6284/10099/1944 6291/10110/1944 6292/10117/1944 6299/10115/1944
f 6288/10105/1945 6287/10104/1945 6296/10118/1945 6295/10111/1945
f 6225/10004/1946 6226/10007/1946 6301/10119/1946 6302/10120/1946
f 6220/9988/1947 6221/9991/1947 6306/10121/1947 6307/10122/1947
f 6227/10010/1948 6220/9988/1948 6307/10122/1948 6300/10123/1948
f 6291/10109/1949 6290/10108/1949 6293/10124/1949 6292/10125/1949
f 6222/9995/1950 6223/9997/1950 6304/10126/1950 6305/10127/1950
f 6287/10103/1951 6286/10102/1951 6297/10128/1951 6296/10129/1951
f 6224/10001/1952 6225/10003/1952 6302/10130/1952 6303/10113/1952
f 6290/10108/1953 6289/10107/1953 6294/10131/1953 6293/10124/1953
f 6286/10102/1954 6285/10101/1954 6298/10132/1954 6297/10128/1954
f 6299/10133/1955 6292/10134/1955 6293/10135/1955 6294/10136/1955 6295/10137/1955 6296/10138/1955 6297/10139/1955 6298/10140/1955
f 6307/10141/1955 6306/10142/1955 6305/10143/1955 6304/10144/1955 6303/10145/1955 6302/10146/1955 6301/10147/1955 6300/10148/1955
f 6226/10007/1956 6227/10009/1956 6300/10149/1956 6301/10119/1956
f 6221/9992/1957 6222/9995/1957 6305/10127/1957 6306/10150/1957
o Torus.003
v 1.600000 1.877937 1.230747
v 1.593420 1.878250 1.227915
v 1.590919 1.879076 1.221313
v 1.593718 1.879993 1.215013
v 1.600000 1.880394 1.212472
v 1.606282 1.879993 1.215013
v 1.609081 1.879076 1.221313
v 1.606580 1.878250 1.227915
v 1.600000 1.965269 1.221556
v 1.593293 1.964145 1.218842
v 1.590909 1.961567 1.212618
v 1.593890 1.959217 1.206945
v 1.600000 1.958322 1.204784
v 1.606110 1.959217 1.206945
v 1.609091 1.961567 1.212618
v 1.606707 1.964145 1.218842
v 1.600000 2.038289 1.172765
v 1.593293 2.036212 1.170688
v 1.590909 2.031448 1.165924
v 1.593890 2.027107 1.161583
v 1.600000 2.025453 1.159929
v 1.606110 2.027107 1.161583
v 1.609091 2.031448 1.165924
v 1.606707 2.036212 1.170688
v 1.600000 2.087080 1.099745
v 1.593293 2.084365 1.098621
v 1.590909 2.078142 1.096043
v 1.593890 2.072469 1.093693
v 1.600000 2.070308 1.092798
v 1.606110 2.072469 1.093693
v 1.609091 2.078142 1.096043
v 1.606707 2.084365 1.098621
v 1.600000 2.104213 1.013612
v 1.593293 2.101274 1.013612
v 1.590909 2.094538 1.013612
v 1.593890 2.088398 1.013612
v 1.600000 2.086059 1.013612
v 1.606110 2.088398 1.013612
v 1.609091 2.094538 1.013612
v 1.606707 2.101274 1.013612
v 1.600000 2.087080 0.927479
v 1.593293 2.084365 0.928603
v 1.590909 2.078142 0.931181
v 1.593890 2.072469 0.933531
v 1.600000 2.070308 0.934426
v 1.606110 2.072469 0.933531
v 1.609091 2.078142 0.931181
v 1.606707 2.084365 0.928603
v 1.600000 2.038289 0.854459
v 1.593293 2.036212 0.856536
v 1.590909 2.031448 0.861300
v 1.593890 2.027107 0.865641
v 1.600000 2.025453 0.867295
v 1.606110 2.027107 0.865641
v 1.609091 2.031448 0.861300
v 1.606707 2.036212 0.856536
v 1.600000 1.965269 0.805668
v 1.593293 1.964145 0.808383
v 1.590909 1.961567 0.814606
v 1.593890 1.959217 0.820279
v 1.600000 1.958322 0.822440
v 1.606110 1.959217 0.820279
v 1.609091 1.961567 0.814606
v 1.606707 1.964145 0.808383
v 1.600000 1.877937 0.796478
v 1.593420 1.878250 0.799309
v 1.590919 1.879076 0.805911
v 1.593718 1.879993 0.812211
v 1.600000 1.880394 0.814752
v 1.606282 1.879993 0.812211
v 1.609081 1.879076 0.805911
v 1.606580 1.878250 0.799309
v 1.608398 1.843829 0.797214
v 1.611877 1.843829 0.805612
v 1.608398 1.843829 0.814011
v 1.600000 1.843829 0.817489
v 1.591602 1.843829 0.814011
v 1.588123 1.843829 0.805612
v 1.591602 1.843829 0.797214
v 1.600000 1.843829 0.793735
v 1.608398 1.843829 1.230011
v 1.611877 1.843829 1.221612
v 1.608398 1.843829 1.213214
v 1.600000 1.843829 1.209735
v 1.591602 1.843829 1.213214
v 1.588123 1.843829 1.221612
v 1.591602 1.843829 1.230011
v 1.600000 1.843829 1.233489
vn -0.3884 0.0963 0.9164
vn -0.9355 0.0363 0.3513
vn -0.9017 -0.0437 -0.4301
vn -0.3565 -0.0928 -0.9297
vn 0.3565 -0.0928 -0.9297
vn 0.9017 -0.0437 -0.4301
vn 0.9355 0.0363 0.3513
vn 0.3884 0.0963 0.9164
vn -0.3948 0.5105 0.7639
vn -0.9406 0.1886 0.2822
vn -0.8962 -0.2465 -0.3689
vn -0.3515 -0.5201 -0.7784
vn 0.3515 -0.5201 -0.7784
vn 0.8962 -0.2465 -0.3689
vn 0.9406 0.1886 0.2822
vn 0.3948 0.5105 0.7639
vn -0.3948 0.7639 0.5104
vn -0.9406 0.2822 0.1886
vn -0.8962 -0.3689 -0.2465
vn -0.3515 -0.7784 -0.5201
vn 0.3515 -0.7784 -0.5201
vn 0.8962 -0.3689 -0.2465
vn 0.9406 0.2822 0.1886
vn 0.3948 0.7639 0.5104
vn -0.3948 0.9011 0.1792
vn -0.9406 0.3329 0.0662
vn -0.8962 -0.4351 -0.0866
vn -0.3515 -0.9182 -0.1826
vn 0.3515 -0.9182 -0.1826
vn 0.8962 -0.4351 -0.0866
vn 0.9406 0.3329 0.0662
vn 0.3948 0.9011 0.1792
vn -0.3948 0.9011 -0.1792
vn -0.9406 0.3329 -0.0662
vn -0.8962 -0.4351 0.0866
vn -0.3515 -0.9182 0.1826
vn 0.3515 -0.9182 0.1826
vn 0.8962 -0.4351 0.0866
vn 0.9406 0.3329 -0.0662
vn 0.3948 0.9011 -0.1792
vn -0.3948 0.7639 -0.5105
vn -0.9406 0.2822 -0.1886
vn -0.8962 -0.3689 0.2465
vn -0.3515 -0.7784 0.5201
vn 0.3515 -0.7784 0.5201
vn 0.8962 -0.3689 0.2465
vn 0.9406 0.2822 -0.1886
vn 0.3948 0.7639 -0.5105
vn -0.3948 0.5105 -0.7639
vn -0.9406 0.1886 -0.2822
vn -0.8962 -0.2465 0.3689
vn -0.3515 -0.5201 0.7784
vn 0.3515 -0.5201 0.7784
vn 0.8962 -0.2465 0.3689
vn 0.9406 0.1886 -0.2822
vn 0.3948 0.5105 -0.7639
vn -0.3884 0.0963 -0.9164
vn -0.9355 0.0363 -0.3513
vn -0.9017 -0.0437 0.4301
vn -0.3565 -0.0928 0.9297
vn 0.3565 -0.0928 0.9297
vn 0.9017 -0.0437 0.4301
vn 0.9355 0.0363 -0.3513
vn 0.3884 0.0963 -0.9164
vn 0.3801 0.0686 0.9224
vn -0.3801 0.0686 -0.9224
vn -0.3858 0.0752 -0.9195
vn 0.3858 0.0752 -0.9195
vn -0.3801 0.0686 0.9224
vn 0.9189 0.0714 -0.3880
vn -0.3858 0.0752 0.9195
vn 0.3858 0.0752 0.9195
vn 0.9250 0.0741 -0.3728
vn -0.9189 0.0714 -0.3880
vn -0.9189 0.0714 0.3880
vn 0.3801 0.0686 -0.9224
vn 0.9189 0.0714 0.3880
vn -0.9250 0.0741 -0.3728
vn -0.0000 -1.0000 -0.0000
vn 0.9250 0.0741 0.3728
vn -0.9250 0.0741 0.3728
vt 0.910751 0.686940
vt 0.900304 0.831760
vt 0.892007 0.828265
vt 0.902454 0.685859
vt 0.797406 0.706322
vt 0.655172 0.696972
vt 0.658777 0.685730
vt 0.795343 0.694636
vt 0.663495 0.677455
vt 0.794602 0.685477
vt 0.995641 0.689003
vt 1.000000 0.819170
vt 0.989068 0.818608
vt 0.984354 0.690566
vt 0.981279 0.821693
vt 0.976393 0.691598
vt 0.061430 0.701123
vt 0.192811 0.688312
vt 0.195919 0.698023
vt 0.059171 0.711847
vt 0.200822 0.708349
vt 0.058460 0.722769
vt 0.922641 0.688805
vt 0.912583 0.831268
vt 0.928394 0.628304
vt 0.885410 0.524061
vt 0.897358 0.521321
vt 0.939781 0.624203
vt 0.535864 0.622958
vt 0.543088 0.613960
vt 0.551104 0.607731
vt 0.978029 0.924661
vt 0.967343 0.922920
vt 0.989110 0.003414
vt 0.966374 0.090908
vt 0.955687 0.088484
vt 0.978679 0.000000
vt 0.305356 0.612839
vt 0.311767 0.620336
vt 0.320293 0.628232
vt 0.930548 0.948929
vt 0.918507 0.950977
vt 0.862148 0.387862
vt 0.874399 0.386900
vt 0.456146 0.508352
vt 0.465787 0.502830
vt 0.476006 0.499769
vt 0.975691 0.088439
vt 0.962032 0.210245
vt 0.952868 0.211352
vt 0.942028 0.210289
vt 0.380557 0.499365
vt 0.389174 0.503533
vt 0.400121 0.507777
vt 0.876844 0.521321
vt 0.853885 0.386900
vt 0.862147 0.240441
vt 0.874399 0.241404
vt 0.428153 0.370603
vt 0.438643 0.369258
vt 0.449635 0.370005
vt 0.959786 0.346828
vt 0.950647 0.346409
vt 0.939781 0.346873
vt 0.406964 0.365166
vt 0.416356 0.365396
vt 0.428153 0.365320
vt 0.853885 0.241404
vt 0.885410 0.104242
vt 0.897358 0.106982
vt 0.456146 0.230682
vt 0.465787 0.233580
vt 0.476006 0.238194
vt 0.969294 0.477396
vt 0.960049 0.475517
vt 0.949290 0.477441
vt 0.380557 0.230672
vt 0.389174 0.226956
vt 0.400121 0.222551
vt 0.876844 0.106982
vt 0.928394 0.000000
vt 0.939781 0.004101
vt 0.535865 0.109890
vt 0.543088 0.116451
vt 0.551104 0.124404
vt 0.989110 0.582070
vt 0.979643 0.579021
vt 0.969106 0.582115
vt 0.305356 0.116359
vt 0.311767 0.109289
vt 0.320293 0.101203
vt 0.325507 0.097347
vt 0.406391 0.220300
vt 0.865933 0.628304
vt 0.883579 0.762633
vt 0.871300 0.763196
vt 0.853885 0.630621
vt 0.655172 0.026617
vt 0.658777 0.035704
vt 0.663495 0.045958
vt 0.967343 0.628304
vt 0.949454 0.749572
vt 0.941509 0.751270
vt 0.959198 0.631358
vt 0.930548 0.750763
vt 0.948437 0.629495
vt 0.192811 0.039630
vt 0.195919 0.030308
vt 0.200822 0.019753
vt 0.874592 0.631699
vt 0.892007 0.764275
vt 0.873520 0.909591
vt 0.861624 0.907755
vt 0.797406 0.006329
vt 0.795343 0.016207
vt 0.794602 0.027627
vt 0.957193 0.883004
vt 0.949017 0.882493
vt 0.937756 0.884229
vt 0.061430 0.025372
vt 0.059171 0.014956
vt 0.058460 0.003728
vt 0.881940 0.908813
vt 0.956548 0.942924
vt 0.941357 0.944368
vt 0.977863 0.629493
vt 0.993075 0.628304
vt 0.869055 0.966749
vt 0.853885 0.965105
vt 0.879815 0.966455
vt 0.967343 0.942731
vt 0.000000 0.712184
vt 0.000918 0.697893
vt 0.904783 0.628304
vt 0.915386 0.630342
vt 0.930548 0.632064
vt -0.000000 0.014292
vt 0.000918 -0.000000
vt 0.853885 0.679405
vt 0.852919 0.691790
vt 0.852919 0.012385
vt 0.853885 0.027432
vt 0.967343 0.631772
vt 0.000918 0.028179
vt 0.853885 0.000000
vt 0.453399 0.706898
vt 0.463857 0.717730
vt 0.463857 0.732987
vt 0.453399 0.743733
vt 0.438610 0.743672
vt 0.428153 0.732841
vt 0.428153 0.717583
vt 0.438610 0.706837
vt 0.474314 0.743672
vt 0.463857 0.732841
vt 0.463857 0.717583
vt 0.474314 0.706837
vt 0.489103 0.706898
vt 0.499561 0.717730
vt 0.499561 0.732987
vt 0.489103 0.743733
vt 0.000918 0.726071
vt 0.853885 0.706837
s 0
usemtl canister_holder.003
f 6308/10151/1958 6316/10152/1958 6317/10153/1958 6309/10154/1958
f 6309/10155/1959 6317/10156/1959 6318/10157/1959 6310/10158/1959
f 6310/10158/1960 6318/10157/1960 6319/10159/1960 6311/10160/1960
f 6311/10161/1961 6319/10162/1961 6320/10163/1961 6312/10164/1961
f 6312/10164/1962 6320/10163/1962 6321/10165/1962 6313/10166/1962
f 6313/10167/1963 6321/10168/1963 6322/10169/1963 6314/10170/1963
f 6314/10170/1964 6322/10169/1964 6323/10171/1964 6315/10172/1964
f 6315/10173/1965 6323/10174/1965 6316/10152/1965 6308/10151/1965
f 6316/10175/1966 6324/10176/1966 6325/10177/1966 6317/10178/1966
f 6317/10156/1967 6325/10179/1967 6326/10180/1967 6318/10157/1967
f 6318/10157/1968 6326/10180/1968 6327/10181/1968 6319/10159/1968
f 6319/10162/1969 6327/10182/1969 6328/10183/1969 6320/10163/1969
f 6320/10184/1970 6328/10185/1970 6329/10186/1970 6321/10187/1970
f 6321/10168/1971 6329/10188/1971 6330/10189/1971 6322/10169/1971
f 6322/10169/1972 6330/10189/1972 6331/10190/1972 6323/10171/1972
f 6323/10174/1973 6331/10191/1973 6324/10192/1973 6316/10152/1973
f 6324/10176/1974 6332/10193/1974 6333/10194/1974 6325/10177/1974
f 6325/10179/1975 6333/10195/1975 6334/10196/1975 6326/10180/1975
f 6326/10180/1976 6334/10196/1976 6335/10197/1976 6327/10181/1976
f 6327/10198/1977 6335/10199/1977 6336/10200/1977 6328/10185/1977
f 6328/10185/1978 6336/10200/1978 6337/10201/1978 6329/10186/1978
f 6329/10188/1979 6337/10202/1979 6338/10203/1979 6330/10189/1979
f 6330/10189/1980 6338/10203/1980 6339/10204/1980 6331/10190/1980
f 6331/10205/1981 6339/10206/1981 6332/10193/1981 6324/10176/1981
f 6332/10193/1982 6340/10207/1982 6341/10208/1982 6333/10194/1982
f 6333/10195/1983 6341/10209/1983 6342/10210/1983 6334/10196/1983
f 6334/10196/1984 6342/10210/1984 6343/10211/1984 6335/10197/1984
f 6335/10199/1985 6343/10212/1985 6344/10213/1985 6336/10200/1985
f 6336/10200/1986 6344/10213/1986 6345/10214/1986 6337/10201/1986
f 6337/10202/1987 6345/10215/1987 6346/10216/1987 6338/10203/1987
f 6338/10203/1988 6346/10216/1988 6347/10217/1988 6339/10204/1988
f 6339/10206/1989 6347/10218/1989 6340/10207/1989 6332/10193/1989
f 6340/10207/1990 6348/10219/1990 6349/10220/1990 6341/10208/1990
f 6341/10209/1991 6349/10221/1991 6350/10222/1991 6342/10210/1991
f 6342/10210/1992 6350/10222/1992 6351/10223/1992 6343/10211/1992
f 6343/10212/1993 6351/10224/1993 6352/10225/1993 6344/10213/1993
f 6344/10213/1994 6352/10225/1994 6353/10226/1994 6345/10214/1994
f 6345/10215/1995 6353/10227/1995 6354/10228/1995 6346/10216/1995
f 6346/10216/1996 6354/10228/1996 6355/10229/1996 6347/10217/1996
f 6347/10218/1997 6355/10230/1997 6348/10219/1997 6340/10207/1997
f 6348/10219/1998 6356/10231/1998 6357/10232/1998 6349/10220/1998
f 6349/10221/1999 6357/10233/1999 6358/10234/1999 6350/10222/1999
f 6350/10222/2000 6358/10234/2000 6359/10235/2000 6351/10223/2000
f 6351/10224/2001 6359/10236/2001 6360/10237/2001 6352/10225/2001
f 6352/10225/2002 6360/10237/2002 6361/10238/2002 6353/10226/2002
f 6353/10227/2003 6361/10239/2003 6362/10240/2003 6354/10228/2003
f 6354/10228/2004 6362/10240/2004 6363/10241/2004 6355/10229/2004
f 6355/10229/2005 6363/10241/2005 6356/10242/2005 6348/10243/2005
f 6356/10244/2006 6364/10245/2006 6365/10246/2006 6357/10247/2006
f 6357/10233/2007 6365/10248/2007 6366/10249/2007 6358/10234/2007
f 6358/10234/2008 6366/10249/2008 6367/10250/2008 6359/10235/2008
f 6359/10251/2009 6367/10252/2009 6368/10253/2009 6360/10254/2009
f 6360/10254/2010 6368/10253/2010 6369/10255/2010 6361/10256/2010
f 6361/10239/2011 6369/10257/2011 6370/10258/2011 6362/10240/2011
f 6362/10240/2012 6370/10258/2012 6371/10259/2012 6363/10241/2012
f 6363/10260/2013 6371/10261/2013 6364/10245/2013 6356/10244/2013
f 6364/10245/2014 6372/10262/2014 6373/10263/2014 6365/10246/2014
f 6365/10248/2015 6373/10264/2015 6374/10265/2015 6366/10249/2015
f 6366/10249/2016 6374/10265/2016 6375/10266/2016 6367/10250/2016
f 6367/10252/2017 6375/10267/2017 6376/10268/2017 6368/10253/2017
f 6368/10253/2018 6376/10268/2018 6377/10269/2018 6369/10255/2018
f 6369/10257/2019 6377/10270/2019 6378/10271/2019 6370/10258/2019
f 6370/10258/2020 6378/10271/2020 6379/10272/2020 6371/10259/2020
f 6371/10261/2021 6379/10273/2021 6372/10262/2021 6364/10245/2021
f 6377/10269/2022 6376/10268/2022 6383/10274/2022 6382/10275/2022
f 6311/10161/2023 6312/10164/2023 6391/10276/2023 6392/10277/2023
f 6373/10263/2024 6372/10262/2024 6387/10278/2024 6386/10279/2024
f 6372/10262/2025 6379/10273/2025 6380/10280/2025 6387/10278/2025
f 6376/10268/2026 6375/10267/2026 6384/10281/2026 6383/10274/2026
f 6313/10167/2027 6314/10170/2027 6389/10282/2027 6390/10283/2027
f 6308/10151/2028 6309/10154/2028 6394/10284/2028 6395/10285/2028
f 6315/10173/2029 6308/10151/2029 6395/10285/2029 6388/10286/2029
f 6379/10272/2030 6378/10271/2030 6381/10287/2030 6380/10288/2030
f 6310/10158/2031 6311/10160/2031 6392/10289/2031 6393/10290/2031
f 6375/10266/2032 6374/10265/2032 6385/10291/2032 6384/10292/2032
f 6312/10164/2033 6313/10166/2033 6390/10293/2033 6391/10276/2033
f 6378/10271/2034 6377/10270/2034 6382/10294/2034 6381/10287/2034
f 6374/10265/2035 6373/10264/2035 6386/10295/2035 6385/10291/2035
f 6387/10296/2036 6380/10297/2036 6381/10298/2036 6382/10299/2036 6383/10300/2036 6384/10301/2036 6385/10302/2036 6386/10303/2036
f 6395/10304/2036 6394/10305/2036 6393/10306/2036 6392/10307/2036 6391/10308/2036 6390/10309/2036 6389/10310/2036 6388/10311/2036
f 6314/10170/2037 6315/10172/2037 6388/10312/2037 6389/10282/2037
f 6309/10155/2038 6310/10158/2038 6393/10290/2038 6394/10313/2038
o Cube.041
v 2.488431 3.613971 -0.150000
v 2.517975 3.619181 -0.150000
v 2.488430 3.613971 -2.000000
v 2.517974 3.619181 -2.000000
v 3.130929 -0.029817 -0.150000
v 3.160474 -0.024608 -0.150000
v 3.130929 -0.029817 -2.000000
v 3.160473 -0.024608 -2.000000
v 2.526845 3.577762 -0.150000
v 2.555822 3.585527 -0.150000
v 2.526845 3.577762 -2.000000
v 2.555822 3.585527 -2.000000
v 3.484476 0.003837 -0.150000
v 3.513453 0.011601 -0.150000
v 3.484475 0.003837 -2.000000
v 3.513453 0.011601 -2.000000
v 2.563235 3.566000 -0.150000
v 2.592027 3.574425 -0.150000
v 2.563235 3.566000 -2.000000
v 2.592027 3.574425 -2.000000
v 3.602449 0.014938 -0.150000
v 3.631241 0.023364 -0.150000
v 3.602449 0.014938 -2.000000
v 3.631241 0.023364 -2.000000
vn -0.1736 0.9848 -0.0000
vn -0.0000 -0.0000 -1.0000
vn 0.1736 -0.9848 -0.0000
vn -0.0000 -0.0000 1.0000
vn -0.9848 -0.1736 -0.0000
vn 0.9848 0.1736 -0.0000
vn -0.2588 0.9659 -0.0000
vn 0.2588 -0.9659 -0.0000
vn -0.9659 -0.2588 -0.0000
vn 0.9659 0.2588 -0.0000
vn -0.2809 0.9597 -0.0000
vn 0.2809 -0.9597 -0.0000
vn -0.9597 -0.2809 -0.0000
vn 0.9597 0.2809 -0.0000
vt 0.950000 0.950000
vt 0.950000 0.975000
vt 0.487500 0.975000
vt 0.487500 0.950000
vt 0.950000 0.925000
vt 0.925000 0.925000
vt 0.925000 0.000000
vt 0.950000 0.000000
vt 0.025000 0.975000
vt 0.025000 0.950000
vt 0.487500 0.950000
vt 0.487500 0.975000
vt 0.975000 0.925000
vt 0.950000 0.925000
vt 0.950000 0.000000
vt 0.975000 0.000000
vt 0.462500 0.000000
vt 0.462500 0.925000
vt -0.000000 0.925000
vt 0.000000 0.000000
vt 0.462500 0.925000
vt 0.462500 0.000000
vt 0.925000 -0.000000
vt 0.925000 0.925000
s 0
usemtl shop_cover.003
f 6396/10314/2039 6397/10315/2039 6399/10316/2039 6398/10317/2039
f 6398/10318/2040 6399/10319/2040 6403/10320/2040 6402/10321/2040
f 6402/10322/2041 6403/10323/2041 6401/10324/2041 6400/10325/2041
f 6400/10326/2042 6401/10327/2042 6397/10328/2042 6396/10329/2042
f 6398/10330/2043 6402/10331/2043 6400/10332/2043 6396/10333/2043
f 6403/10334/2044 6399/10335/2044 6397/10336/2044 6401/10337/2044
f 6404/10314/2045 6405/10315/2045 6407/10316/2045 6406/10317/2045
f 6406/10318/2040 6407/10319/2040 6411/10320/2040 6410/10321/2040
f 6410/10322/2046 6411/10323/2046 6409/10324/2046 6408/10325/2046
f 6408/10326/2042 6409/10327/2042 6405/10328/2042 6404/10329/2042
f 6406/10330/2047 6410/10331/2047 6408/10332/2047 6404/10333/2047
f 6411/10334/2048 6407/10335/2048 6405/10336/2048 6409/10337/2048
f 6412/10314/2049 6413/10315/2049 6415/10316/2049 6414/10317/2049
f 6414/10318/2040 6415/10319/2040 6419/10320/2040 6418/10321/2040
f 6418/10322/2050 6419/10323/2050 6417/10324/2050 6416/10325/2050
f 6416/10326/2042 6417/10327/2042 6413/10328/2042 6412/10329/2042
f 6414/10330/2051 6418/10331/2051 6416/10332/2051 6412/10333/2051
f 6419/10334/2052 6415/10335/2052 6413/10336/2052 6417/10337/2052
o Cylinder.032
v 2.640001 1.350000 1.424834
v 3.360001 1.350000 1.424834
v 2.640001 1.350000 2.215168
v 3.360001 1.350000 2.215168
v 2.600001 1.471833 2.234842
v 3.400001 1.471833 2.234842
v 2.600001 1.617505 2.137506
v 3.400001 1.617505 2.137506
v 2.600001 1.714841 1.991834
v 3.400001 1.714841 1.991834
v 2.600001 1.749020 1.820001
v 3.400001 1.749020 1.820001
v 2.600001 1.714841 1.648168
v 3.400001 1.714841 1.648168
v 2.600001 1.617505 1.502496
v 3.400001 1.617505 1.502495
v 2.600001 1.471833 1.405160
v 3.400001 1.471833 1.405160
v 2.600001 1.300000 2.320001
v 2.600001 1.491342 2.281941
v 3.400001 1.491342 2.281940
v 3.400001 1.300000 2.320001
v 2.600001 1.653553 2.173554
v 3.400001 1.653553 2.173554
v 2.600001 1.761940 2.011343
v 3.400001 1.761940 2.011343
v 2.600001 1.800000 1.820001
v 3.400001 1.800000 1.820001
v 2.600001 1.761940 1.628659
v 3.400001 1.761940 1.628659
v 2.600001 1.653553 1.466448
v 3.400001 1.653553 1.466447
v 2.600001 1.491342 1.358061
v 3.400001 1.491342 1.358061
v 2.600001 1.300000 1.320001
v 3.400001 1.300000 1.320001
v 2.640002 -0.000000 1.370001
v 3.360002 0.000000 1.370001
v 3.360002 0.000000 2.270001
v 2.640002 -0.000000 2.270001
v 3.320002 0.150000 1.468741
v 3.320002 0.150000 2.171261
v 2.680001 0.150000 1.468741
v 2.680002 0.150000 2.171261
vn 0.9995 -0.0308 -0.0000
vn -0.0000 0.1951 0.9808
vn -0.0000 0.5556 0.8315
vn -0.0000 0.8315 0.5556
vn -0.0000 0.9808 0.1951
vn -0.0000 0.9808 -0.1951
vn -0.0000 0.8315 -0.5556
vn -0.0000 0.1594 0.9872
vn -0.0000 0.5556 -0.8315
vn -0.0000 0.1951 -0.9808
vn -0.9994 0.0333 -0.0000
vn -0.9507 -0.1377 -0.2779
vn 0.9507 -0.1377 -0.2779
vn -1.0000 -0.0000 -0.0000
vn 1.0000 -0.0000 -0.0000
vn -0.9507 -0.1377 0.2779
vn 0.9507 -0.1377 0.2779
vn 0.7809 0.6247 -0.0000
vn -0.7809 0.6247 -0.0000
vn -0.0000 -0.5556 0.8315
vn -0.0000 -0.8315 0.5556
vn -0.0000 -0.9808 0.1951
vn -0.0000 -0.9808 -0.1951
vn -0.0000 -0.8315 -0.5556
vn -0.0000 -0.5556 -0.8315
vn -0.0000 0.1594 -0.9872
vn -0.0000 -1.0000 -0.0000
vn -0.0000 -0.0384 0.9993
vn -0.9995 -0.0308 -0.0000
vn -0.0000 -0.0384 -0.9993
vn -0.0000 1.0000 -0.0000
vn -0.0000 0.0366 0.9993
vn 0.9994 0.0333 -0.0000
vn -0.0000 0.0366 -0.9993
vt 0.000000 0.122863
vt 0.245819 0.122863
vt 0.233528 0.442576
vt 0.012291 0.442576
vt 0.491637 0.319798
vt 0.688292 0.319798
vt 0.688292 0.366396
vt 0.491637 0.366396
vt 0.688292 0.405109
vt 0.491637 0.405109
vt 0.000000 1.000000
vt 0.000000 0.803345
vt 0.039875 0.803345
vt 0.039875 1.000000
vt 0.086910 0.803345
vt 0.086910 1.000000
vt 0.133945 0.803345
vt 0.133945 1.000000
vt 0.173820 0.803345
vt 0.173820 1.000000
vt 0.009833 0.736839
vt 0.186822 0.736839
vt 0.196655 0.766557
vt 0.000000 0.766557
vt 0.688292 0.810219
vt 0.491637 0.810219
vt 0.491637 0.771506
vt 0.688292 0.771506
vt 0.491637 0.724908
vt 0.688292 0.724908
vt 0.882571 0.589199
vt 0.688292 0.589199
vt 0.699085 0.294599
vt 0.871778 0.294599
vt 0.470704 0.361937
vt 0.465867 0.331729
vt 0.491637 0.319714
vt 0.482281 0.366731
vt 0.220049 0.110847
vt 0.224885 0.080639
vt 0.236463 0.075845
vt 0.446777 0.397733
vt 0.455638 0.406591
vt 0.200958 0.044844
vt 0.209819 0.035986
vt 0.410968 0.421651
vt 0.415763 0.433224
vt 0.165149 0.020926
vt 0.169945 0.009352
vt 0.368728 0.430050
vt 0.368728 0.442576
vt 0.122909 0.012527
vt 0.122909 0.000000
vt 0.326488 0.421651
vt 0.321693 0.433224
vt 0.080670 0.020926
vt 0.075874 0.009352
vt 0.290679 0.397733
vt 0.281818 0.406591
vt 0.044861 0.044844
vt 0.035999 0.035986
vt 0.266752 0.361937
vt 0.255175 0.366731
vt 0.020934 0.080639
vt 0.009356 0.075845
vt 0.271588 0.331729
vt 0.245819 0.319714
vt 0.025770 0.110847
vt 0.196655 0.803345
vt 0.000000 0.803345
vt 0.209629 0.803345
vt 0.209629 1.000000
vt 0.251869 0.803345
vt 0.251869 1.000000
vt 0.294108 0.803345
vt 0.294108 1.000000
vt 0.329917 0.803345
vt 0.329917 1.000000
vt 0.393310 0.803345
vt 0.393310 0.766557
vt 0.206488 0.736839
vt 0.383477 0.736839
vt 0.865282 0.810436
vt 0.688292 0.810436
vt 0.688292 0.589199
vt 0.865282 0.589199
vt 0.501470 0.000000
vt 0.678459 0.000000
vt 0.258110 0.000000
vt 0.479346 0.000000
vt 0.501470 0.405109
vt 0.678459 0.405109
vt 0.329917 0.976038
vt 0.329917 0.803345
vt 0.487241 0.803345
vt 0.487241 0.976038
vt 0.019665 0.442577
vt 0.176989 0.442577
vt 0.688292 0.000000
vt 0.882571 0.000000
vt 0.871778 0.294599
vt 0.699085 0.294599
vt 0.216320 0.442576
vt 0.373644 0.442576
s 0
usemtl green_bin.001
f 6455/10338/2053 6441/10339/2053 6458/10340/2053 6457/10341/2053
f 6438/10342/2054 6441/10343/2054 6440/10344/2054 6439/10345/2054
f 6439/10345/2055 6440/10344/2055 6443/10346/2055 6442/10347/2055
f 6442/10348/2056 6443/10349/2056 6445/10350/2056 6444/10351/2056
f 6444/10351/2057 6445/10350/2057 6447/10352/2057 6446/10353/2057
f 6446/10353/2058 6447/10352/2058 6449/10354/2058 6448/10355/2058
f 6448/10355/2059 6449/10354/2059 6451/10356/2059 6450/10357/2059
f 6420/10358/2060 6421/10359/2060 6437/10360/2060 6436/10361/2060
f 6450/10362/2061 6451/10363/2061 6453/10364/2061 6452/10365/2061
f 6452/10365/2062 6453/10364/2062 6455/10366/2062 6454/10367/2062
f 6423/10368/2063 6421/10369/2063 6460/10370/2063 6461/10371/2063
f 6424/10372/2064 6422/10373/2064 6438/10374/2064 6439/10375/2064
f 6423/10376/2065 6425/10377/2065 6440/10378/2065 6441/10339/2065
f 6426/10379/2066 6424/10372/2066 6439/10375/2066 6442/10380/2066
f 6425/10377/2067 6427/10381/2067 6443/10382/2067 6440/10378/2067
f 6428/10383/2066 6426/10379/2066 6442/10380/2066 6444/10384/2066
f 6427/10381/2067 6429/10385/2067 6445/10386/2067 6443/10382/2067
f 6430/10387/2066 6428/10383/2066 6444/10384/2066 6446/10388/2066
f 6429/10385/2067 6431/10389/2067 6447/10390/2067 6445/10386/2067
f 6432/10391/2066 6430/10387/2066 6446/10388/2066 6448/10392/2066
f 6431/10389/2067 6433/10393/2067 6449/10394/2067 6447/10390/2067
f 6434/10395/2066 6432/10391/2066 6448/10392/2066 6450/10396/2066
f 6433/10393/2067 6435/10397/2067 6451/10398/2067 6449/10394/2067
f 6436/10399/2066 6434/10395/2066 6450/10396/2066 6452/10400/2066
f 6435/10397/2067 6437/10401/2067 6453/10402/2067 6451/10398/2067
f 6420/10403/2068 6436/10399/2068 6452/10400/2068 6454/10404/2068
f 6437/10401/2069 6421/10405/2069 6455/10338/2069 6453/10402/2069
f 6421/10405/2070 6423/10376/2070 6441/10339/2070 6455/10338/2070
f 6422/10373/2071 6420/10403/2071 6454/10404/2071 6438/10374/2071
f 6436/10361/2072 6437/10360/2072 6435/10406/2072 6434/10407/2072
f 6434/10357/2073 6435/10356/2073 6433/10408/2073 6432/10409/2073
f 6432/10409/2074 6433/10408/2074 6431/10410/2074 6430/10411/2074
f 6430/10411/2075 6431/10410/2075 6429/10412/2075 6428/10413/2075
f 6428/10413/2076 6429/10412/2076 6427/10414/2076 6426/10415/2076
f 6426/10416/2077 6427/10406/2077 6425/10360/2077 6424/10417/2077
f 6424/10417/2078 6425/10360/2078 6423/10418/2078 6422/10419/2078
f 6456/10420/2079 6457/10421/2079 6458/10422/2079 6459/10423/2079
f 6441/10343/2080 6438/10342/2080 6459/10424/2080 6458/10425/2080
f 6438/10374/2081 6454/10404/2081 6456/10426/2081 6459/10427/2081
f 6454/10367/2082 6455/10366/2082 6457/10428/2082 6456/10429/2082
f 6461/10430/2083 6460/10431/2083 6462/10432/2083 6463/10433/2083
f 6421/10359/2084 6420/10358/2084 6462/10434/2084 6460/10435/2084
f 6420/10436/2085 6422/10437/2085 6463/10438/2085 6462/10439/2085
f 6422/10419/2086 6423/10418/2086 6461/10440/2086 6463/10441/2086
o Cylinder.033
v 2.640001 1.350000 0.324833
v 3.360001 1.350000 0.324833
v 2.640001 1.350000 1.115168
v 3.360001 1.350000 1.115168
v 2.600001 1.471833 1.134841
v 3.400001 1.471833 1.134841
v 2.600001 1.617505 1.037506
v 3.400001 1.617505 1.037506
v 2.600001 1.714841 0.891833
v 3.400001 1.714841 0.891833
v 2.600001 1.749020 0.720001
v 3.400001 1.749020 0.720000
v 2.600001 1.714841 0.548168
v 3.400001 1.714841 0.548168
v 2.600001 1.617505 0.402495
v 3.400001 1.617505 0.402495
v 2.600001 1.471833 0.305160
v 3.400001 1.471833 0.305160
v 2.600001 1.300000 1.220001
v 2.600001 1.491342 1.181940
v 3.400001 1.491342 1.181940
v 3.400001 1.300000 1.220000
v 2.600001 1.653553 1.073554
v 3.400001 1.653553 1.073554
v 2.600001 1.761940 0.911342
v 3.400001 1.761940 0.911342
v 2.600001 1.800000 0.720001
v 3.400001 1.800000 0.720000
v 2.600001 1.761940 0.528659
v 3.400001 1.761940 0.528659
v 2.600001 1.653553 0.366447
v 3.400001 1.653553 0.366447
v 2.600001 1.491342 0.258061
v 3.400001 1.491342 0.258061
v 2.600001 1.300000 0.220001
v 3.400001 1.300000 0.220000
v 2.640002 -0.000000 0.270000
v 3.360002 0.000000 0.270000
v 3.360002 0.000000 1.170000
v 2.640002 -0.000000 1.170001
v 3.320002 0.150000 0.368741
v 3.320002 0.150000 1.071260
v 2.680001 0.150000 0.368741
v 2.680002 0.150000 1.071260
vn 0.9995 -0.0308 -0.0000
vn -0.0000 0.1951 0.9808
vn -0.0000 0.5556 0.8315
vn -0.0000 0.8315 0.5556
vn -0.0000 0.9808 0.1951
vn -0.0000 0.9808 -0.1951
vn -0.0000 0.8315 -0.5556
vn -0.0000 0.1594 0.9872
vn -0.0000 0.5556 -0.8315
vn -0.0000 0.1951 -0.9808
vn -0.9994 0.0333 -0.0000
vn -0.9507 -0.1377 -0.2779
vn 0.9507 -0.1377 -0.2779
vn -1.0000 -0.0000 -0.0000
vn 1.0000 -0.0000 -0.0000
vn -0.9507 -0.1377 0.2779
vn 0.9507 -0.1377 0.2779
vn 0.7809 0.6247 -0.0000
vn -0.7809 0.6247 -0.0000
vn -0.0000 -0.5556 0.8315
vn -0.0000 -0.8315 0.5556
vn -0.0000 -0.9808 0.1951
vn -0.0000 -0.9808 -0.1951
vn -0.0000 -0.8315 -0.5556
vn -0.0000 -0.5556 -0.8315
vn -0.0000 0.1594 -0.9872
vn -0.0000 -1.0000 -0.0000
vn -0.0000 -0.0384 0.9993
vn -0.9995 -0.0308 -0.0000
vn -0.0000 -0.0384 -0.9993
vn -0.0000 1.0000 -0.0000
vn -0.0000 0.0366 0.9993
vn 0.9994 0.0333 -0.0000
vn -0.0000 0.0366 -0.9993
vt 0.000000 0.122863
vt 0.245819 0.122863
vt 0.233528 0.442576
vt 0.012291 0.442576
vt 0.491637 0.319798
vt 0.688292 0.319798
vt 0.688292 0.366396
vt 0.491637 0.366396
vt 0.688292 0.405109
vt 0.491637 0.405109
vt 0.000000 1.000000
vt 0.000000 0.803345
vt 0.039875 0.803345
vt 0.039875 1.000000
vt 0.086910 0.803345
vt 0.086910 1.000000
vt 0.133945 0.803345
vt 0.133945 1.000000
vt 0.173820 0.803345
vt 0.173820 1.000000
vt 0.009833 0.736839
vt 0.186822 0.736839
vt 0.196655 0.766557
vt 0.000000 0.766557
vt 0.688292 0.810219
vt 0.491637 0.810219
vt 0.491637 0.771506
vt 0.688292 0.771506
vt 0.491637 0.724908
vt 0.688292 0.724908
vt 0.882571 0.589199
vt 0.688292 0.589199
vt 0.699085 0.294599
vt 0.871778 0.294599
vt 0.470704 0.361937
vt 0.465867 0.331729
vt 0.491637 0.319714
vt 0.482281 0.366731
vt 0.220049 0.110847
vt 0.224885 0.080639
vt 0.236463 0.075845
vt 0.446777 0.397733
vt 0.455638 0.406591
vt 0.200958 0.044844
vt 0.209819 0.035986
vt 0.410968 0.421651
vt 0.415763 0.433224
vt 0.165149 0.020926
vt 0.169945 0.009352
vt 0.368728 0.430050
vt 0.368728 0.442576
vt 0.122909 0.012527
vt 0.122909 0.000000
vt 0.326488 0.421651
vt 0.321693 0.433224
vt 0.080670 0.020926
vt 0.075874 0.009352
vt 0.290679 0.397733
vt 0.281818 0.406591
vt 0.044861 0.044844
vt 0.035999 0.035986
vt 0.266752 0.361937
vt 0.255175 0.366731
vt 0.020934 0.080639
vt 0.009356 0.075845
vt 0.271588 0.331729
vt 0.245819 0.319714
vt 0.025770 0.110847
vt 0.196655 0.803345
vt 0.000000 0.803345
vt 0.209629 0.803345
vt 0.209629 1.000000
vt 0.251869 0.803345
vt 0.251869 1.000000
vt 0.294108 0.803345
vt 0.294108 1.000000
vt 0.329917 0.803345
vt 0.329917 1.000000
vt 0.393310 0.803345
vt 0.393310 0.766557
vt 0.206488 0.736839
vt 0.383477 0.736839
vt 0.865282 0.810436
vt 0.688292 0.810436
vt 0.688292 0.589199
vt 0.865282 0.589199
vt 0.501470 0.000000
vt 0.678459 0.000000
vt 0.258110 0.000000
vt 0.479346 0.000000
vt 0.501470 0.405109
vt 0.678459 0.405109
vt 0.329917 0.976038
vt 0.329917 0.803345
vt 0.487241 0.803345
vt 0.487241 0.976038
vt 0.019665 0.442577
vt 0.176989 0.442577
vt 0.688292 0.000000
vt 0.882571 0.000000
vt 0.871778 0.294599
vt 0.699085 0.294599
vt 0.216320 0.442576
vt 0.373644 0.442576
s 0
usemtl blue_bin.001
f 6499/10442/2087 6485/10443/2087 6502/10444/2087 6501/10445/2087
f 6482/10446/2088 6485/10447/2088 6484/10448/2088 6483/10449/2088
f 6483/10449/2089 6484/10448/2089 6487/10450/2089 6486/10451/2089
f 6486/10452/2090 6487/10453/2090 6489/10454/2090 6488/10455/2090
f 6488/10455/2091 6489/10454/2091 6491/10456/2091 6490/10457/2091
f 6490/10457/2092 6491/10456/2092 6493/10458/2092 6492/10459/2092
f 6492/10459/2093 6493/10458/2093 6495/10460/2093 6494/10461/2093
f 6464/10462/2094 6465/10463/2094 6481/10464/2094 6480/10465/2094
f 6494/10466/2095 6495/10467/2095 6497/10468/2095 6496/10469/2095
f 6496/10469/2096 6497/10468/2096 6499/10470/2096 6498/10471/2096
f 6467/10472/2097 6465/10473/2097 6504/10474/2097 6505/10475/2097
f 6468/10476/2098 6466/10477/2098 6482/10478/2098 6483/10479/2098
f 6467/10480/2099 6469/10481/2099 6484/10482/2099 6485/10443/2099
f 6470/10483/2100 6468/10476/2100 6483/10479/2100 6486/10484/2100
f 6469/10481/2101 6471/10485/2101 6487/10486/2101 6484/10482/2101
f 6472/10487/2100 6470/10483/2100 6486/10484/2100 6488/10488/2100
f 6471/10485/2101 6473/10489/2101 6489/10490/2101 6487/10486/2101
f 6474/10491/2100 6472/10487/2100 6488/10488/2100 6490/10492/2100
f 6473/10489/2101 6475/10493/2101 6491/10494/2101 6489/10490/2101
f 6476/10495/2100 6474/10491/2100 6490/10492/2100 6492/10496/2100
f 6475/10493/2101 6477/10497/2101 6493/10498/2101 6491/10494/2101
f 6478/10499/2100 6476/10495/2100 6492/10496/2100 6494/10500/2100
f 6477/10497/2101 6479/10501/2101 6495/10502/2101 6493/10498/2101
f 6480/10503/2100 6478/10499/2100 6494/10500/2100 6496/10504/2100
f 6479/10501/2101 6481/10505/2101 6497/10506/2101 6495/10502/2101
f 6464/10507/2102 6480/10503/2102 6496/10504/2102 6498/10508/2102
f 6481/10505/2103 6465/10509/2103 6499/10442/2103 6497/10506/2103
f 6465/10509/2104 6467/10480/2104 6485/10443/2104 6499/10442/2104
f 6466/10477/2105 6464/10507/2105 6498/10508/2105 6482/10478/2105
f 6480/10465/2106 6481/10464/2106 6479/10510/2106 6478/10511/2106
f 6478/10461/2107 6479/10460/2107 6477/10512/2107 6476/10513/2107
f 6476/10513/2108 6477/10512/2108 6475/10514/2108 6474/10515/2108
f 6474/10515/2109 6475/10514/2109 6473/10516/2109 6472/10517/2109
f 6472/10517/2110 6473/10516/2110 6471/10518/2110 6470/10519/2110
f 6470/10520/2111 6471/10510/2111 6469/10464/2111 6468/10521/2111
f 6468/10521/2112 6469/10464/2112 6467/10522/2112 6466/10523/2112
f 6500/10524/2113 6501/10525/2113 6502/10526/2113 6503/10527/2113
f 6485/10447/2114 6482/10446/2114 6503/10528/2114 6502/10529/2114
f 6482/10478/2115 6498/10508/2115 6500/10530/2115 6503/10531/2115
f 6498/10471/2116 6499/10470/2116 6501/10532/2116 6500/10533/2116
f 6505/10534/2117 6504/10535/2117 6506/10536/2117 6507/10537/2117
f 6465/10463/2118 6464/10462/2118 6506/10538/2118 6504/10539/2118
f 6464/10540/2119 6466/10541/2119 6507/10542/2119 6506/10543/2119
f 6466/10523/2120 6467/10522/2120 6505/10544/2120 6507/10545/2120
o Plane.008
v -41.486034 -0.200812 -10.400000
v -13.181032 -0.200812 -10.400000
v -40.790825 3.454744 -10.400001
v -13.876244 3.454744 -10.400001
v -41.486034 0.761048 -10.400001
v -13.181032 0.761930 -10.400001
v -41.783981 0.765599 -10.400001
v -41.783981 0.345421 -10.400001
v -12.783770 0.345421 -10.400001
v -12.783770 0.765599 -10.400001
v -16.683989 3.706851 -10.400001
v -15.577467 3.786055 -10.400001
v -16.683989 3.786055 -10.400001
v -37.964085 3.706851 -10.400001
v -40.183167 -0.200812 -10.400000
v -39.073254 3.772375 -10.400001
v -37.964085 3.772375 -10.400001
v -41.287403 -0.326866 -10.400000
v -41.287403 -2.091616 -10.400000
v -40.183167 -1.587402 -10.400000
v -41.287403 -1.209241 -10.400000
v -41.287403 -0.459222 -10.400000
v -41.684666 -1.209241 -10.400000
v -41.684666 -0.459222 -10.400000
v -41.486034 -0.200812 -14.200000
v -13.181032 -0.200812 -14.200000
v -40.790825 3.454744 -14.200000
v -13.876244 3.454744 -14.200000
v -41.486034 0.761048 -14.200000
v -13.181032 0.761930 -14.200000
v -41.783981 0.765599 -14.200000
v -41.783981 0.345421 -14.200000
v -12.783770 0.345421 -14.200000
v -12.783770 0.765599 -14.200000
v -16.683989 3.706851 -14.200000
v -15.577467 3.786055 -14.200000
v -16.683989 3.786055 -14.200000
v -37.964085 3.706851 -14.200000
v -40.183167 -0.200812 -14.200000
v -39.073254 3.772375 -14.200000
v -37.964085 3.772375 -14.200000
v -41.287403 -0.326866 -14.200000
v -41.287403 -2.091616 -14.200000
v -40.183167 -1.587402 -14.200000
v -41.287403 -1.209241 -14.200000
v -41.287403 -0.459222 -14.200000
v -41.684666 -1.209241 -14.200000
v -41.684666 -0.459222 -14.200000
v -39.073254 4.276590 -11.350000
v -15.577467 4.290270 -11.350000
v -37.964085 4.276590 -11.350000
v -40.790825 3.454744 -11.350000
v -13.876244 3.454744 -11.350000
v -16.683989 4.290270 -11.350000
v -40.790825 3.454744 -13.250000
v -13.876244 3.454744 -13.250000
v -16.683989 4.290270 -13.250000
v -39.073254 4.276590 -13.250000
v -15.577467 4.290270 -13.250000
v -37.964085 4.276590 -13.250000
v -41.486034 -0.200812 -10.400000
v -13.181032 -0.200812 -10.400000
v -40.790825 3.454744 -10.400001
v -13.876244 3.454744 -10.400001
v -41.486034 0.761048 -10.400001
v -13.181032 0.761930 -10.400001
v -41.783981 0.765599 -10.400001
v -41.783981 0.345421 -10.400001
v -12.783770 0.345421 -10.400001
v -12.783770 0.765599 -10.400001
v -16.683989 3.706851 -10.400001
v -15.577467 3.786055 -10.400001
v -16.683989 3.786055 -10.400001
v -37.964085 3.706851 -10.400001
v -40.183167 -0.200812 -10.400000
v -39.073254 3.772375 -10.400001
v -37.964085 3.772375 -10.400001
v -41.287403 -0.326866 -10.400000
v -41.287403 -2.091616 -10.400000
v -40.183167 -1.587402 -10.400000
v -41.287403 -1.209241 -10.400000
v -41.287403 -0.459222 -10.400000
v -41.684666 -1.209241 -10.400000
v -41.684666 -0.459222 -10.400000
vn -0.0000 -1.0000 -0.0000
vn 0.3053 -0.9204 0.2443
vn -0.0000 1.0000 -0.0000
vn -1.0000 -0.0000 -0.0000
vn -0.0000 -0.8833 0.4688
vn -0.3146 -0.9175 0.2435
vn 1.0000 -0.0000 -0.0000
vn -0.8087 0.5882 -0.0000
vn -0.0153 -0.9999 -0.0000
vn -0.4154 0.9097 -0.0000
vn 0.8779 0.4789 -0.0000
vn 0.9683 -0.2499 -0.0000
vn 0.4316 -0.9021 -0.0000
vn -0.4408 -0.8976 -0.0000
vn 0.3053 -0.9204 -0.2443
vn -0.0000 -0.8833 -0.4688
vn -0.0000 -0.0000 1.0000
vn -0.3146 -0.9175 -0.2435
vn -0.9683 -0.2500 -0.0000
vn 0.0092 -1.0000 -0.0000
vn 0.5358 0.8443 -0.0000
vn -0.0000 -0.0000 -1.0000
vt 0.058906 0.809810
vt 0.105852 0.809912
vt 0.105844 0.828323
vt 0.058897 0.828222
vt 0.065576 0.809683
vt 0.065576 0.825890
vt 0.047705 0.826232
vt 0.046352 0.810920
vt 0.130864 0.581827
vt 0.036817 0.581827
vt 0.031310 0.592170
vt 0.136371 0.592170
vt 0.026985 0.678930
vt 0.026985 0.656764
vt 0.141254 0.656764
vt 0.141254 0.678930
vt 0.055433 0.824314
vt 0.057919 0.823423
vt 0.058746 0.828213
vt 0.056047 0.829918
vt 0.105911 0.820885
vt 0.105911 0.807507
vt 0.129331 0.809774
vt 0.127692 0.821500
vt 0.036817 0.633360
vt 0.036817 0.635553
vt 0.130864 0.635553
vt 0.130864 0.633360
vt 0.106795 0.823525
vt 0.109234 0.824664
vt 0.108556 0.829943
vt 0.105969 0.828317
vt 0.026985 0.636650
vt 0.141254 0.636650
vt 0.106860 0.814911
vt 0.109518 0.814246
vt 0.041598 0.656192
vt 0.041598 0.601363
vt 0.127250 0.601363
vt 0.127250 0.656192
vt 0.139584 0.652566
vt 0.028097 0.652566
vt 0.026840 0.659628
vt 0.140841 0.659627
vt 0.057874 0.814818
vt 0.058746 0.809819
vt 0.041598 0.542467
vt 0.127250 0.542467
vt 0.055253 0.813875
vt 0.105984 0.809919
vt 0.130864 0.643653
vt 0.036817 0.643653
vt 0.031966 0.650590
vt 0.135715 0.650590
vt 0.026840 0.808172
vt 0.055340 0.808172
vt 0.112341 0.808172
vt 0.140841 0.808172
vt 0.101347 0.825890
vt 0.101347 0.809683
vt 0.399459 0.661056
vt 0.335537 0.661056
vt 0.335537 0.641299
vt 0.399459 0.641299
vt 0.031310 0.632644
vt 0.136371 0.632644
vt 0.062310 0.820885
vt 0.062310 0.807507
vt 0.120570 0.810920
vt 0.119217 0.826232
vt 0.055950 0.808154
vt 0.943322 0.692964
vt 0.951027 0.693234
vt 0.951058 0.674588
vt 0.943393 0.650282
vt 0.938266 0.644643
vt 0.938276 0.638770
vt 0.948549 0.638860
vt 0.948604 0.605578
vt 0.938331 0.605488
vt 0.938396 0.566332
vt 0.909803 0.588457
vt 0.909701 0.649987
vt 0.211415 0.643878
vt 0.201102 0.668027
vt 0.201071 0.686672
vt 0.211344 0.686599
vt 0.229124 0.806250
vt 0.273094 0.821337
vt 0.301709 0.821587
vt 0.301715 0.818072
vt 0.852026 0.822887
vt 0.852021 0.825795
vt 0.880705 0.826046
vt 0.925145 0.812339
vt 0.040529 0.821500
vt 0.038890 0.809774
vt 0.112687 0.812448
vt 0.055552 0.812448
vt 0.026985 0.812448
vt 0.026985 0.705530
vt 0.141254 0.705530
vt 0.141254 0.812448
vt 0.028097 0.640841
vt 0.139584 0.640841
vt 0.108920 0.808154
vt 0.131582 0.548599
vt 0.036099 0.548599
vt 0.209553 0.683389
vt 0.227291 0.799807
vt 0.271555 0.813768
vt 0.300154 0.813927
vt 0.300158 0.811097
vt 0.848845 0.814138
vt 0.848840 0.817558
vt 0.877370 0.817716
vt 0.921258 0.803653
vt 0.939370 0.687472
vt 0.949613 0.687687
vt 0.949642 0.669543
vt 0.939437 0.645899
vt 0.243213 0.642041
vt 0.243309 0.582166
vt 0.214873 0.560235
vt 0.214811 0.598337
vt 0.204569 0.598281
vt 0.204516 0.630668
vt 0.214759 0.630724
vt 0.214750 0.636440
vt 0.209620 0.641854
vt 0.201900 0.665399
vt 0.201870 0.683543
s 0
usemtl main_engine
f 6518/10546/2121 6521/10547/2121 6545/10548/2121 6542/10549/2121
f 6565/10550/2122 6562/10551/2122 6534/10552/2122 6547/10553/2122
f 6528/10554/2123 6552/10555/2123 6554/10556/2123 6530/10557/2123
f 6541/10558/2124 6540/10559/2124 6516/10560/2124 6517/10561/2124
f 6566/10562/2125 6564/10563/2125 6544/10564/2125 6543/10565/2125
f 6563/10566/2126 6566/10567/2126 6543/10568/2126 6535/10569/2126
f 6553/10570/2127 6549/10571/2127 6525/10572/2127 6529/10573/2127
f 6567/10574/2125 6565/10575/2125 6547/10576/2125 6548/10577/2125
f 6516/10560/2128 6540/10559/2128 6533/10578/2128 6509/10579/2128
f 6565/10575/2121 6567/10574/2121 6558/10580/2121 6556/10581/2121
f 6546/10582/2124 6551/10583/2124 6527/10584/2124 6522/10585/2124
f 6514/10586/2129 6538/10587/2129 6536/10588/2129 6512/10589/2129
f 6518/10546/2127 6542/10549/2127 6544/10564/2127 6564/10563/2127 6561/10590/2127 6520/10591/2127
f 6527/10584/2130 6551/10583/2130 6550/10592/2130 6526/10593/2130
f 6561/10590/2121 6564/10563/2121 6566/10562/2121 6557/10594/2121
f 6521/10547/2124 6524/10595/2124 6558/10580/2124 6567/10574/2124 6548/10577/2124 6545/10548/2124
f 6508/10596/2131 6532/10597/2131 6539/10598/2131 6515/10599/2131
f 6512/10589/2132 6536/10588/2132 6534/10600/2132 6562/10601/2132 6559/10602/2132 6510/10603/2132
f 6559/10604/2133 6562/10551/2133 6565/10550/2133 6556/10605/2133
f 6522/10606/2123 6509/10607/2123 6533/10608/2123 6546/10609/2123
f 6530/10557/2127 6554/10556/2127 6555/10610/2127 6531/10611/2127
f 6566/10567/2134 6563/10566/2134 6560/10612/2134 6557/10613/2134
f 6531/10611/2121 6555/10610/2121 6553/10570/2121 6529/10573/2121
f 6523/10614/2135 6510/10615/2135 6559/10604/2135 6556/10605/2135
f 6519/10616/2136 6520/10591/2136 6561/10590/2136 6557/10594/2136
f 6536/10617/2137 6538/10618/2137 6539/10619/2137 6532/10620/2137 6549/10621/2137 6553/10622/2137 6555/10623/2137 6554/10624/2137 6552/10625/2137 6550/10626/2137 6551/10627/2137 6546/10628/2137 6533/10629/2137 6540/10630/2137 6541/10631/2137 6537/10632/2137 6535/10633/2137 6543/10634/2137 6544/10635/2137 6542/10636/2137 6545/10637/2137 6548/10638/2137 6547/10639/2137 6534/10640/2137
f 6511/10641/2138 6519/10642/2138 6557/10613/2138 6560/10612/2138
f 6560/10643/2139 6563/10644/2139 6535/10645/2139 6537/10646/2139 6513/10647/2139 6511/10648/2139
f 6539/10649/2127 6538/10587/2127 6514/10586/2127 6515/10650/2127
f 6524/10595/2136 6523/10651/2136 6556/10581/2136 6558/10580/2136
f 6528/10554/2127 6526/10652/2127 6550/10653/2127 6552/10555/2127
f 6517/10561/2140 6513/10647/2140 6537/10646/2140 6541/10558/2140
f 6508/10596/2141 6525/10572/2141 6549/10571/2141 6532/10597/2141
f 6572/10654/2142 6570/10655/2142 6583/10656/2142 6584/10657/2142 6581/10658/2142 6578/10659/2142 6580/10660/2142 6579/10661/2142 6571/10662/2142 6573/10663/2142 6577/10664/2142 6576/10665/2142 6569/10666/2142 6582/10667/2142 6587/10668/2142 6586/10669/2142 6588/10670/2142 6590/10671/2142 6591/10672/2142 6589/10673/2142 6585/10674/2142 6568/10675/2142 6575/10676/2142 6574/10677/2142
o Plane.009
v -0.050000 0.020957 0.040000
v 0.050000 0.020957 0.040000
v -0.050000 0.020957 -0.040000
v 0.050000 0.020957 -0.040000
vn -0.0000 1.0000 -0.0000
vt 0.000000 0.100000
vt 1.000000 0.100000
vt 1.000000 0.900000
vt 0.000000 0.900000
s 0
usemtl bimal
f 6592/10678/2143 6593/10679/2143 6595/10680/2143 6594/10681/2143
